g Body_01
v 0.247041 0.0854097 0.0565798 0.627451 0.627451 0.643137
v 0.00804095 0.0854097 0.0565798 0.627451 0.627451 0.643137
v 0.00804095 0.085622 0.0572316 0.627451 0.627451 0.643137
v 0.247041 0.085622 0.0572316 0.627451 0.627451 0.643137
v 0.00804095 0.0857891 0.0578965 0.627451 0.627451 0.643137
v 0.247041 0.0857891 0.0578965 0.627451 0.627451 0.643137
v 0.00804095 0.0859102 0.0585712 0.627451 0.627451 0.643137
v 0.247041 0.0859102 0.0585712 0.627451 0.627451 0.643137
v 0.00804095 0.0859848 0.0592527 0.627451 0.627451 0.643137
v 0.247041 0.0859848 0.0592527 0.627451 0.627451 0.643137
v 0.00804095 0.0860126 0.0599377 0.627451 0.627451 0.643137
v 0.247041 0.0860126 0.0599377 0.627451 0.627451 0.643137
v 0.00804095 0.0859934 0.0606229 0.627451 0.627451 0.643137
v 0.247041 0.0859934 0.0606229 0.627451 0.627451 0.643137
v 0.00804095 0.0859273 0.0613053 0.627451 0.627451 0.643137
v 0.247041 0.0859273 0.0613053 0.627451 0.627451 0.643137
v 0.00804095 0.0858145 0.0619815 0.627451 0.627451 0.643137
v 0.247041 0.0858145 0.0619815 0.627451 0.627451 0.643137
v 0.00804095 0.0856557 0.0626483 0.627451 0.627451 0.643137
v 0.247041 0.0856557 0.0626483 0.627451 0.627451 0.643137
v 0.00804095 0.0854516 0.0633028 0.627451 0.627451 0.643137
v 0.247041 0.0854516 0.0633028 0.627451 0.627451 0.643137
v 0.00804095 0.0852032 0.0639417 0.627451 0.627451 0.643137
v 0.247041 0.0852032 0.0639417 0.627451 0.627451 0.643137
v 0.00804095 0.0849115 0.0645621 0.627451 0.627451 0.643137
v 0.247041 0.0849115 0.0645621 0.627451 0.627451 0.643137
v 0.00804095 0.0845781 0.0651611 0.627451 0.627451 0.643137
v 0.247041 0.0845781 0.0651611 0.627451 0.627451 0.643137
v 0.00804095 0.0842043 0.0657358 0.627451 0.627451 0.643137
v 0.247041 0.0842043 0.0657358 0.627451 0.627451 0.643137
v 0.00804095 0.0837921 0.0662835 0.627451 0.627451 0.643137
v 0.247041 0.0837921 0.0662835 0.627451 0.627451 0.643137
v 0.00804095 0.0833433 0.0668017 0.627451 0.627451 0.643137
v 0.247041 0.0833433 0.0668017 0.627451 0.627451 0.643137
v 0.00804095 0.0828601 0.067288 0.627451 0.627451 0.643137
v 0.247041 0.0828601 0.067288 0.627451 0.627451 0.643137
v 0.00804095 0.0823447 0.06774 0.627451 0.627451 0.643137
v 0.247041 0.0823447 0.06774 0.627451 0.627451 0.643137
v 0.00804095 0.0817995 0.0681556 0.627451 0.627451 0.643137
v 0.247041 0.0817995 0.0681556 0.627451 0.627451 0.643137
v 0.00804095 0.0812272 0.0685329 0.627451 0.627451 0.643137
v 0.247041 0.0812272 0.0685329 0.627451 0.627451 0.643137
v 0.00804095 0.0806303 0.0688701 0.627451 0.627451 0.643137
v 0.247041 0.0806303 0.0688701 0.627451 0.627451 0.643137
v 0.00804095 0.0800117 0.0691656 0.627451 0.627451 0.643137
v 0.247041 0.0800117 0.0691656 0.627451 0.627451 0.643137
v 0.00804095 0.0793744 0.0694181 0.627451 0.627451 0.643137
v 0.247041 0.0793744 0.0694181 0.627451 0.627451 0.643137
v 0.00804095 0.0787212 0.0696262 0.627451 0.627451 0.643137
v 0.247041 0.0787212 0.0696262 0.627451 0.627451 0.643137
v 0.00804095 0.0780553 0.0697892 0.627451 0.627451 0.643137
v 0.247041 0.0780553 0.0697892 0.627451 0.627451 0.643137
v 0.00804095 0.0773798 0.0699061 0.627451 0.627451 0.643137
v 0.247041 0.0773798 0.0699061 0.627451 0.627451 0.643137
v 0.00804095 0.0766979 0.0699765 0.627451 0.627451 0.643137
v 0.247041 0.0766979 0.0699765 0.627451 0.627451 0.643137
v 0.00804095 0.0760128 0.07 0.627451 0.627451 0.643137
v 0.247041 0.0760128 0.07 0.627451 0.627451 0.643137
v 0.00804095 0.0742643 0.07 0.627451 0.627451 0.643137
v 0.247041 0.0742643 0.07 0.627451 0.627451 0.643137
v 0.00804095 0.0648674 0.0634202 0.627451 0.627451 0.643137
v 0.247041 0.0648674 0.0634202 0.627451 0.627451 0.643137
v 0.247041 0.065121 0.0640496 0.627451 0.627451 0.643137
v 0.00804095 0.065121 0.0640496 0.627451 0.627451 0.643137
v 0.247041 0.0654167 0.0646604 0.627451 0.627451 0.643137
v 0.00804095 0.0654167 0.0646604 0.627451 0.627451 0.643137
v 0.247041 0.0657531 0.0652498 0.627451 0.627451 0.643137
v 0.00804095 0.0657531 0.0652498 0.627451 0.627451 0.643137
v 0.247041 0.0661288 0.0658149 0.627451 0.627451 0.643137
v 0.00804095 0.0661288 0.0658149 0.627451 0.627451 0.643137
v 0.247041 0.0665419 0.0663533 0.627451 0.627451 0.643137
v 0.00804095 0.0665419 0.0663533 0.627451 0.627451 0.643137
v 0.247041 0.0669905 0.0668624 0.627451 0.627451 0.643137
v 0.00804095 0.0669905 0.0668624 0.627451 0.627451 0.643137
v 0.247041 0.0674727 0.0673399 0.627451 0.627451 0.643137
v 0.00804095 0.0674727 0.0673399 0.627451 0.627451 0.643137
v 0.247041 0.0679862 0.0677836 0.627451 0.627451 0.643137
v 0.00804095 0.0679862 0.0677836 0.627451 0.627451 0.643137
v 0.247041 0.0685285 0.0681915 0.627451 0.627451 0.643137
v 0.00804095 0.0685285 0.0681915 0.627451 0.627451 0.643137
v 0.247041 0.0690973 0.0685617 0.627451 0.627451 0.643137
v 0.00804095 0.0690973 0.0685617 0.627451 0.627451 0.643137
v 0.247041 0.0696898 0.0688924 0.627451 0.627451 0.643137
v 0.00804095 0.0696898 0.0688924 0.627451 0.627451 0.643137
v 0.247041 0.0703035 0.0691822 0.627451 0.627451 0.643137
v 0.00804095 0.0703035 0.0691822 0.627451 0.627451 0.643137
v 0.247041 0.0709353 0.0694296 0.627451 0.627451 0.643137
v 0.00804095 0.0709353 0.0694296 0.627451 0.627451 0.643137
v 0.247041 0.0715826 0.0696337 0.627451 0.627451 0.643137
v 0.00804095 0.0715826 0.0696337 0.627451 0.627451 0.643137
v 0.247041 0.0722421 0.0697934 0.627451 0.627451 0.643137
v 0.00804095 0.0722421 0.0697934 0.627451 0.627451 0.643137
v 0.247041 0.072911 0.069908 0.627451 0.627451 0.643137
v 0.00804095 0.072911 0.069908 0.627451 0.627451 0.643137
v 0.247041 0.0735861 0.069977 0.627451 0.627451 0.643137
v 0.00804095 0.0735861 0.069977 0.627451 0.627451 0.643137
v 0.00804095 0.0648164 0 0.627451 0.627451 0.643137
v 0.00804095 0.0417843 0 0.627451 0.627451 0.643137
v 0.247041 0.0417843 0 0.627451 0.627451 0.643137
v 0.247041 0.0648164 0 0.627451 0.627451 0.643137
vn -0 0.939693 -0.34202
vn -0 0.960917 -0.276836
vn -0 0.977626 -0.21035
vn -0 0.989741 -0.142876
vn -0 0.997204 -0.0747301
vn -0 0.999981 -0.00623328
vn 0 0.998058 0.0622928
vn 0 0.991445 0.130526
vn 0 0.980172 0.198146
vn 0 0.964294 0.264835
vn 0 0.943883 0.330279
vn 0 0.919037 0.394171
vn 0 0.889872 0.456211
vn 0 0.856525 0.516106
vn 0 0.819152 0.573576
vn 0 0.77793 0.628351
vn 0 0.733052 0.680173
vn 0 0.684729 0.728798
vn 0 0.633188 0.773998
vn 0 0.578671 0.815561
vn 0 0.521435 0.853291
vn 0 0.461749 0.887011
vn 0 0.399892 0.916562
vn 0 0.336156 0.941806
vn 0 0.27084 0.962624
vn 0 0.204252 0.978918
vn 0 0.136704 0.990612
vn 0 0.0685128 0.99765
vn 0 1.22465e-16 1
vn 0 -0.939693 0.34202
vn 0 -0.914333 0.404964
vn 0 -0.884762 0.466044
vn 0 -0.851117 0.524977
vn 0 -0.813552 0.581492
vn 0 -0.772241 0.63533
vn 0 -0.727374 0.686242
vn 0 -0.679157 0.733993
vn 0 -0.627812 0.778365
vn 0 -0.573576 0.819152
vn 0 -0.516699 0.856167
vn 0 -0.457443 0.889239
vn 0 -0.39608 0.918216
vn 0 -0.332893 0.942965
vn 0 -0.268173 0.963371
vn 0 -0.202218 0.979341
vn 0 -0.135331 0.9908
vn 0 -0.0678218 0.997697
vn 0 -2.44929e-16 1
vn -1 -0 0
vn 1 -0 -0
vn -0 -0 -1
vn -0 0.939693 -0.34202
vn -0 -0.939693 0.34202
vt 1.22173 0.247041
vt 1.22173 0.00804095
vt 1.2903 0.00804095
vt 1.2903 0.247041
vt 1.35886 0.00804095
vt 1.35886 0.247041
vt 1.42743 0.00804095
vt 1.42743 0.247041
vt 1.496 0.00804095
vt 1.496 0.247041
vt 1.56456 0.00804095
vt 1.56456 0.247041
vt 1.63313 0.00804095
vt 1.63313 0.247041
vt 1.7017 0.00804095
vt 1.7017 0.247041
vt 1.77026 0.00804095
vt 1.77026 0.247041
vt 1.83883 0.00804095
vt 1.83883 0.247041
vt 1.9074 0.00804095
vt 1.9074 0.247041
vt 1.97596 0.00804095
vt 1.97596 0.247041
vt 2.04453 0.00804095
vt 2.04453 0.247041
vt 2.1131 0.00804095
vt 2.1131 0.247041
vt 2.18166 0.00804095
vt 2.18166 0.247041
vt 2.25023 0.00804095
vt 2.25023 0.247041
vt 2.31879 0.00804095
vt 2.31879 0.247041
vt 2.38736 0.00804095
vt 2.38736 0.247041
vt 2.45593 0.00804095
vt 2.45593 0.247041
vt 2.52449 0.00804095
vt 2.52449 0.247041
vt 2.59306 0.00804095
vt 2.59306 0.247041
vt 2.66163 0.00804095
vt 2.66163 0.247041
vt 2.73019 0.00804095
vt 2.73019 0.247041
vt 2.79876 0.00804095
vt 2.79876 0.247041
vt 2.86733 0.00804095
vt 2.86733 0.247041
vt 2.93589 0.00804095
vt 2.93589 0.247041
vt 3.00446 0.00804095
vt 3.00446 0.247041
vt 3.07303 0.00804095
vt 3.07303 0.247041
vt 3.14159 0.00804095
vt 3.14159 0.247041
vt 0.247041 0.0760128
vt 0.00804095 0.0760128
vt 0.00804095 0.0742643
vt 0.247041 0.0742643
vt 5.06145 -0.00804095
vt 5.06145 -0.247041
vt 5.12933 -0.247041
vt 5.12933 -0.00804095
vt 5.1972 -0.247041
vt 5.1972 -0.00804095
vt 5.26508 -0.247041
vt 5.26508 -0.00804095
vt 5.33295 -0.247041
vt 5.33295 -0.00804095
vt 5.40082 -0.247041
vt 5.40082 -0.00804095
vt 5.4687 -0.247041
vt 5.4687 -0.00804095
vt 5.53657 -0.247041
vt 5.53657 -0.00804095
vt 5.60445 -0.247041
vt 5.60445 -0.00804095
vt 5.67232 -0.247041
vt 5.67232 -0.00804095
vt 5.74019 -0.247041
vt 5.74019 -0.00804095
vt 5.80807 -0.247041
vt 5.80807 -0.00804095
vt 5.87594 -0.247041
vt 5.87594 -0.00804095
vt 5.94382 -0.247041
vt 5.94382 -0.00804095
vt 6.01169 -0.247041
vt 6.01169 -0.00804095
vt 6.07956 -0.247041
vt 6.07956 -0.00804095
vt 6.14744 -0.247041
vt 6.14744 -0.00804095
vt 6.21531 -0.247041
vt 6.21531 -0.00804095
vt 6.28319 -0.247041
vt 6.28319 -0.00804095
vt 0 0.0416964
vt 0.0121035 0.0514727
vt 0.0127684 0.0513056
vt 0.0107473 0.0516685
vt 0.0114288 0.0515938
vt 0.00669721 0.0511353
vt 0.00735165 0.0513394
vt 0.00543789 0.0505952
vt 0.00605829 0.0508868
vt 0.00319827 0.049027
vt 0.00146709 0.0469108
vt 0.00184439 0.0474831
vt 0.0134202 0.0510934
vt 0.000366291 0.0372662
vt 0.000206594 0.0379257
vt 0.00937707 0.051677
vt 0.0100623 0.0516962
vt 0.00801854 0.0514982
vt 0.00869474 0.0516109
vt 0.00371649 0.0494757
vt 0.00226002 0.0480283
vt 0.00426424 0.049888
vt 0.000373758 0.0444048
vt 0.000581937 0.045058
vt 9.38801e-05 0.0430635
vt 0.000210817 0.043739
vt 0.000570353 0.036619
vt 0.00221635 0.0336698
vt 0.00180848 0.0342121
vt 0.0036467 0.0322255
vt 0.00313758 0.0326742
vt 0.00271202 0.0485437
vt 0.000834377 0.0456954
vt 0.00112989 0.0463139
vt 2.34976e-05 0.0423816
vt 9.1996e-05 0.0385946
vt 0.00110761 0.0353735
vt 0.000817839 0.0359871
vt 0.00143833 0.0347809
vt 0.00266007 0.0331563
vt 0.00483894 0.0502617
vt 0.00475023 0.0314367
vt 0.00418508 0.0318124
vt 2.30255e-05 0.0392697
vt 0.0065798 0.030551
vt 0.00595036 0.0308046
vt 0.00533956 0.0311003
vt 0 0.0399479
vt 0.07 0.0305
vt 0.07 0.00746791
vt -0.0134202 0.0510934
vt -9.1996e-05 0.0385946
vt -0.000206594 0.0379257
vt -0.00319827 0.049027
vt -0.00226002 0.0480283
vt -0.00184439 0.0474831
vt 0 0.0416964
vt -0.00669721 0.0511353
vt -0.00605829 0.0508868
vt -0.00801854 0.0514982
vt -0.00735165 0.0513394
vt -0.0121035 0.0514727
vt -0.0114288 0.0515938
vt -0.0127684 0.0513056
vt -0.00266007 0.0331563
vt -0.00313758 0.0326742
vt -0.00143833 0.0347809
vt -0.00180848 0.0342121
vt -0.000366291 0.0372662
vt -0.00426424 0.049888
vt -0.000373758 0.0444048
vt -0.000210817 0.043739
vt -0.000834377 0.0456954
vt -0.000581937 0.045058
vt -0.00271202 0.0485437
vt -0.00146709 0.0469108
vt -0.00371649 0.0494757
vt -0.00937707 0.051677
vt -0.00869474 0.0516109
vt -0.0107473 0.0516685
vt -0.0100623 0.0516962
vt -0.00221635 0.0336698
vt -0.00110761 0.0353735
vt -0.000570353 0.036619
vt -0.000817839 0.0359871
vt -2.30255e-05 0.0392697
vt -9.38801e-05 0.0430635
vt -2.34976e-05 0.0423816
vt -0.00112989 0.0463139
vt -0.0036467 0.0322255
vt -0.00418508 0.0318124
vt -0.00543789 0.0505952
vt -0.00483894 0.0502617
vt -0.00533956 0.0311003
vt -0.00595036 0.0308046
vt 0 0.0399479
vt -0.00475023 0.0314367
vt -0.0065798 0.030551
vt -0.07 0.00746791
vt -0.07 0.0305
vt 0.247041 0.0648164
vt 0.247041 0.0417843
vt 0.00804095 0.0417843
vt 0.00804095 0.0648164
vt 0.07 0.182
vt 0.07 -0.057
vt 0.00978904 -0.057
vt 0.00978904 0.182
vt -0.070182 -0.057
vt -0.070182 0.182
vt -0.00269162 0.182
vt -0.00269162 -0.057
f 1/1/1 2/2/1 3/3/2
f 4/4/2 3/3/2 5/5/3
f 6/6/3 5/5/3 7/7/4
f 8/8/4 7/7/4 9/9/5
f 10/10/5 9/9/5 11/11/6
f 12/12/6 11/11/6 13/13/7
f 14/14/7 13/13/7 15/15/8
f 16/16/8 15/15/8 17/17/9
f 18/18/9 17/17/9 19/19/10
f 20/20/10 19/19/10 21/21/11
f 22/22/11 21/21/11 23/23/12
f 24/24/12 23/23/12 25/25/13
f 26/26/13 25/25/13 27/27/14
f 28/28/14 27/27/14 29/29/15
f 30/30/15 29/29/15 31/31/16
f 32/32/16 31/31/16 33/33/17
f 34/34/17 33/33/17 35/35/18
f 36/36/18 35/35/18 37/37/19
f 38/38/19 37/37/19 39/39/20
f 40/40/20 39/39/20 41/41/21
f 42/42/21 41/41/21 43/43/22
f 44/44/22 43/43/22 45/45/23
f 46/46/23 45/45/23 47/47/24
f 48/48/24 47/47/24 49/49/25
f 50/50/25 49/49/25 51/51/26
f 52/52/26 51/51/26 53/53/27
f 54/54/27 53/53/27 55/55/28
f 56/56/28 55/55/28 57/57/29
f 57/57/29 58/58/29 56/56/28
f 55/55/28 56/56/28 54/54/27
f 53/53/27 54/54/27 52/52/26
f 51/51/26 52/52/26 50/50/25
f 49/49/25 50/50/25 48/48/24
f 47/47/24 48/48/24 46/46/23
f 45/45/23 46/46/23 44/44/22
f 43/43/22 44/44/22 42/42/21
f 41/41/21 42/42/21 40/40/20
f 39/39/20 40/40/20 38/38/19
f 37/37/19 38/38/19 36/36/18
f 35/35/18 36/36/18 34/34/17
f 33/33/17 34/34/17 32/32/16
f 31/31/16 32/32/16 30/30/15
f 29/29/15 30/30/15 28/28/14
f 27/27/14 28/28/14 26/26/13
f 25/25/13 26/26/13 24/24/12
f 23/23/12 24/24/12 22/22/11
f 21/21/11 22/22/11 20/20/10
f 19/19/10 20/20/10 18/18/9
f 17/17/9 18/18/9 16/16/8
f 15/15/8 16/16/8 14/14/7
f 13/13/7 14/14/7 12/12/6
f 11/11/6 12/12/6 10/10/5
f 9/9/5 10/10/5 8/8/4
f 7/7/4 8/8/4 6/6/3
f 5/5/3 6/6/3 4/4/2
f 3/3/2 4/4/2 1/1/1
f 58/59/29 57/60/29 59/61/29
f 59/61/29 60/62/29 58/59/29
f 61/63/30 62/64/30 63/65/31
f 64/66/31 63/65/31 65/67/32
f 66/68/32 65/67/32 67/69/33
f 68/70/33 67/69/33 69/71/34
f 70/72/34 69/71/34 71/73/35
f 72/74/35 71/73/35 73/75/36
f 74/76/36 73/75/36 75/77/37
f 76/78/37 75/77/37 77/79/38
f 78/80/38 77/79/38 79/81/39
f 80/82/39 79/81/39 81/83/40
f 82/84/40 81/83/40 83/85/41
f 84/86/41 83/85/41 85/87/42
f 86/88/42 85/87/42 87/89/43
f 88/90/43 87/89/43 89/91/44
f 90/92/44 89/91/44 91/93/45
f 92/94/45 91/93/45 93/95/46
f 94/96/46 93/95/46 95/97/47
f 96/98/47 95/97/47 60/99/48
f 60/99/48 59/100/48 96/98/47
f 95/97/47 96/98/47 94/96/46
f 93/95/46 94/96/46 92/94/45
f 91/93/45 92/94/45 90/92/44
f 89/91/44 90/92/44 88/90/43
f 87/89/43 88/90/43 86/88/42
f 85/87/42 86/88/42 84/86/41
f 83/85/41 84/86/41 82/84/40
f 81/83/40 82/84/40 80/82/39
f 79/81/39 80/82/39 78/80/38
f 77/79/38 78/80/38 76/78/37
f 75/77/37 76/78/37 74/76/36
f 73/75/36 74/76/36 72/74/35
f 71/73/35 72/74/35 70/72/34
f 69/71/34 70/72/34 68/70/33
f 67/69/33 68/70/33 66/68/32
f 65/67/32 66/68/32 64/66/31
f 63/65/31 64/66/31 61/63/30
f 57/101/49 5/102/49 3/103/49
f 57/101/49 9/104/49 7/105/49
f 57/101/49 21/106/49 19/107/49
f 57/101/49 25/108/49 23/109/49
f 33/110/49 41/111/49 39/112/49
f 2/113/49 90/114/49 92/115/49
f 7/105/49 5/102/49 57/101/49
f 57/101/49 13/116/49 11/117/49
f 57/101/49 17/118/49 15/119/49
f 23/109/49 21/106/49 57/101/49
f 41/111/49 33/110/49 31/120/49
f 39/112/49 37/121/49 33/110/49
f 29/122/49 49/123/49 47/124/49
f 29/122/49 53/125/49 51/126/49
f 2/113/49 88/127/49 90/114/49
f 2/113/49 78/128/49 80/129/49
f 2/113/49 72/130/49 74/131/49
f 11/117/49 9/104/49 57/101/49
f 19/107/49 17/118/49 57/101/49
f 37/121/49 35/132/49 33/110/49
f 29/122/49 45/133/49 43/134/49
f 51/126/49 49/123/49 29/122/49
f 29/122/49 57/101/49 55/135/49
f 92/115/49 94/136/49 2/113/49
f 2/113/49 84/137/49 86/138/49
f 80/129/49 82/139/49 2/113/49
f 74/131/49 76/140/49 2/113/49
f 15/119/49 13/116/49 57/101/49
f 57/101/49 29/122/49 27/141/49
f 43/134/49 41/111/49 29/122/49
f 55/135/49 53/125/49 29/122/49
f 86/138/49 88/127/49 2/113/49
f 76/140/49 78/128/49 2/113/49
f 2/113/49 68/142/49 70/143/49
f 27/141/49 25/108/49 57/101/49
f 47/124/49 45/133/49 29/122/49
f 94/136/49 96/144/49 2/113/49
f 70/143/49 72/130/49 2/113/49
f 2/113/49 61/145/49 64/146/49
f 31/120/49 29/122/49 41/111/49
f 82/139/49 84/137/49 2/113/49
f 64/146/49 66/147/49 2/113/49
f 2/113/49 59/148/49 57/101/49
f 66/147/49 68/142/49 2/113/49
f 96/144/49 59/148/49 2/113/49
f 61/145/49 2/113/49 97/149/49
f 97/149/49 98/150/49 61/145/49
f 3/103/49 2/113/49 57/101/49
f 1/151/50 93/152/50 91/153/50
f 34/154/50 38/155/50 40/156/50
f 58/157/50 22/158/50 24/159/50
f 58/157/50 18/160/50 20/161/50
f 58/157/50 6/162/50 8/163/50
f 58/157/50 1/151/50 4/164/50
f 1/151/50 75/165/50 73/166/50
f 1/151/50 81/167/50 79/168/50
f 91/153/50 89/169/50 1/151/50
f 30/170/50 50/171/50 52/172/50
f 30/170/50 46/173/50 48/174/50
f 34/154/50 36/175/50 38/155/50
f 42/176/50 30/170/50 32/177/50
f 20/161/50 22/158/50 58/157/50
f 58/157/50 14/178/50 16/179/50
f 58/157/50 10/180/50 12/181/50
f 4/164/50 6/162/50 58/157/50
f 1/151/50 77/182/50 75/165/50
f 1/151/50 83/183/50 81/167/50
f 1/151/50 87/184/50 85/185/50
f 1/151/50 95/186/50 93/152/50
f 30/170/50 54/187/50 56/188/50
f 48/174/50 50/171/50 30/170/50
f 30/170/50 42/176/50 44/189/50
f 32/177/50 34/154/50 42/176/50
f 16/179/50 18/160/50 58/157/50
f 8/163/50 10/180/50 58/157/50
f 1/151/50 71/190/50 69/191/50
f 79/168/50 77/182/50 1/151/50
f 89/169/50 87/184/50 1/151/50
f 52/172/50 54/187/50 30/170/50
f 40/156/50 42/176/50 34/154/50
f 58/157/50 26/192/50 28/193/50
f 12/181/50 14/178/50 58/157/50
f 1/151/50 65/194/50 63/195/50
f 73/166/50 71/190/50 1/151/50
f 1/151/50 60/196/50 95/186/50
f 44/189/50 46/173/50 30/170/50
f 24/159/50 26/192/50 58/157/50
f 1/151/50 67/197/50 65/194/50
f 85/185/50 83/183/50 1/151/50
f 28/193/50 30/170/50 58/157/50
f 69/191/50 67/197/50 1/151/50
f 56/188/50 58/157/50 30/170/50
f 62/198/50 99/199/50 100/200/50
f 58/157/50 60/196/50 1/151/50
f 63/195/50 62/198/50 1/151/50
f 100/200/50 1/151/50 62/198/50
f 100/201/51 99/202/51 98/203/51
f 98/203/51 97/204/51 100/201/51
f 100/205/52 97/206/52 2/207/52
f 2/207/52 1/208/52 100/205/52
f 98/209/53 99/210/53 62/211/53
f 62/211/53 61/212/53 98/209/53
g Body_01_(1)
v 0.647041 0.0854097 0.0565798 0.627451 0.627451 0.643137
v 0.408041 0.0854097 0.0565798 0.627451 0.627451 0.643137
v 0.408041 0.085622 0.0572316 0.627451 0.627451 0.643137
v 0.647041 0.085622 0.0572316 0.627451 0.627451 0.643137
v 0.408041 0.0857891 0.0578965 0.627451 0.627451 0.643137
v 0.647041 0.0857891 0.0578965 0.627451 0.627451 0.643137
v 0.408041 0.0859102 0.0585712 0.627451 0.627451 0.643137
v 0.647041 0.0859102 0.0585712 0.627451 0.627451 0.643137
v 0.408041 0.0859848 0.0592527 0.627451 0.627451 0.643137
v 0.647041 0.0859848 0.0592527 0.627451 0.627451 0.643137
v 0.408041 0.0860126 0.0599377 0.627451 0.627451 0.643137
v 0.647041 0.0860126 0.0599377 0.627451 0.627451 0.643137
v 0.408041 0.0859934 0.0606229 0.627451 0.627451 0.643137
v 0.647041 0.0859934 0.0606229 0.627451 0.627451 0.643137
v 0.408041 0.0859273 0.0613053 0.627451 0.627451 0.643137
v 0.647041 0.0859273 0.0613053 0.627451 0.627451 0.643137
v 0.408041 0.0858145 0.0619815 0.627451 0.627451 0.643137
v 0.647041 0.0858145 0.0619815 0.627451 0.627451 0.643137
v 0.408041 0.0856557 0.0626483 0.627451 0.627451 0.643137
v 0.647041 0.0856557 0.0626483 0.627451 0.627451 0.643137
v 0.408041 0.0854516 0.0633028 0.627451 0.627451 0.643137
v 0.647041 0.0854516 0.0633028 0.627451 0.627451 0.643137
v 0.408041 0.0852032 0.0639417 0.627451 0.627451 0.643137
v 0.647041 0.0852032 0.0639417 0.627451 0.627451 0.643137
v 0.408041 0.0849115 0.0645621 0.627451 0.627451 0.643137
v 0.647041 0.0849115 0.0645621 0.627451 0.627451 0.643137
v 0.408041 0.0845781 0.0651611 0.627451 0.627451 0.643137
v 0.647041 0.0845781 0.0651611 0.627451 0.627451 0.643137
v 0.408041 0.0842043 0.0657358 0.627451 0.627451 0.643137
v 0.647041 0.0842043 0.0657358 0.627451 0.627451 0.643137
v 0.408041 0.0837921 0.0662835 0.627451 0.627451 0.643137
v 0.647041 0.0837921 0.0662835 0.627451 0.627451 0.643137
v 0.408041 0.0833433 0.0668017 0.627451 0.627451 0.643137
v 0.647041 0.0833433 0.0668017 0.627451 0.627451 0.643137
v 0.408041 0.0828601 0.067288 0.627451 0.627451 0.643137
v 0.647041 0.0828601 0.067288 0.627451 0.627451 0.643137
v 0.408041 0.0823447 0.06774 0.627451 0.627451 0.643137
v 0.647041 0.0823447 0.06774 0.627451 0.627451 0.643137
v 0.408041 0.0817995 0.0681556 0.627451 0.627451 0.643137
v 0.647041 0.0817995 0.0681556 0.627451 0.627451 0.643137
v 0.408041 0.0812272 0.0685329 0.627451 0.627451 0.643137
v 0.647041 0.0812272 0.0685329 0.627451 0.627451 0.643137
v 0.408041 0.0806303 0.0688701 0.627451 0.627451 0.643137
v 0.647041 0.0806303 0.0688701 0.627451 0.627451 0.643137
v 0.408041 0.0800117 0.0691656 0.627451 0.627451 0.643137
v 0.647041 0.0800117 0.0691656 0.627451 0.627451 0.643137
v 0.408041 0.0793744 0.0694181 0.627451 0.627451 0.643137
v 0.647041 0.0793744 0.0694181 0.627451 0.627451 0.643137
v 0.408041 0.0787212 0.0696262 0.627451 0.627451 0.643137
v 0.647041 0.0787212 0.0696262 0.627451 0.627451 0.643137
v 0.408041 0.0780553 0.0697892 0.627451 0.627451 0.643137
v 0.647041 0.0780553 0.0697892 0.627451 0.627451 0.643137
v 0.408041 0.0773798 0.0699061 0.627451 0.627451 0.643137
v 0.647041 0.0773798 0.0699061 0.627451 0.627451 0.643137
v 0.408041 0.0766979 0.0699765 0.627451 0.627451 0.643137
v 0.647041 0.0766979 0.0699765 0.627451 0.627451 0.643137
v 0.408041 0.0760128 0.07 0.627451 0.627451 0.643137
v 0.647041 0.0760128 0.07 0.627451 0.627451 0.643137
v 0.408041 0.0742643 0.07 0.627451 0.627451 0.643137
v 0.647041 0.0742643 0.07 0.627451 0.627451 0.643137
v 0.408041 0.0648674 0.0634202 0.627451 0.627451 0.643137
v 0.647041 0.0648674 0.0634202 0.627451 0.627451 0.643137
v 0.647041 0.065121 0.0640496 0.627451 0.627451 0.643137
v 0.408041 0.065121 0.0640496 0.627451 0.627451 0.643137
v 0.647041 0.0654167 0.0646604 0.627451 0.627451 0.643137
v 0.408041 0.0654167 0.0646604 0.627451 0.627451 0.643137
v 0.647041 0.0657531 0.0652498 0.627451 0.627451 0.643137
v 0.408041 0.0657531 0.0652498 0.627451 0.627451 0.643137
v 0.647041 0.0661288 0.0658149 0.627451 0.627451 0.643137
v 0.408041 0.0661288 0.0658149 0.627451 0.627451 0.643137
v 0.647041 0.0665419 0.0663533 0.627451 0.627451 0.643137
v 0.408041 0.0665419 0.0663533 0.627451 0.627451 0.643137
v 0.647041 0.0669905 0.0668624 0.627451 0.627451 0.643137
v 0.408041 0.0669905 0.0668624 0.627451 0.627451 0.643137
v 0.647041 0.0674727 0.0673399 0.627451 0.627451 0.643137
v 0.408041 0.0674727 0.0673399 0.627451 0.627451 0.643137
v 0.647041 0.0679862 0.0677836 0.627451 0.627451 0.643137
v 0.408041 0.0679862 0.0677836 0.627451 0.627451 0.643137
v 0.647041 0.0685285 0.0681915 0.627451 0.627451 0.643137
v 0.408041 0.0685285 0.0681915 0.627451 0.627451 0.643137
v 0.647041 0.0690973 0.0685617 0.627451 0.627451 0.643137
v 0.408041 0.0690973 0.0685617 0.627451 0.627451 0.643137
v 0.647041 0.0696898 0.0688924 0.627451 0.627451 0.643137
v 0.408041 0.0696898 0.0688924 0.627451 0.627451 0.643137
v 0.647041 0.0703035 0.0691822 0.627451 0.627451 0.643137
v 0.408041 0.0703035 0.0691822 0.627451 0.627451 0.643137
v 0.647041 0.0709353 0.0694296 0.627451 0.627451 0.643137
v 0.408041 0.0709353 0.0694296 0.627451 0.627451 0.643137
v 0.647041 0.0715826 0.0696337 0.627451 0.627451 0.643137
v 0.408041 0.0715826 0.0696337 0.627451 0.627451 0.643137
v 0.647041 0.0722421 0.0697934 0.627451 0.627451 0.643137
v 0.408041 0.0722421 0.0697934 0.627451 0.627451 0.643137
v 0.647041 0.072911 0.069908 0.627451 0.627451 0.643137
v 0.408041 0.072911 0.069908 0.627451 0.627451 0.643137
v 0.647041 0.0735861 0.069977 0.627451 0.627451 0.643137
v 0.408041 0.0735861 0.069977 0.627451 0.627451 0.643137
v 0.408041 0.0648164 0 0.627451 0.627451 0.643137
v 0.408041 0.0417843 0 0.627451 0.627451 0.643137
v 0.647041 0.0417843 0 0.627451 0.627451 0.643137
v 0.647041 0.0648164 0 0.627451 0.627451 0.643137
vn -0 0.939693 -0.34202
vn -0 0.960917 -0.276836
vn -0 0.977626 -0.21035
vn -0 0.989741 -0.142876
vn -0 0.997204 -0.0747301
vn -0 0.999981 -0.00623328
vn 0 0.998058 0.0622928
vn 0 0.991445 0.130526
vn 0 0.980172 0.198146
vn 0 0.964294 0.264835
vn 0 0.943883 0.330279
vn 0 0.919037 0.394171
vn 0 0.889872 0.456211
vn 0 0.856525 0.516106
vn 0 0.819152 0.573576
vn 0 0.77793 0.628351
vn 0 0.733052 0.680173
vn 0 0.684729 0.728798
vn 0 0.633188 0.773998
vn 0 0.578671 0.815561
vn 0 0.521435 0.853291
vn 0 0.461749 0.887011
vn 0 0.399892 0.916562
vn 0 0.336156 0.941806
vn 0 0.27084 0.962624
vn 0 0.204252 0.978918
vn 0 0.136704 0.990612
vn 0 0.0685128 0.99765
vn 0 1.22465e-16 1
vn 0 -0.939693 0.34202
vn 0 -0.914333 0.404964
vn 0 -0.884762 0.466044
vn 0 -0.851117 0.524977
vn 0 -0.813552 0.581492
vn 0 -0.772241 0.63533
vn 0 -0.727374 0.686242
vn 0 -0.679157 0.733993
vn 0 -0.627812 0.778365
vn 0 -0.573576 0.819152
vn 0 -0.516699 0.856167
vn 0 -0.457443 0.889239
vn 0 -0.39608 0.918216
vn 0 -0.332893 0.942965
vn 0 -0.268173 0.963371
vn 0 -0.202218 0.979341
vn 0 -0.135331 0.9908
vn 0 -0.0678218 0.997697
vn 0 -2.44929e-16 1
vn -1 -0 0
vn 1 -0 -0
vn -0 -0 -1
vn -0 0.939693 -0.34202
vn -0 -0.939693 0.34202
vt 1.22173 0.247041
vt 1.22173 0.00804095
vt 1.2903 0.00804095
vt 1.2903 0.247041
vt 1.35886 0.00804095
vt 1.35886 0.247041
vt 1.42743 0.00804095
vt 1.42743 0.247041
vt 1.496 0.00804095
vt 1.496 0.247041
vt 1.56456 0.00804095
vt 1.56456 0.247041
vt 1.63313 0.00804095
vt 1.63313 0.247041
vt 1.7017 0.00804095
vt 1.7017 0.247041
vt 1.77026 0.00804095
vt 1.77026 0.247041
vt 1.83883 0.00804095
vt 1.83883 0.247041
vt 1.9074 0.00804095
vt 1.9074 0.247041
vt 1.97596 0.00804095
vt 1.97596 0.247041
vt 2.04453 0.00804095
vt 2.04453 0.247041
vt 2.1131 0.00804095
vt 2.1131 0.247041
vt 2.18166 0.00804095
vt 2.18166 0.247041
vt 2.25023 0.00804095
vt 2.25023 0.247041
vt 2.31879 0.00804095
vt 2.31879 0.247041
vt 2.38736 0.00804095
vt 2.38736 0.247041
vt 2.45593 0.00804095
vt 2.45593 0.247041
vt 2.52449 0.00804095
vt 2.52449 0.247041
vt 2.59306 0.00804095
vt 2.59306 0.247041
vt 2.66163 0.00804095
vt 2.66163 0.247041
vt 2.73019 0.00804095
vt 2.73019 0.247041
vt 2.79876 0.00804095
vt 2.79876 0.247041
vt 2.86733 0.00804095
vt 2.86733 0.247041
vt 2.93589 0.00804095
vt 2.93589 0.247041
vt 3.00446 0.00804095
vt 3.00446 0.247041
vt 3.07303 0.00804095
vt 3.07303 0.247041
vt 3.14159 0.00804095
vt 3.14159 0.247041
vt 0.247041 0.0760128
vt 0.00804095 0.0760128
vt 0.00804095 0.0742643
vt 0.247041 0.0742643
vt 5.06145 -0.00804095
vt 5.06145 -0.247041
vt 5.12933 -0.247041
vt 5.12933 -0.00804095
vt 5.1972 -0.247041
vt 5.1972 -0.00804095
vt 5.26508 -0.247041
vt 5.26508 -0.00804095
vt 5.33295 -0.247041
vt 5.33295 -0.00804095
vt 5.40082 -0.247041
vt 5.40082 -0.00804095
vt 5.4687 -0.247041
vt 5.4687 -0.00804095
vt 5.53657 -0.247041
vt 5.53657 -0.00804095
vt 5.60445 -0.247041
vt 5.60445 -0.00804095
vt 5.67232 -0.247041
vt 5.67232 -0.00804095
vt 5.74019 -0.247041
vt 5.74019 -0.00804095
vt 5.80807 -0.247041
vt 5.80807 -0.00804095
vt 5.87594 -0.247041
vt 5.87594 -0.00804095
vt 5.94382 -0.247041
vt 5.94382 -0.00804095
vt 6.01169 -0.247041
vt 6.01169 -0.00804095
vt 6.07956 -0.247041
vt 6.07956 -0.00804095
vt 6.14744 -0.247041
vt 6.14744 -0.00804095
vt 6.21531 -0.247041
vt 6.21531 -0.00804095
vt 6.28319 -0.247041
vt 6.28319 -0.00804095
vt 0 0.0416964
vt 0.0121035 0.0514727
vt 0.0127684 0.0513056
vt 0.0107473 0.0516685
vt 0.0114288 0.0515938
vt 0.00669721 0.0511353
vt 0.00735165 0.0513394
vt 0.00543789 0.0505952
vt 0.00605829 0.0508868
vt 0.00319827 0.049027
vt 0.00146709 0.0469108
vt 0.00184439 0.0474831
vt 0.0134202 0.0510934
vt 0.000366291 0.0372662
vt 0.000206594 0.0379257
vt 0.00937707 0.051677
vt 0.0100623 0.0516962
vt 0.00801854 0.0514982
vt 0.00869474 0.0516109
vt 0.00371649 0.0494757
vt 0.00226002 0.0480283
vt 0.00426424 0.049888
vt 0.000373758 0.0444048
vt 0.000581937 0.045058
vt 9.38801e-05 0.0430635
vt 0.000210817 0.043739
vt 0.000570353 0.036619
vt 0.00221635 0.0336698
vt 0.00180848 0.0342121
vt 0.0036467 0.0322255
vt 0.00313758 0.0326742
vt 0.00271202 0.0485437
vt 0.000834377 0.0456954
vt 0.00112989 0.0463139
vt 2.34976e-05 0.0423816
vt 9.1996e-05 0.0385946
vt 0.00110761 0.0353735
vt 0.000817839 0.0359871
vt 0.00143833 0.0347809
vt 0.00266007 0.0331563
vt 0.00483894 0.0502617
vt 0.00475023 0.0314367
vt 0.00418508 0.0318124
vt 2.30255e-05 0.0392697
vt 0.0065798 0.030551
vt 0.00595036 0.0308046
vt 0.00533956 0.0311003
vt 0 0.0399479
vt 0.07 0.0305
vt 0.07 0.00746791
vt -0.0134202 0.0510934
vt -9.1996e-05 0.0385946
vt -0.000206594 0.0379257
vt -0.00319827 0.049027
vt -0.00226002 0.0480283
vt -0.00184439 0.0474831
vt 0 0.0416964
vt -0.00669721 0.0511353
vt -0.00605829 0.0508868
vt -0.00801854 0.0514982
vt -0.00735165 0.0513394
vt -0.0121035 0.0514727
vt -0.0114288 0.0515938
vt -0.0127684 0.0513056
vt -0.00266007 0.0331563
vt -0.00313758 0.0326742
vt -0.00143833 0.0347809
vt -0.00180848 0.0342121
vt -0.000366291 0.0372662
vt -0.00426424 0.049888
vt -0.000373758 0.0444048
vt -0.000210817 0.043739
vt -0.000834377 0.0456954
vt -0.000581937 0.045058
vt -0.00271202 0.0485437
vt -0.00146709 0.0469108
vt -0.00371649 0.0494757
vt -0.00937707 0.051677
vt -0.00869474 0.0516109
vt -0.0107473 0.0516685
vt -0.0100623 0.0516962
vt -0.00221635 0.0336698
vt -0.00110761 0.0353735
vt -0.000570353 0.036619
vt -0.000817839 0.0359871
vt -2.30255e-05 0.0392697
vt -9.38801e-05 0.0430635
vt -2.34976e-05 0.0423816
vt -0.00112989 0.0463139
vt -0.0036467 0.0322255
vt -0.00418508 0.0318124
vt -0.00543789 0.0505952
vt -0.00483894 0.0502617
vt -0.00533956 0.0311003
vt -0.00595036 0.0308046
vt 0 0.0399479
vt -0.00475023 0.0314367
vt -0.0065798 0.030551
vt -0.07 0.00746791
vt -0.07 0.0305
vt 0.247041 0.0648164
vt 0.247041 0.0417843
vt 0.00804095 0.0417843
vt 0.00804095 0.0648164
vt 0.07 0.182
vt 0.07 -0.057
vt 0.00978904 -0.057
vt 0.00978904 0.182
vt -0.070182 -0.057
vt -0.070182 0.182
vt -0.00269162 0.182
vt -0.00269162 -0.057
f 101/213/54 102/214/54 103/215/55
f 104/216/55 103/215/55 105/217/56
f 106/218/56 105/217/56 107/219/57
f 108/220/57 107/219/57 109/221/58
f 110/222/58 109/221/58 111/223/59
f 112/224/59 111/223/59 113/225/60
f 114/226/60 113/225/60 115/227/61
f 116/228/61 115/227/61 117/229/62
f 118/230/62 117/229/62 119/231/63
f 120/232/63 119/231/63 121/233/64
f 122/234/64 121/233/64 123/235/65
f 124/236/65 123/235/65 125/237/66
f 126/238/66 125/237/66 127/239/67
f 128/240/67 127/239/67 129/241/68
f 130/242/68 129/241/68 131/243/69
f 132/244/69 131/243/69 133/245/70
f 134/246/70 133/245/70 135/247/71
f 136/248/71 135/247/71 137/249/72
f 138/250/72 137/249/72 139/251/73
f 140/252/73 139/251/73 141/253/74
f 142/254/74 141/253/74 143/255/75
f 144/256/75 143/255/75 145/257/76
f 146/258/76 145/257/76 147/259/77
f 148/260/77 147/259/77 149/261/78
f 150/262/78 149/261/78 151/263/79
f 152/264/79 151/263/79 153/265/80
f 154/266/80 153/265/80 155/267/81
f 156/268/81 155/267/81 157/269/82
f 157/269/82 158/270/82 156/268/81
f 155/267/81 156/268/81 154/266/80
f 153/265/80 154/266/80 152/264/79
f 151/263/79 152/264/79 150/262/78
f 149/261/78 150/262/78 148/260/77
f 147/259/77 148/260/77 146/258/76
f 145/257/76 146/258/76 144/256/75
f 143/255/75 144/256/75 142/254/74
f 141/253/74 142/254/74 140/252/73
f 139/251/73 140/252/73 138/250/72
f 137/249/72 138/250/72 136/248/71
f 135/247/71 136/248/71 134/246/70
f 133/245/70 134/246/70 132/244/69
f 131/243/69 132/244/69 130/242/68
f 129/241/68 130/242/68 128/240/67
f 127/239/67 128/240/67 126/238/66
f 125/237/66 126/238/66 124/236/65
f 123/235/65 124/236/65 122/234/64
f 121/233/64 122/234/64 120/232/63
f 119/231/63 120/232/63 118/230/62
f 117/229/62 118/230/62 116/228/61
f 115/227/61 116/228/61 114/226/60
f 113/225/60 114/226/60 112/224/59
f 111/223/59 112/224/59 110/222/58
f 109/221/58 110/222/58 108/220/57
f 107/219/57 108/220/57 106/218/56
f 105/217/56 106/218/56 104/216/55
f 103/215/55 104/216/55 101/213/54
f 158/271/82 157/272/82 159/273/82
f 159/273/82 160/274/82 158/271/82
f 161/275/83 162/276/83 163/277/84
f 164/278/84 163/277/84 165/279/85
f 166/280/85 165/279/85 167/281/86
f 168/282/86 167/281/86 169/283/87
f 170/284/87 169/283/87 171/285/88
f 172/286/88 171/285/88 173/287/89
f 174/288/89 173/287/89 175/289/90
f 176/290/90 175/289/90 177/291/91
f 178/292/91 177/291/91 179/293/92
f 180/294/92 179/293/92 181/295/93
f 182/296/93 181/295/93 183/297/94
f 184/298/94 183/297/94 185/299/95
f 186/300/95 185/299/95 187/301/96
f 188/302/96 187/301/96 189/303/97
f 190/304/97 189/303/97 191/305/98
f 192/306/98 191/305/98 193/307/99
f 194/308/99 193/307/99 195/309/100
f 196/310/100 195/309/100 160/311/101
f 160/311/101 159/312/101 196/310/100
f 195/309/100 196/310/100 194/308/99
f 193/307/99 194/308/99 192/306/98
f 191/305/98 192/306/98 190/304/97
f 189/303/97 190/304/97 188/302/96
f 187/301/96 188/302/96 186/300/95
f 185/299/95 186/300/95 184/298/94
f 183/297/94 184/298/94 182/296/93
f 181/295/93 182/296/93 180/294/92
f 179/293/92 180/294/92 178/292/91
f 177/291/91 178/292/91 176/290/90
f 175/289/90 176/290/90 174/288/89
f 173/287/89 174/288/89 172/286/88
f 171/285/88 172/286/88 170/284/87
f 169/283/87 170/284/87 168/282/86
f 167/281/86 168/282/86 166/280/85
f 165/279/85 166/280/85 164/278/84
f 163/277/84 164/278/84 161/275/83
f 157/313/102 105/314/102 103/315/102
f 157/313/102 109/316/102 107/317/102
f 157/313/102 121/318/102 119/319/102
f 157/313/102 125/320/102 123/321/102
f 133/322/102 141/323/102 139/324/102
f 102/325/102 190/326/102 192/327/102
f 107/317/102 105/314/102 157/313/102
f 157/313/102 113/328/102 111/329/102
f 157/313/102 117/330/102 115/331/102
f 123/321/102 121/318/102 157/313/102
f 141/323/102 133/322/102 131/332/102
f 139/324/102 137/333/102 133/322/102
f 129/334/102 149/335/102 147/336/102
f 129/334/102 153/337/102 151/338/102
f 102/325/102 188/339/102 190/326/102
f 102/325/102 178/340/102 180/341/102
f 102/325/102 172/342/102 174/343/102
f 111/329/102 109/316/102 157/313/102
f 119/319/102 117/330/102 157/313/102
f 137/333/102 135/344/102 133/322/102
f 129/334/102 145/345/102 143/346/102
f 151/338/102 149/335/102 129/334/102
f 129/334/102 157/313/102 155/347/102
f 192/327/102 194/348/102 102/325/102
f 102/325/102 184/349/102 186/350/102
f 180/341/102 182/351/102 102/325/102
f 174/343/102 176/352/102 102/325/102
f 115/331/102 113/328/102 157/313/102
f 157/313/102 129/334/102 127/353/102
f 143/346/102 141/323/102 129/334/102
f 155/347/102 153/337/102 129/334/102
f 186/350/102 188/339/102 102/325/102
f 176/352/102 178/340/102 102/325/102
f 102/325/102 168/354/102 170/355/102
f 127/353/102 125/320/102 157/313/102
f 147/336/102 145/345/102 129/334/102
f 194/348/102 196/356/102 102/325/102
f 170/355/102 172/342/102 102/325/102
f 102/325/102 161/357/102 164/358/102
f 131/332/102 129/334/102 141/323/102
f 182/351/102 184/349/102 102/325/102
f 164/358/102 166/359/102 102/325/102
f 102/325/102 159/360/102 157/313/102
f 166/359/102 168/354/102 102/325/102
f 196/356/102 159/360/102 102/325/102
f 161/357/102 102/325/102 197/361/102
f 197/361/102 198/362/102 161/357/102
f 103/315/102 102/325/102 157/313/102
f 101/363/103 193/364/103 191/365/103
f 134/366/103 138/367/103 140/368/103
f 158/369/103 122/370/103 124/371/103
f 158/369/103 118/372/103 120/373/103
f 158/369/103 106/374/103 108/375/103
f 158/369/103 101/363/103 104/376/103
f 101/363/103 175/377/103 173/378/103
f 101/363/103 181/379/103 179/380/103
f 191/365/103 189/381/103 101/363/103
f 130/382/103 150/383/103 152/384/103
f 130/382/103 146/385/103 148/386/103
f 134/366/103 136/387/103 138/367/103
f 142/388/103 130/382/103 132/389/103
f 120/373/103 122/370/103 158/369/103
f 158/369/103 114/390/103 116/391/103
f 158/369/103 110/392/103 112/393/103
f 104/376/103 106/374/103 158/369/103
f 101/363/103 177/394/103 175/377/103
f 101/363/103 183/395/103 181/379/103
f 101/363/103 187/396/103 185/397/103
f 101/363/103 195/398/103 193/364/103
f 130/382/103 154/399/103 156/400/103
f 148/386/103 150/383/103 130/382/103
f 130/382/103 142/388/103 144/401/103
f 132/389/103 134/366/103 142/388/103
f 116/391/103 118/372/103 158/369/103
f 108/375/103 110/392/103 158/369/103
f 101/363/103 171/402/103 169/403/103
f 179/380/103 177/394/103 101/363/103
f 189/381/103 187/396/103 101/363/103
f 152/384/103 154/399/103 130/382/103
f 140/368/103 142/388/103 134/366/103
f 158/369/103 126/404/103 128/405/103
f 112/393/103 114/390/103 158/369/103
f 101/363/103 165/406/103 163/407/103
f 173/378/103 171/402/103 101/363/103
f 101/363/103 160/408/103 195/398/103
f 144/401/103 146/385/103 130/382/103
f 124/371/103 126/404/103 158/369/103
f 101/363/103 167/409/103 165/406/103
f 185/397/103 183/395/103 101/363/103
f 128/405/103 130/382/103 158/369/103
f 169/403/103 167/409/103 101/363/103
f 156/400/103 158/369/103 130/382/103
f 162/410/103 199/411/103 200/412/103
f 158/369/103 160/408/103 101/363/103
f 163/407/103 162/410/103 101/363/103
f 200/412/103 101/363/103 162/410/103
f 200/413/104 199/414/104 198/415/104
f 198/415/104 197/416/104 200/413/104
f 200/417/105 197/418/105 102/419/105
f 102/419/105 101/420/105 200/417/105
f 198/421/106 199/422/106 162/423/106
f 162/423/106 161/424/106 198/421/106
g Body_11_(1)
v 2.6172 0.205867 0.136158 0.627451 0.627451 0.643137
v 2.5782 0.205867 0.136158 0.627451 0.627451 0.643137
v 2.5782 0.204678 0.130942 0.627451 0.627451 0.643137
v 2.6172 0.204678 0.130942 0.627451 0.627451 0.643137
v 2.5782 0.203844 0.125658 0.627451 0.627451 0.643137
v 2.6172 0.203844 0.125658 0.627451 0.627451 0.643137
v 2.5782 0.20337 0.120329 0.627451 0.627451 0.643137
v 2.6172 0.20337 0.120329 0.627451 0.627451 0.643137
v 2.5782 0.203258 0.11498 0.627451 0.627451 0.643137
v 2.6172 0.203258 0.11498 0.627451 0.627451 0.643137
v 2.5782 0.203508 0.109636 0.627451 0.627451 0.643137
v 2.6172 0.203508 0.109636 0.627451 0.627451 0.643137
v 2.5782 0.20412 0.104321 0.627451 0.627451 0.643137
v 2.6172 0.20412 0.104321 0.627451 0.627451 0.643137
v 2.5782 0.205089 0.0990595 0.627451 0.627451 0.643137
v 2.6172 0.205089 0.0990595 0.627451 0.627451 0.643137
v 2.5782 0.206413 0.0938758 0.627451 0.627451 0.643137
v 2.6172 0.206413 0.0938758 0.627451 0.627451 0.643137
v 2.5782 0.208084 0.0887936 0.627451 0.627451 0.643137
v 2.6172 0.208084 0.0887936 0.627451 0.627451 0.643137
v 2.5782 0.210096 0.0838362 0.627451 0.627451 0.643137
v 2.6172 0.210096 0.0838362 0.627451 0.627451 0.643137
v 2.5782 0.212438 0.0790262 0.627451 0.627451 0.643137
v 2.6172 0.212438 0.0790262 0.627451 0.627451 0.643137
v 2.5782 0.2151 0.0743859 0.627451 0.627451 0.643137
v 2.6172 0.2151 0.0743859 0.627451 0.627451 0.643137
v 2.5782 0.218071 0.0699364 0.627451 0.627451 0.643137
v 2.6172 0.218071 0.0699364 0.627451 0.627451 0.643137
v 2.5782 0.221336 0.0656981 0.627451 0.627451 0.643137
v 2.6172 0.221336 0.0656981 0.627451 0.627451 0.643137
v 2.5782 0.22488 0.0616906 0.627451 0.627451 0.643137
v 2.6172 0.22488 0.0616906 0.627451 0.627451 0.643137
v 2.5782 0.228687 0.0579321 0.627451 0.627451 0.643137
v 2.6172 0.228687 0.0579321 0.627451 0.627451 0.643137
v 2.5782 0.23274 0.0544399 0.627451 0.627451 0.643137
v 2.6172 0.23274 0.0544399 0.627451 0.627451 0.643137
v 2.5782 0.23702 0.05123 0.627451 0.627451 0.643137
v 2.6172 0.23702 0.05123 0.627451 0.627451 0.643137
v 2.5782 0.241508 0.0483172 0.627451 0.627451 0.643137
v 2.6172 0.241508 0.0483172 0.627451 0.627451 0.643137
v 2.5782 0.246182 0.0457148 0.627451 0.627451 0.643137
v 2.6172 0.246182 0.0457148 0.627451 0.627451 0.643137
v 2.5782 0.251022 0.0434347 0.627451 0.627451 0.643137
v 2.6172 0.251022 0.0434347 0.627451 0.627451 0.643137
v 2.5782 0.256005 0.0414874 0.627451 0.627451 0.643137
v 2.6172 0.256005 0.0414874 0.627451 0.627451 0.643137
v 2.5782 0.261108 0.0398819 0.627451 0.627451 0.643137
v 2.6172 0.261108 0.0398819 0.627451 0.627451 0.643137
v 2.5782 0.266309 0.0386254 0.627451 0.627451 0.643137
v 2.6172 0.266309 0.0386254 0.627451 0.627451 0.643137
v 2.5782 0.271582 0.0377238 0.627451 0.627451 0.643137
v 2.6172 0.271582 0.0377238 0.627451 0.627451 0.643137
v 2.5782 0.276905 0.0371812 0.627451 0.627451 0.643137
v 2.6172 0.276905 0.0371812 0.627451 0.627451 0.643137
v 2.5782 0.282252 0.037 0.627451 0.627451 0.643137
v 2.6172 0.282252 0.037 0.627451 0.627451 0.643137
v 2.5782 0.490456 0.037 0.627451 0.627451 0.643137
v 2.6172 0.490456 0.037 0.627451 0.627451 0.643137
v 2.5782 0.140456 0 0.627451 0.627451 0.643137
v 2.5782 0.140456 0.136158 0.627451 0.627451 0.643137
v 2.5782 0.490456 0 0.627451 0.627451 0.643137
v 2.6172 0.140456 0 0.627451 0.627451 0.643137
v 2.6172 0.140456 0.136158 0.627451 0.627451 0.643137
v 2.6172 0.490456 0 0.627451 0.627451 0.643137
v 2.7152 0.140456 0 0.627451 0.627451 0.643137
v 2.7152 0.490456 0 0.627451 0.627451 0.643137
v 2.4652 0.490456 0 0.627451 0.627451 0.643137
v 2.4652 0.140456 0 0.627451 0.627451 0.643137
v 2.4652 0.490456 0.0584799 0.627451 0.627451 0.643137
v 2.7152 0.490456 0.0584799 0.627451 0.627451 0.643137
v 2.7152 0.290348 0.0584799 0.627451 0.627451 0.643137
v 2.4652 0.290348 0.0584799 0.627451 0.627451 0.643137
v 2.4652 0.408653 0.5 0.627451 0.627451 0.643137
v 2.7152 0.408653 0.5 0.627451 0.627451 0.643137
v 2.7152 0.348392 0.5 0.627451 0.627451 0.643137
v 2.4652 0.348392 0.5 0.627451 0.627451 0.643137
v 2.4652 0.295082 0.301045 0.627451 0.627451 0.643137
v 2.7152 0.295082 0.301045 0.627451 0.627451 0.643137
v 2.7152 0.280111 0.305057 0.627451 0.627451 0.643137
v 2.4652 0.280111 0.305057 0.627451 0.627451 0.643137
v 2.4652 0.27597 0.289602 0.627451 0.627451 0.643137
v 2.7152 0.27597 0.289602 0.627451 0.627451 0.643137
v 2.5497 0.226572 0.136158 0.627451 0.627451 0.643137
v 2.5497 0.140456 0.136158 0.627451 0.627451 0.643137
v 2.6457 0.140456 0.136158 0.627451 0.627451 0.643137
v 2.6457 0.226572 0.136158 0.627451 0.627451 0.643137
v 2.6457 0.268242 0.291672 0.627451 0.627451 0.643137
v 2.5497 0.268242 0.291672 0.627451 0.627451 0.643137
v 2.7152 0.203525 0.309013 0.627451 0.627451 0.643137
v 2.4652 0.203525 0.309013 0.627451 0.627451 0.643137
v 2.5497 0.203525 0.309013 0.627451 0.627451 0.643137
v 2.6457 0.203525 0.309013 0.627451 0.627451 0.643137
v 2.6457 0.140456 0.325913 0.627451 0.627451 0.643137
v 2.5497 0.140456 0.325913 0.627451 0.627451 0.643137
v 2.7152 0.140456 0.367 0.627451 0.627451 0.643137
v 2.4652 0.140456 0.367 0.627451 0.627451 0.643137
v 2.7152 0.207666 0.324468 0.627451 0.627451 0.643137
v 2.4652 0.207666 0.324468 0.627451 0.627451 0.643137
v 2.4652 0.192694 0.32848 0.627451 0.627451 0.643137
v 2.4652 0.203016 0.367 0.627451 0.627451 0.643137
v 2.7152 0.192694 0.32848 0.627451 0.627451 0.643137
v 2.7152 0.203016 0.367 0.627451 0.627451 0.643137
vn -0 -0.966896 0.25517
vn -0 -0.98195 0.189143
vn -0 -0.9925 0.122249
vn -0 -0.998498 0.0547937
vn 0 -0.999917 -0.0129126
vn 0 -0.99675 -0.0805596
vn 0 -0.989012 -0.147837
vn 0 -0.976738 -0.214437
vn 0 -0.959985 -0.280053
vn 0 -0.938829 -0.344385
vn 0 -0.913367 -0.407137
vn 0 -0.883717 -0.468022
vn 0 -0.850013 -0.526761
vn 0 -0.812412 -0.583084
vn 0 -0.771085 -0.636733
vn 0 -0.726221 -0.687461
vn 0 -0.678027 -0.735037
vn 0 -0.626723 -0.779242
vn 0 -0.572545 -0.819873
vn 0 -0.515741 -0.856744
vn 0 -0.456572 -0.889686
vn 0 -0.395309 -0.918548
vn 0 -0.332233 -0.943197
vn 0 -0.267634 -0.963521
vn 0 -0.201807 -0.979425
vn 0 -0.135054 -0.990838
vn 0 -0.0676823 -0.997707
vn 0 -2.44929e-16 -1
vn 1 -0 -0
vn -1 -0 0
vn -0 -0 -1
vn 0 1 0
vn 3.59184e-17 0 1
vn -6.82514e-17 0.965926 -0.258819
vn -0 -0.965926 0.258819
vn 0 0.258819 0.965926
vn 0 0 1
vn -0 -0.965926 0.258819
vn 0 0.258819 0.965926
vn -1 -0 -0
vn 1 -0 -0
vn -0 -0.258819 -0.965926
vn 6.82514e-17 -1 0
vn -6.82514e-17 0.965926 -0.258819
vn -1 0 0
vn 1 0 -0
vn -6.82514e-17 0.965926 -0.258819
vn 0 0.258819 0.965926
vn 0 0 1
vt 4.45437 -0.053
vt 4.45437 -0.092
vt 4.5221 -0.092
vt 4.5221 -0.053
vt 4.58983 -0.092
vt 4.58983 -0.053
vt 4.65757 -0.092
vt 4.65757 -0.053
vt 4.7253 -0.092
vt 4.7253 -0.053
vt 4.79304 -0.092
vt 4.79304 -0.053
vt 4.86077 -0.092
vt 4.86077 -0.053
vt 4.9285 -0.092
vt 4.9285 -0.053
vt 4.99624 -0.092
vt 4.99624 -0.053
vt 5.06397 -0.092
vt 5.06397 -0.053
vt 5.13171 -0.092
vt 5.13171 -0.053
vt 5.19944 -0.092
vt 5.19944 -0.053
vt 5.26717 -0.092
vt 5.26717 -0.053
vt 5.33491 -0.092
vt 5.33491 -0.053
vt 5.40264 -0.092
vt 5.40264 -0.053
vt 5.47038 -0.092
vt 5.47038 -0.053
vt 5.53811 -0.092
vt 5.53811 -0.053
vt 5.60584 -0.092
vt 5.60584 -0.053
vt 5.67358 -0.092
vt 5.67358 -0.053
vt 5.74131 -0.092
vt 5.74131 -0.053
vt 5.80905 -0.092
vt 5.80905 -0.053
vt 5.87678 -0.092
vt 5.87678 -0.053
vt 5.94452 -0.092
vt 5.94452 -0.053
vt 6.01225 -0.092
vt 6.01225 -0.053
vt 6.07998 -0.092
vt 6.07998 -0.053
vt 6.14772 -0.092
vt 6.14772 -0.053
vt 6.21545 -0.092
vt 6.21545 -0.053
vt 6.28319 -0.092
vt 6.28319 -0.053
vt -0.490456 1.6782
vt -0.490456 1.7172
vt -0.282252 1.7172
vt -0.282252 1.6782
vt -0.05 -0.155
vt 0.00443987 -0.0627158
vt 0.00793205 -0.0667688
vt 0.0199364 -0.0773852
vt 0.0243859 -0.0803557
vt 0.0116906 -0.0705761
vt 0.0156981 -0.0741203
vt 0.00123001 -0.0584357
vt -0.00168281 -0.0539482
vt -0.0065653 -0.0444341
vt -0.00428523 -0.0492739
vt -0.0113746 -0.0291474
vt -0.0101181 -0.0343477
vt 0.0438758 -0.0890434
vt 0.0490595 -0.090367
vt -0.00851258 -0.0394511
vt -0.0122762 -0.0238739
vt 0.0861584 -0.155
vt 0.0543209 -0.0913366
vt 0.0596358 -0.0919479
vt -0.0128188 -0.0185516
vt -0.05 0.195
vt -0.013 0.195
vt -0.013 -0.0132047
vt 0.0649799 -0.0921981
vt 0.0703287 -0.092086
vt 0.0338362 -0.0853607
vt 0.0387936 -0.0873721
vt 0.0756576 -0.0916121
vt 0.0809423 -0.0907787
vt 0.0290262 -0.0830183
vt 0.0861584 -0.0895895
vt 0.05 -0.155
vt 0.00851258 -0.0394511
vt 0.0101181 -0.0343477
vt -0.00443987 -0.0627158
vt -0.00123001 -0.0584357
vt -0.0116906 -0.0705761
vt -0.00793205 -0.0667688
vt 0.0113746 -0.0291474
vt 0.00168281 -0.0539482
vt 0.00428523 -0.0492739
vt -0.0199364 -0.0773852
vt -0.0156981 -0.0741203
vt -0.0861584 -0.155
vt -0.0490595 -0.090367
vt 0.0122762 -0.0238739
vt 0.0065653 -0.0444341
vt -0.0290262 -0.0830183
vt -0.0243859 -0.0803557
vt -0.0543209 -0.0913366
vt 0.05 0.195
vt 0.013 -0.0132047
vt -0.0596358 -0.0919479
vt 0.0128188 -0.0185516
vt -0.0438758 -0.0890434
vt -0.0387936 -0.0873721
vt -0.0649799 -0.0921981
vt -0.0756576 -0.0916121
vt -0.0703287 -0.092086
vt -0.0338362 -0.0853607
vt -0.0861584 -0.0895895
vt -0.0809423 -0.0907787
vt 0.013 0.195
vt -0.140456 1.7152
vt -0.140456 1.6172
vt -0.490456 1.6172
vt -0.490456 1.7152
vt -0.490456 1.4652
vt -0.490456 1.5782
vt -0.140456 1.5782
vt -0.140456 1.4652
vt -0.05 -0.305
vt 0.00847986 -0.305
vt -0.013 -0.192
vt 0.00847986 -0.055
vt -0.013 -0.153
vt -0.05 -0.055
vt -0.05 -0.153
vt -0.05 -0.192
vt -0.0426099 1.8152
vt -0.242718 1.8152
vt -0.242718 1.5652
vt -0.0426099 1.5652
vt -0.205 0.127571
vt 0.045 0.127571
vt 0.045 -0.329525
vt -0.205 -0.329525
vt -0.348392 1.7152
vt -0.408653 1.7152
vt -0.408653 1.4652
vt -0.348392 1.4652
vt -0.05 -0.205
vt -0.05 0.045
vt 0.155973 0.045
vt 0.155973 -0.205
vt -0.205456 1.8152
vt -0.220956 1.8152
vt -0.220956 1.5652
vt -0.205456 1.5652
vt -0.05 -0.205
vt -0.05 0.045
vt -0.034 0.045
vt -0.034 -0.205
vt -0.197456 1.6497
vt -0.176751 1.6782
vt -0.176751 1.7172
vt -0.11134 1.6497
vt -0.11134 1.6782
vt -0.11134 1.7457
vt -0.197456 1.7457
vt -0.11134 1.7172
vt 0.111 -0.0245
vt 0.111 -0.1205
vt -0.05 -0.1205
vt -0.05 -0.0245
vt -0.130456 1.8152
vt -0.205456 1.8152
vt -0.197456 1.7457
vt -0.205456 1.5652
vt -0.197456 1.6497
vt -0.130456 1.5652
vt -0.130456 1.6497
vt -0.130456 1.7457
vt -0.111 -0.165
vt -0.111 -0.098
vt 0.05 -0.098
vt 0.0722885 -0.181182
vt -0.111 -0.230294
vt 0.111 -0.165
vt -0.0722885 -0.181182
vt -0.05 -0.098
vt 0.111 -0.098
vt 0.111 -0.230294
vt -0.0651625 1.6497
vt -0.130456 1.6497
vt -0.130456 1.7457
vt -0.0651625 1.7457
vt -0.153 -0.05
vt -0.055 -0.05
vt -0.1245 0.0861584
vt -0.055 0.317
vt -0.1245 0.275913
vt -0.305 0.317
vt -0.2205 0.275913
vt -0.305 -0.05
vt -0.2205 0.0861584
vt -0.192 -0.05
vt -0.192 0.0861584
vt -0.153 0.0861584
vt 0.045 -0.034
vt -0.0245 -0.05
vt -0.1205 -0.05
vt -0.205 -0.034
vt 0.045 -0.05
vt -0.205 -0.05
vt -0.05 -0.155
vt 0.259013 -0.0919311
vt 0.239602 -0.0194867
vt 0.27848 -0.102762
vt 0.274468 -0.08779
vt 0.45 0.113197
vt 0.00847986 -0.00510813
vt 0.251045 -0.000373715
vt 0.317 -0.155
vt 0.317 -0.0924404
vt 0.255057 -0.0153456
vt -0.05 0.195
vt 0.45 0.0529361
vt 0.00847986 0.195
vt -0.317 -0.155
vt 0.05 -0.155
vt -0.27848 -0.102762
vt -0.259013 -0.0919311
vt -0.274468 -0.08779
vt -0.00847986 -0.00510813
vt -0.239602 -0.0194867
vt -0.251045 -0.000373715
vt -0.255057 -0.0153456
vt -0.45 0.113197
vt -0.45 0.0529361
vt 0.05 0.195
vt -0.00847986 0.195
vt -0.317 -0.0924404
vt -0.205 -0.010121
vt 0.045 -0.010121
vt 0.045 -0.05
vt -0.205 -0.05
vt -0.114956 1.8152
vt -0.130456 1.8152
vt -0.130456 1.5652
vt -0.114956 1.5652
vt -0.203016 1.4652
vt -0.140456 1.4652
vt -0.140456 1.7152
vt -0.203016 1.7152
f 201/425/107 202/426/107 203/427/108
f 204/428/108 203/427/108 205/429/109
f 206/430/109 205/429/109 207/431/110
f 208/432/110 207/431/110 209/433/111
f 210/434/111 209/433/111 211/435/112
f 212/436/112 211/435/112 213/437/113
f 214/438/113 213/437/113 215/439/114
f 216/440/114 215/439/114 217/441/115
f 218/442/115 217/441/115 219/443/116
f 220/444/116 219/443/116 221/445/117
f 222/446/117 221/445/117 223/447/118
f 224/448/118 223/447/118 225/449/119
f 226/450/119 225/449/119 227/451/120
f 228/452/120 227/451/120 229/453/121
f 230/454/121 229/453/121 231/455/122
f 232/456/122 231/455/122 233/457/123
f 234/458/123 233/457/123 235/459/124
f 236/460/124 235/459/124 237/461/125
f 238/462/125 237/461/125 239/463/126
f 240/464/126 239/463/126 241/465/127
f 242/466/127 241/465/127 243/467/128
f 244/468/128 243/467/128 245/469/129
f 246/470/129 245/469/129 247/471/130
f 248/472/130 247/471/130 249/473/131
f 250/474/131 249/473/131 251/475/132
f 252/476/132 251/475/132 253/477/133
f 254/478/133 253/477/133 255/479/134
f 255/479/134 256/480/134 254/478/133
f 253/477/133 254/478/133 252/476/132
f 251/475/132 252/476/132 250/474/131
f 249/473/131 250/474/131 248/472/130
f 247/471/130 248/472/130 246/470/129
f 245/469/129 246/470/129 244/468/128
f 243/467/128 244/468/128 242/466/127
f 241/465/127 242/466/127 240/464/126
f 239/463/126 240/464/126 238/462/125
f 237/461/125 238/462/125 236/460/124
f 235/459/124 236/460/124 234/458/123
f 233/457/123 234/458/123 232/456/122
f 231/455/122 232/456/122 230/454/121
f 229/453/121 230/454/121 228/452/120
f 227/451/120 228/452/120 226/450/119
f 225/449/119 226/450/119 224/448/118
f 223/447/118 224/448/118 222/446/117
f 221/445/117 222/446/117 220/444/116
f 219/443/116 220/444/116 218/442/115
f 217/441/115 218/442/115 216/440/114
f 215/439/114 216/440/114 214/438/113
f 213/437/113 214/438/113 212/436/112
f 211/435/112 212/436/112 210/434/111
f 209/433/111 210/434/111 208/432/110
f 207/431/110 208/432/110 206/430/109
f 205/429/109 206/430/109 204/428/108
f 203/427/108 204/428/108 201/425/107
f 257/481/134 258/482/134 256/483/134
f 256/483/134 255/484/134 257/481/134
f 259/485/135 235/486/135 233/487/135
f 259/485/135 227/488/135 225/489/135
f 259/485/135 231/490/135 229/491/135
f 259/485/135 237/492/135 235/486/135
f 229/491/135 227/488/135 259/485/135
f 259/485/135 239/493/135 237/492/135
f 259/485/135 243/494/135 241/495/135
f 259/485/135 249/496/135 247/497/135
f 259/485/135 217/498/135 215/499/135
f 233/487/135 231/490/135 259/485/135
f 259/485/135 245/500/135 243/494/135
f 259/485/135 251/501/135 249/496/135
f 260/502/135 213/503/135 211/504/135
f 215/499/135 260/502/135 259/485/135
f 241/495/135 239/493/135 259/485/135
f 259/485/135 253/505/135 251/501/135
f 261/506/135 257/507/135 255/508/135
f 260/502/135 209/509/135 207/510/135
f 215/499/135 213/503/135 260/502/135
f 259/485/135 221/511/135 219/512/135
f 247/497/135 245/500/135 259/485/135
f 255/508/135 259/485/135 261/506/135
f 260/502/135 205/513/135 203/514/135
f 211/504/135 209/509/135 260/502/135
f 259/485/135 223/515/135 221/511/135
f 255/508/135 253/505/135 259/485/135
f 207/510/135 205/513/135 260/502/135
f 225/489/135 223/515/135 259/485/135
f 219/512/135 217/498/135 259/485/135
f 203/514/135 202/516/135 260/502/135
f 262/517/136 246/518/136 248/519/136
f 262/517/136 236/520/136 238/521/136
f 262/517/136 232/522/136 234/523/136
f 248/519/136 250/524/136 262/517/136
f 262/517/136 240/525/136 242/526/136
f 234/523/136 236/520/136 262/517/136
f 262/517/136 228/527/136 230/528/136
f 262/517/136 263/529/136 216/530/136
f 250/524/136 252/531/136 262/517/136
f 242/526/136 244/532/136 262/517/136
f 230/528/136 232/522/136 262/517/136
f 262/517/136 224/533/136 226/534/136
f 263/529/136 214/535/136 216/530/136
f 264/536/136 262/517/136 256/537/136
f 244/532/136 246/518/136 262/517/136
f 226/534/136 228/527/136 262/517/136
f 263/529/136 212/538/136 214/535/136
f 262/517/136 254/539/136 256/537/136
f 238/521/136 240/525/136 262/517/136
f 262/517/136 218/540/136 220/541/136
f 263/529/136 210/542/136 212/538/136
f 263/529/136 206/543/136 208/544/136
f 252/531/136 254/539/136 262/517/136
f 220/541/136 222/545/136 262/517/136
f 208/544/136 210/542/136 263/529/136
f 263/529/136 201/546/136 204/547/136
f 222/545/136 224/533/136 262/517/136
f 204/547/136 206/543/136 263/529/136
f 216/530/136 218/540/136 262/517/136
f 256/537/136 258/548/136 264/536/136
f 265/549/137 262/550/137 264/551/137
f 264/551/137 266/552/137 265/549/137
f 267/553/137 261/554/137 259/555/137
f 259/555/137 268/556/137 267/553/137
f 267/557/138 269/558/138 257/559/138
f 270/560/138 258/561/138 257/559/138
f 257/559/138 269/558/138 270/560/138
f 266/562/138 264/563/138 258/561/138
f 258/561/138 270/560/138 266/562/138
f 257/559/138 261/564/138 267/557/138
f 271/565/139 270/566/139 269/567/139
f 269/567/139 272/568/139 271/565/139
f 273/569/140 274/570/140 271/571/140
f 271/571/140 272/572/140 273/569/140
f 275/573/139 274/574/139 273/575/139
f 273/575/139 276/576/139 275/573/139
f 277/577/141 278/578/141 275/579/141
f 275/579/141 276/580/141 277/577/141
f 279/581/142 278/582/142 277/583/142
f 277/583/142 280/584/142 279/581/142
f 281/585/141 282/586/141 279/587/141
f 279/587/141 280/588/141 281/585/141
f 283/589/143 202/590/143 201/591/143
f 284/592/143 260/593/143 202/590/143
f 285/594/143 286/595/143 201/591/143
f 202/590/143 283/589/143 284/592/143
f 201/591/143 286/595/143 283/589/143
f 201/591/143 263/596/143 285/594/143
f 287/597/144 288/598/144 283/599/144
f 283/599/144 286/600/144 287/597/144
f 289/601/145 282/602/145 287/603/145
f 282/602/145 281/604/145 288/605/145
f 288/605/145 287/603/145 282/602/145
f 290/606/145 291/607/145 288/605/145
f 288/605/145 281/604/145 290/606/145
f 287/603/145 292/608/145 289/601/145
f 292/609/146 287/610/146 286/611/146
f 285/612/146 293/613/146 292/609/146
f 286/611/146 285/612/146 292/609/146
f 291/614/147 284/615/147 283/616/147
f 283/616/147 288/617/147 291/614/147
f 291/614/147 294/618/147 284/615/147
f 294/619/148 291/620/148 292/621/148
f 292/621/148 293/622/148 294/619/148
f 262/623/149 265/624/149 285/625/149
f 295/626/149 293/627/149 285/625/149
f 285/625/149 265/624/149 295/626/149
f 295/626/149 296/628/149 294/629/149
f 294/629/149 293/627/149 295/626/149
f 296/628/149 268/630/149 284/631/149
f 284/631/149 294/629/149 296/628/149
f 259/632/149 260/633/149 284/631/149
f 284/631/149 268/630/149 259/632/149
f 285/625/149 263/634/149 262/623/149
f 297/635/150 292/636/150 291/637/150
f 291/637/150 298/638/150 297/635/150
f 297/635/150 289/639/150 292/636/150
f 291/637/150 290/640/150 298/638/150
f 268/641/151 290/642/151 281/643/151
f 299/644/151 298/645/151 290/642/151
f 273/646/151 272/647/151 277/648/151
f 277/648/151 272/647/151 281/643/151
f 290/642/151 268/641/151 299/644/151
f 296/649/151 300/650/151 299/644/151
f 281/643/151 280/651/151 277/648/151
f 299/644/151 268/641/151 296/649/151
f 267/652/151 268/641/151 272/647/151
f 281/643/151 272/647/151 268/641/151
f 277/648/151 276/653/151 273/646/151
f 272/647/151 269/654/151 267/652/151
f 295/655/152 265/656/152 301/657/152
f 301/657/152 265/656/152 289/658/152
f 289/658/152 297/659/152 301/657/152
f 265/656/152 271/660/152 282/661/152
f 278/662/152 279/663/152 282/661/152
f 274/664/152 275/665/152 278/662/152
f 282/661/152 289/658/152 265/656/152
f 278/662/152 271/660/152 274/664/152
f 282/661/152 271/660/152 278/662/152
f 266/666/152 270/667/152 271/660/152
f 271/660/152 265/656/152 266/666/152
f 301/657/152 302/668/152 295/655/152
f 300/669/153 302/670/153 301/671/153
f 301/671/153 299/672/153 300/669/153
f 301/673/154 297/674/154 298/675/154
f 298/675/154 299/676/154 301/673/154
f 300/677/155 296/678/155 295/679/155
f 295/679/155 302/680/155 300/677/155
g Body_07_(2)
v 1.1 0.187 0.048 0.627451 0.627451 0.643137
v 1.1 0.146 0.048 0.627451 0.627451 0.643137
v 0.8 0.146 0.048 0.627451 0.627451 0.643137
v 0.8 0.187 0.048 0.627451 0.627451 0.643137
v 0.8 0.187 0.17 0.627451 0.627451 0.643137
v 0.8 0.146 0.17 0.627451 0.627451 0.643137
v 1.1 0.146 0.17 0.627451 0.627451 0.643137
v 1.1 0.187 0.17 0.627451 0.627451 0.643137
vn -0 -0 -1
vn -1 -0 0
vn 0 0 1
vn -0 1 -0
vn 1 -0 -0
vn -0 -1 -0
vt 1.1 0.13
vt 1.1 0.089
vt 0.8 0.089
vt 0.8 0.13
vt -0.15 -0.07
vt -0.028 -0.07
vt -0.028 -0.111
vt -0.15 -0.111
vt 0.8 0.13
vt 0.8 0.089
vt 1.1 0.089
vt 1.1 0.13
vt -0.15 0.04
vt -0.028 0.04
vt -0.028 -0.26
vt -0.15 -0.26
vt 0.15 -0.111
vt 0.028 -0.111
vt 0.028 -0.07
vt 0.15 -0.07
vt 0.15 -0.26
vt 0.028 -0.26
vt 0.028 0.04
vt 0.15 0.04
f 303/681/156 304/682/156 305/683/156
f 305/683/156 306/684/156 303/681/156
f 307/685/157 306/686/157 305/687/157
f 305/687/157 308/688/157 307/685/157
f 307/689/158 308/690/158 309/691/158
f 309/691/158 310/692/158 307/689/158
f 310/693/159 303/694/159 306/695/159
f 306/695/159 307/696/159 310/693/159
f 309/697/160 304/698/160 303/699/160
f 303/699/160 310/700/160 309/697/160
f 308/701/161 305/702/161 304/703/161
f 304/703/161 309/704/161 308/701/161
g Body_07_(2)_(2)
v 0.8 0.146 0.264291 0.627451 0.627451 0.643137
v 1.1 0.146 0.264291 0.627451 0.627451 0.643137
v 1.1 0.853248 0.376308 0.627451 0.627451 0.643137
v 0.8 0.853248 0.376308 0.627451 0.627451 0.643137
v 0.8 0.146 0.0256469 0.627451 0.627451 0.643137
v 1.1 0.146 0.0256469 0.627451 0.627451 0.643137
v 0.8 0.875622 0.365875 0.627451 0.627451 0.643137
v 1.1 0.875622 0.365875 0.627451 0.627451 0.643137
vn 0 -0.156434 0.987688
vn -0 -1 -0
vn -0 0.422618 -0.906308
vn 0 0.422618 0.906308
vn -1 -0 0
vn 1 -0 -0
vt -0.26 0.0259894
vt 0.04 0.0259894
vt 0.04 0.742053
vt -0.26 0.742053
vt 0.00564692 -0.26
vt 0.00564692 0.04
vt 0.244291 0.04
vt 0.244291 -0.26
vt 1.1 0.160686
vt 0.8 0.160686
vt 0.8 0.965734
vt 1.1 0.965734
vt 1.1 1.0119
vt 0.8 1.0119
vt 0.8 0.987215
vt 1.1 0.987215
vt -0.00564692 -0.045
vt -0.244291 -0.045
vt -0.356308 0.662248
vt -0.345875 0.684622
vt 0.00564692 -0.045
vt 0.345875 0.684622
vt 0.356308 0.662248
vt 0.244291 -0.045
f 311/705/162 312/706/162 313/707/162
f 313/707/162 314/708/162 311/705/162
f 315/709/163 316/710/163 312/711/163
f 312/711/163 311/712/163 315/709/163
f 316/713/164 315/714/164 317/715/164
f 317/715/164 318/716/164 316/713/164
f 318/717/165 317/718/165 314/719/165
f 314/719/165 313/720/165 318/717/165
f 315/721/166 311/722/166 314/723/166
f 314/723/166 317/724/166 315/721/166
f 316/725/167 318/726/167 313/727/167
f 313/727/167 312/728/167 316/725/167
g Body_01_(1)_(2)
v 0.00804095 0.130776 0.015 0.627451 0.627451 0.643137
v 0.247041 0.130776 0.015 0.627451 0.627451 0.643137
v 0.247041 0.125316 0 0.627451 0.627451 0.643137
v 0.00804095 0.125316 0 0.627451 0.627451 0.643137
v 0.247041 0.0648164 0 0.627451 0.627451 0.643137
v 0.00804095 0.0648164 0 0.627451 0.627451 0.643137
v 0.247041 0.0773531 0.0344443 0.627451 0.627451 0.643137
v 0.00804095 0.0773531 0.0344443 0.627451 0.627451 0.643137
vn 0 0.939693 -0.34202
vn -0 -0 -1
vn 0 -0.939693 0.34202
vn -1 -0 0
vn 1 -0 -0
vn 3.97195e-17 0.34202 0.939693
vt -0.0540373 -0.057
vt -0.0540373 0.182
vt -0.07 0.182
vt -0.07 -0.057
vt 0.247041 -0.0661836
vt 0.00804095 -0.0661836
vt 0.00804095 -0.00568363
vt 0.247041 -0.00568363
vt 0.07 -0.057
vt 0.07 0.182
vt 0.0333451 0.182
vt 0.0333451 -0.057
vt 0.0355557 -0.0879633
vt 0.055 -0.0345404
vt 0.07 -0.04
vt 0.07 -0.1005
vt -0.0355557 -0.0879633
vt -0.07 -0.1005
vt -0.07 -0.04
vt -0.055 -0.0345404
vt 0.00804095 -0.0570755
vt 0.247041 -0.0570755
vt 0.247041 -0.000224073
vt 0.00804095 -0.000224073
f 319/729/168 320/730/168 321/731/168
f 321/731/168 322/732/168 319/729/168
f 323/733/169 324/734/169 322/735/169
f 322/735/169 321/736/169 323/733/169
f 324/737/170 323/738/170 325/739/170
f 325/739/170 326/740/170 324/737/170
f 326/741/171 319/742/171 322/743/171
f 322/743/171 324/744/171 326/741/171
f 325/745/172 323/746/172 321/747/172
f 321/747/172 320/748/172 325/745/172
f 326/749/173 325/750/173 320/751/173
f 320/751/173 319/752/173 326/749/173
g Body_01_(2)
v 0.247041 0.206795 0.125 0.627451 0.627451 0.643137
v 0.247041 0.346365 0.027272 0.627451 0.627451 0.643137
v 0.00804095 0.346365 0.027272 0.627451 0.627451 0.643137
v 0.00804095 0.206795 0.125 0.627451 0.627451 0.643137
v 0.00804095 0.170813 0.125 0.627451 0.627451 0.643137
v 0.247041 0.170813 0.125 0.627451 0.627451 0.643137
v 0.00804095 0.125316 0 0.627451 0.627451 0.643137
v 0.00804095 0.356292 0 0.627451 0.627451 0.643137
v 0.247041 0.125316 0 0.627451 0.627451 0.643137
v 0.247041 0.356292 0 0.627451 0.627451 0.643137
vn -0 0.573576 0.819152
vn 0 0 1
vn -1 -0 0
vn 1 -0 -0
vn -0 -0 -1
vn -0 0.939693 0.34202
vn -0 -0.939693 0.34202
vt 0.247041 0
vt 0.247041 0.170384
vt 0.00804095 0.170384
vt 0.00804095 0
vt 0.247041 0.0077954
vt 0.00804095 0.0077954
vt 0.00804095 -0.0281873
vt 0.247041 -0.0281873
vt 0.07 -0.108
vt -0.055 -0.026521
vt 0.042728 0.113049
vt -0.055 -0.0625037
vt 0.07 0.122975
vt -0.07 -0.108
vt -0.042728 0.113049
vt 0.055 -0.026521
vt -0.07 0.122975
vt 0.055 -0.0625037
vt 0.247041 0.157292
vt 0.247041 -0.0736836
vt 0.00804095 -0.0736836
vt 0.00804095 0.157292
vt 0.100588 -0.057
vt 0.0715662 -0.057
vt 0.0715662 0.182
vt 0.100588 0.182
vt 0.0630222 -0.057
vt -0.07 -0.057
vt -0.07 0.182
vt 0.0630222 0.182
f 327/753/174 328/754/174 329/755/174
f 329/755/174 330/756/174 327/753/174
f 327/757/175 330/758/175 331/759/175
f 331/759/175 332/760/175 327/757/175
f 333/761/176 330/762/176 329/763/176
f 333/761/176 331/764/176 330/762/176
f 329/763/176 334/765/176 333/761/176
f 335/766/177 328/767/177 327/768/177
f 335/766/177 336/769/177 328/767/177
f 327/768/177 332/770/177 335/766/177
f 336/771/178 335/772/178 333/773/178
f 333/773/178 334/774/178 336/771/178
f 334/775/179 329/776/179 328/777/179
f 328/777/179 336/778/179 334/775/179
f 331/779/180 333/780/180 335/781/180
f 335/781/180 332/782/180 331/779/180
g Body_01_(3)
v 0.647041 0.206795 0.125 0.627451 0.627451 0.643137
v 0.647041 0.346365 0.027272 0.627451 0.627451 0.643137
v 0.408041 0.346365 0.027272 0.627451 0.627451 0.643137
v 0.408041 0.206795 0.125 0.627451 0.627451 0.643137
v 0.408041 0.170813 0.125 0.627451 0.627451 0.643137
v 0.647041 0.170813 0.125 0.627451 0.627451 0.643137
v 0.408041 0.125316 0 0.627451 0.627451 0.643137
v 0.408041 0.356292 0 0.627451 0.627451 0.643137
v 0.647041 0.125316 0 0.627451 0.627451 0.643137
v 0.647041 0.356292 0 0.627451 0.627451 0.643137
vn -0 0.573576 0.819152
vn 0 0 1
vn -1 -0 0
vn 1 -0 -0
vn -0 -0 -1
vn -0 0.939693 0.34202
vn -0 -0.939693 0.34202
vt 0.247041 0
vt 0.247041 0.170384
vt 0.00804095 0.170384
vt 0.00804095 0
vt 0.247041 0.0077954
vt 0.00804095 0.0077954
vt 0.00804095 -0.0281873
vt 0.247041 -0.0281873
vt 0.07 -0.108
vt -0.055 -0.026521
vt 0.042728 0.113049
vt -0.055 -0.0625037
vt 0.07 0.122975
vt -0.07 -0.108
vt -0.042728 0.113049
vt 0.055 -0.026521
vt -0.07 0.122975
vt 0.055 -0.0625037
vt 0.247041 0.157292
vt 0.247041 -0.0736836
vt 0.00804095 -0.0736836
vt 0.00804095 0.157292
vt 0.100588 -0.057
vt 0.0715662 -0.057
vt 0.0715662 0.182
vt 0.100588 0.182
vt 0.0630222 -0.057
vt -0.07 -0.057
vt -0.07 0.182
vt 0.0630222 0.182
f 337/783/181 338/784/181 339/785/181
f 339/785/181 340/786/181 337/783/181
f 337/787/182 340/788/182 341/789/182
f 341/789/182 342/790/182 337/787/182
f 343/791/183 340/792/183 339/793/183
f 343/791/183 341/794/183 340/792/183
f 339/793/183 344/795/183 343/791/183
f 345/796/184 338/797/184 337/798/184
f 345/796/184 346/799/184 338/797/184
f 337/798/184 342/800/184 345/796/184
f 346/801/185 345/802/185 343/803/185
f 343/803/185 344/804/185 346/801/185
f 344/805/186 339/806/186 338/807/186
f 338/807/186 346/808/186 344/805/186
f 341/809/187 343/810/187 345/811/187
f 345/811/187 342/812/187 341/809/187
g Body_07
v 0.8 0.184008 0.06 0.627451 0.627451 0.643137
v 1.1 0.184008 0.06 0.627451 0.627451 0.643137
v 1.1 0.18735 0.0449286 0.627451 0.627451 0.643137
v 0.8 0.18735 0.0449286 0.627451 0.627451 0.643137
v 1.1 0.091 0 0.627451 0.627451 0.643137
v 0.8 0.091 0 0.627451 0.627451 0.643137
v 0.8 0.091 0.06 0.627451 0.627451 0.643137
v 1.1 0.091 0.06 0.627451 0.627451 0.643137
vn 0 0.976296 0.21644
vn -0 0.422618 -0.906308
vn 0 0 1
vn -1 -0 0
vn 1 -0 -0
vn -0 -1 -0
vt 0.8 -0.0102428
vt 1.1 -0.0102428
vt 1.1 0.00519455
vt 0.8 0.00519455
vt 1.1 0.1
vt 0.8 0.1
vt 0.8 0.20631
vt 1.1 0.20631
vt 0.8 0.1
vt 1.1 0.1
vt 1.1 0.193008
vt 0.8 0.193008
vt -0.04 -0.1
vt -0.04 -0.0069916
vt -0.0249286 -0.00365035
vt 0.02 -0.1
vt 0.04 -0.1
vt -0.02 -0.1
vt 0.0249286 -0.00365035
vt 0.04 -0.0069916
vt 0.04 -0.26
vt -0.02 -0.26
vt -0.02 0.04
vt 0.04 0.04
f 347/813/188 348/814/188 349/815/188
f 349/815/188 350/816/188 347/813/188
f 351/817/189 352/818/189 350/819/189
f 350/819/189 349/820/189 351/817/189
f 353/821/190 354/822/190 348/823/190
f 348/823/190 347/824/190 353/821/190
f 353/825/191 347/826/191 350/827/191
f 350/827/191 352/828/191 353/825/191
f 354/829/192 351/830/192 349/831/192
f 349/831/192 348/832/192 354/829/192
f 353/833/193 352/834/193 351/835/193
f 351/835/193 354/836/193 353/833/193
g Body_07_(1)
v 1.1 0.091 0.086 0.627451 0.627451 0.643137
v 0.8 0.091 0.086 0.627451 0.627451 0.643137
v 0.8 0.0909907 0.086273 0.627451 0.627451 0.643137
v 1.1 0.0909907 0.086273 0.627451 0.627451 0.643137
v 0.8 0.0909627 0.0865447 0.627451 0.627451 0.643137
v 1.1 0.0909627 0.0865447 0.627451 0.627451 0.643137
v 0.8 0.0909163 0.0868138 0.627451 0.627451 0.643137
v 1.1 0.0909163 0.0868138 0.627451 0.627451 0.643137
v 0.8 0.0908517 0.0870792 0.627451 0.627451 0.643137
v 1.1 0.0908517 0.0870792 0.627451 0.627451 0.643137
v 0.8 0.090769 0.0873395 0.627451 0.627451 0.643137
v 1.1 0.090769 0.0873395 0.627451 0.627451 0.643137
v 0.8 0.0906688 0.0875936 0.627451 0.627451 0.643137
v 1.1 0.0906688 0.0875936 0.627451 0.627451 0.643137
v 0.8 0.0905515 0.0878403 0.627451 0.627451 0.643137
v 1.1 0.0905515 0.0878403 0.627451 0.627451 0.643137
v 0.8 0.0904177 0.0880783 0.627451 0.627451 0.643137
v 1.1 0.0904177 0.0880783 0.627451 0.627451 0.643137
v 0.8 0.0902679 0.0883067 0.627451 0.627451 0.643137
v 1.1 0.0902679 0.0883067 0.627451 0.627451 0.643137
v 0.8 0.0901028 0.0885244 0.627451 0.627451 0.643137
v 1.1 0.0901028 0.0885244 0.627451 0.627451 0.643137
v 0.8 0.0899233 0.0887302 0.627451 0.627451 0.643137
v 1.1 0.0899233 0.0887302 0.627451 0.627451 0.643137
v 0.8 0.0897302 0.0889233 0.627451 0.627451 0.643137
v 1.1 0.0897302 0.0889233 0.627451 0.627451 0.643137
v 0.8 0.0895244 0.0891028 0.627451 0.627451 0.643137
v 1.1 0.0895244 0.0891028 0.627451 0.627451 0.643137
v 0.8 0.0893067 0.0892679 0.627451 0.627451 0.643137
v 1.1 0.0893067 0.0892679 0.627451 0.627451 0.643137
v 0.8 0.0890783 0.0894177 0.627451 0.627451 0.643137
v 1.1 0.0890783 0.0894177 0.627451 0.627451 0.643137
v 0.8 0.0888403 0.0895515 0.627451 0.627451 0.643137
v 1.1 0.0888403 0.0895515 0.627451 0.627451 0.643137
v 0.8 0.0885936 0.0896688 0.627451 0.627451 0.643137
v 1.1 0.0885936 0.0896688 0.627451 0.627451 0.643137
v 0.8 0.0883395 0.089769 0.627451 0.627451 0.643137
v 1.1 0.0883395 0.089769 0.627451 0.627451 0.643137
v 0.8 0.0880792 0.0898517 0.627451 0.627451 0.643137
v 1.1 0.0880792 0.0898517 0.627451 0.627451 0.643137
v 0.8 0.0878138 0.0899163 0.627451 0.627451 0.643137
v 1.1 0.0878138 0.0899163 0.627451 0.627451 0.643137
v 0.8 0.0875447 0.0899627 0.627451 0.627451 0.643137
v 1.1 0.0875447 0.0899627 0.627451 0.627451 0.643137
v 0.8 0.087273 0.0899907 0.627451 0.627451 0.643137
v 1.1 0.087273 0.0899907 0.627451 0.627451 0.643137
v 0.8 0.087 0.09 0.627451 0.627451 0.643137
v 1.1 0.087 0.09 0.627451 0.627451 0.643137
v 0.8 0.084 0.09 0.627451 0.627451 0.643137
v 1.1 0.084 0.09 0.627451 0.627451 0.643137
v 0.8 0.065 0.071 0.627451 0.627451 0.643137
v 1.1 0.065 0.071 0.627451 0.627451 0.643137
v 1.1 0.0650443 0.0722966 0.627451 0.627451 0.643137
v 0.8 0.0650443 0.0722966 0.627451 0.627451 0.643137
v 1.1 0.065177 0.0735872 0.627451 0.627451 0.643137
v 0.8 0.065177 0.0735872 0.627451 0.627451 0.643137
v 1.1 0.0653974 0.0748657 0.627451 0.627451 0.643137
v 0.8 0.0653974 0.0748657 0.627451 0.627451 0.643137
v 1.1 0.0657046 0.0761261 0.627451 0.627451 0.643137
v 0.8 0.0657046 0.0761261 0.627451 0.627451 0.643137
v 1.1 0.066097 0.0773627 0.627451 0.627451 0.643137
v 0.8 0.066097 0.0773627 0.627451 0.627451 0.643137
v 1.1 0.066573 0.0785696 0.627451 0.627451 0.643137
v 0.8 0.066573 0.0785696 0.627451 0.627451 0.643137
v 1.1 0.0671302 0.0797412 0.627451 0.627451 0.643137
v 0.8 0.0671302 0.0797412 0.627451 0.627451 0.643137
v 1.1 0.067766 0.0808721 0.627451 0.627451 0.643137
v 0.8 0.067766 0.0808721 0.627451 0.627451 0.643137
v 1.1 0.0684776 0.0819569 0.627451 0.627451 0.643137
v 0.8 0.0684776 0.0819569 0.627451 0.627451 0.643137
v 1.1 0.0692615 0.0829907 0.627451 0.627451 0.643137
v 0.8 0.0692615 0.0829907 0.627451 0.627451 0.643137
v 1.1 0.0701141 0.0839685 0.627451 0.627451 0.643137
v 0.8 0.0701141 0.0839685 0.627451 0.627451 0.643137
v 1.1 0.0710315 0.0848859 0.627451 0.627451 0.643137
v 0.8 0.0710315 0.0848859 0.627451 0.627451 0.643137
v 1.1 0.0720093 0.0857385 0.627451 0.627451 0.643137
v 0.8 0.0720093 0.0857385 0.627451 0.627451 0.643137
v 1.1 0.0730431 0.0865224 0.627451 0.627451 0.643137
v 0.8 0.0730431 0.0865224 0.627451 0.627451 0.643137
v 1.1 0.0741279 0.087234 0.627451 0.627451 0.643137
v 0.8 0.0741279 0.087234 0.627451 0.627451 0.643137
v 1.1 0.0752588 0.0878698 0.627451 0.627451 0.643137
v 0.8 0.0752588 0.0878698 0.627451 0.627451 0.643137
v 1.1 0.0764304 0.088427 0.627451 0.627451 0.643137
v 0.8 0.0764304 0.088427 0.627451 0.627451 0.643137
v 1.1 0.0776373 0.088903 0.627451 0.627451 0.643137
v 0.8 0.0776373 0.088903 0.627451 0.627451 0.643137
v 1.1 0.0788739 0.0892954 0.627451 0.627451 0.643137
v 0.8 0.0788739 0.0892954 0.627451 0.627451 0.643137
v 1.1 0.0801343 0.0896026 0.627451 0.627451 0.643137
v 0.8 0.0801343 0.0896026 0.627451 0.627451 0.643137
v 1.1 0.0814128 0.089823 0.627451 0.627451 0.643137
v 0.8 0.0814128 0.089823 0.627451 0.627451 0.643137
v 1.1 0.0827034 0.0899557 0.627451 0.627451 0.643137
v 0.8 0.0827034 0.0899557 0.627451 0.627451 0.643137
v 1.1 0.091 0 0.627451 0.627451 0.643137
v 0.8 0.091 0 0.627451 0.627451 0.643137
v 0.8 0.0692615 0.00700933 0.627451 0.627451 0.643137
v 0.8 0.066097 0.0126373 0.627451 0.627451 0.643137
v 0.8 0.0657046 0.0138739 0.627451 0.627451 0.643137
v 0.8 0.066573 0.0114304 0.627451 0.627451 0.643137
v 0.8 0.0684776 0.00804307 0.627451 0.627451 0.643137
v 0.8 0.067766 0.0091279 0.627451 0.627451 0.643137
v 0.8 0.0653974 0.0151343 0.627451 0.627451 0.643137
v 0.8 0.065 0.019 0.627451 0.627451 0.643137
v 0.8 0.0730431 0.00347757 0.627451 0.627451 0.643137
v 0.8 0.0720093 0.00426149 0.627451 0.627451 0.643137
v 0.8 0.0788739 0.000704572 0.627451 0.627451 0.643137
v 0.8 0.0776373 0.00109704 0.627451 0.627451 0.643137
v 0.8 0.0814128 0.000176967 0.627451 0.627451 0.643137
v 0.8 0.0801343 0.000397402 0.627451 0.627451 0.643137
v 0.8 0.065177 0.0164128 0.627451 0.627451 0.643137
v 0.8 0.0650443 0.0177034 0.627451 0.627451 0.643137
v 0.8 0.0671302 0.0102588 0.627451 0.627451 0.643137
v 0.8 0.0741279 0.00276603 0.627451 0.627451 0.643137
v 0.8 0.0764304 0.00157299 0.627451 0.627451 0.643137
v 0.8 0.0752588 0.00213018 0.627451 0.627451 0.643137
v 0.8 0.084 0 0.627451 0.627451 0.643137
v 0.8 0.0827034 4.42934e-05 0.627451 0.627451 0.643137
v 0.8 0.0710315 0.00511412 0.627451 0.627451 0.643137
v 0.8 0.0701141 0.00603149 0.627451 0.627451 0.643137
v 1.1 0.0684776 0.00804307 0.627451 0.627451 0.643137
v 1.1 0.066573 0.0114304 0.627451 0.627451 0.643137
v 1.1 0.0671302 0.0102588 0.627451 0.627451 0.643137
v 1.1 0.0692615 0.00700933 0.627451 0.627451 0.643137
v 1.1 0.0653974 0.0151343 0.627451 0.627451 0.643137
v 1.1 0.0657046 0.0138739 0.627451 0.627451 0.643137
v 1.1 0.067766 0.0091279 0.627451 0.627451 0.643137
v 1.1 0.066097 0.0126373 0.627451 0.627451 0.643137
v 1.1 0.065 0.019 0.627451 0.627451 0.643137
v 1.1 0.0788739 0.000704572 0.627451 0.627451 0.643137
v 1.1 0.0801343 0.000397402 0.627451 0.627451 0.643137
v 1.1 0.0764304 0.00157299 0.627451 0.627451 0.643137
v 1.1 0.0776373 0.00109704 0.627451 0.627451 0.643137
v 1.1 0.0710315 0.00511412 0.627451 0.627451 0.643137
v 1.1 0.0720093 0.00426149 0.627451 0.627451 0.643137
v 1.1 0.0814128 0.000176967 0.627451 0.627451 0.643137
v 1.1 0.0827034 4.42934e-05 0.627451 0.627451 0.643137
v 1.1 0.0741279 0.00276603 0.627451 0.627451 0.643137
v 1.1 0.0752588 0.00213018 0.627451 0.627451 0.643137
v 1.1 0.0730431 0.00347757 0.627451 0.627451 0.643137
v 1.1 0.065177 0.0164128 0.627451 0.627451 0.643137
v 1.1 0.0650443 0.0177034 0.627451 0.627451 0.643137
v 1.1 0.0701141 0.00603149 0.627451 0.627451 0.643137
v 1.1 0.084 0 0.627451 0.627451 0.643137
vn -0 1 -6.12323e-17
vn 0 0.997669 0.0682424
vn 0 0.990686 0.136167
vn 0 0.979084 0.203456
vn 0 0.962917 0.269797
vn 0 0.942261 0.33488
vn 0 0.917211 0.398401
vn 0 0.887885 0.460065
vn 0 0.854419 0.519584
vn 0 0.81697 0.57668
vn 0 0.775711 0.631088
vn 0 0.730836 0.682553
vn 0 0.682553 0.730836
vn 0 0.631088 0.775711
vn 0 0.57668 0.81697
vn 0 0.519584 0.854419
vn 0 0.460065 0.887885
vn 0 0.398401 0.917211
vn 0 0.33488 0.942261
vn 0 0.269797 0.962917
vn 0 0.203456 0.979084
vn 0 0.136167 0.990686
vn 0 0.0682424 0.997669
vn 0 1.22465e-16 1
vn -0 -1 -1.83697e-16
vn 0 -0.997669 0.0682424
vn 0 -0.990686 0.136167
vn 0 -0.979084 0.203456
vn 0 -0.962917 0.269797
vn 0 -0.942261 0.33488
vn 0 -0.917211 0.398401
vn 0 -0.887885 0.460065
vn 0 -0.854419 0.519584
vn 0 -0.81697 0.57668
vn 0 -0.775711 0.631088
vn 0 -0.730836 0.682553
vn 0 -0.682553 0.730836
vn 0 -0.631088 0.775711
vn 0 -0.57668 0.81697
vn 0 -0.519584 0.854419
vn 0 -0.460065 0.887885
vn 0 -0.398401 0.917211
vn 0 -0.33488 0.942261
vn 0 -0.269797 0.962917
vn 0 -0.203456 0.979084
vn 0 -0.136167 0.990686
vn 0 -0.0682424 0.997669
vn 0 -2.44929e-16 1
vn -0 1 -0
vn -1 -0 0
vn 1 -0 -0
vn 0 -1 1.83697e-16
vn 0 -0.997669 -0.0682424
vn 0 -0.990686 -0.136167
vn 0 -0.979084 -0.203456
vn 0 -0.962917 -0.269797
vn 0 -0.942261 -0.33488
vn 0 -0.917211 -0.398401
vn 0 -0.887885 -0.460065
vn 0 -0.854419 -0.519584
vn 0 -0.81697 -0.57668
vn 0 -0.775711 -0.631088
vn 0 -0.730836 -0.682553
vn 0 -0.682553 -0.730836
vn 0 -0.631088 -0.775711
vn 0 -0.57668 -0.81697
vn 0 -0.519584 -0.854419
vn 0 -0.460065 -0.887885
vn 0 -0.398401 -0.917211
vn 0 -0.33488 -0.942261
vn 0 -0.269797 -0.962917
vn 0 -0.203456 -0.979084
vn 0 -0.136167 -0.990686
vn 0 -0.0682424 -0.997669
vn 0 6.43249e-16 -1
vn -0 -1 -0
vt 1.5708 1.1
vt 1.5708 0.8
vt 1.63909 0.8
vt 1.63909 1.1
vt 1.70739 0.8
vt 1.70739 1.1
vt 1.77568 0.8
vt 1.77568 1.1
vt 1.84398 0.8
vt 1.84398 1.1
vt 1.91227 0.8
vt 1.91227 1.1
vt 1.98057 0.8
vt 1.98057 1.1
vt 2.04886 0.8
vt 2.04886 1.1
vt 2.11716 0.8
vt 2.11716 1.1
vt 2.18546 0.8
vt 2.18546 1.1
vt 2.25375 0.8
vt 2.25375 1.1
vt 2.32205 0.8
vt 2.32205 1.1
vt 2.39034 0.8
vt 2.39034 1.1
vt 2.45864 0.8
vt 2.45864 1.1
vt 2.52693 0.8
vt 2.52693 1.1
vt 2.59523 0.8
vt 2.59523 1.1
vt 2.66352 0.8
vt 2.66352 1.1
vt 2.73182 0.8
vt 2.73182 1.1
vt 2.80012 0.8
vt 2.80012 1.1
vt 2.86841 0.8
vt 2.86841 1.1
vt 2.93671 0.8
vt 2.93671 1.1
vt 3.005 0.8
vt 3.005 1.1
vt 3.0733 0.8
vt 3.0733 1.1
vt 3.14159 0.8
vt 3.14159 1.1
vt 0.8 0.293
vt 1.1 0.293
vt 1.1 0.296
vt 0.8 0.296
vt 4.71239 -0.8
vt 4.71239 -1.1
vt 4.78068 -1.1
vt 4.78068 -0.8
vt 4.84898 -1.1
vt 4.84898 -0.8
vt 4.91728 -1.1
vt 4.91728 -0.8
vt 4.98557 -1.1
vt 4.98557 -0.8
vt 5.05387 -1.1
vt 5.05387 -0.8
vt 5.12216 -1.1
vt 5.12216 -0.8
vt 5.19046 -1.1
vt 5.19046 -0.8
vt 5.25875 -1.1
vt 5.25875 -0.8
vt 5.32705 -1.1
vt 5.32705 -0.8
vt 5.39534 -1.1
vt 5.39534 -0.8
vt 5.46364 -1.1
vt 5.46364 -0.8
vt 5.53193 -1.1
vt 5.53193 -0.8
vt 5.60023 -1.1
vt 5.60023 -0.8
vt 5.66853 -1.1
vt 5.66853 -0.8
vt 5.73682 -1.1
vt 5.73682 -0.8
vt 5.80512 -1.1
vt 5.80512 -0.8
vt 5.87341 -1.1
vt 5.87341 -0.8
vt 5.94171 -1.1
vt 5.94171 -0.8
vt 6.01 -1.1
vt 6.01 -0.8
vt 6.0783 -1.1
vt 6.0783 -0.8
vt 6.14659 -1.1
vt 6.14659 -0.8
vt 6.21489 -1.1
vt 6.21489 -0.8
vt 6.28319 -1.1
vt 6.28319 -0.8
vt 0.02 0.04
vt 0.02 -0.26
vt -0.066 -0.26
vt -0.066 0.04
vt 0.0129907 0.0782615
vt 0.00736271 0.075097
vt 0.00612614 0.0747046
vt -0.0648859 0.0800315
vt -0.067234 0.0831279
vt -0.0678698 0.0842588
vt -0.0657385 0.0810093
vt -0.0665224 0.0820431
vt 0.00856962 0.075573
vt 0.0119569 0.0774776
vt 0.0108721 0.076766
vt -0.068427 0.0854304
vt -0.0573627 0.075097
vt -0.0585696 0.075573
vt -0.0535872 0.074177
vt -0.0548657 0.0743974
vt 0.00486566 0.0743974
vt 0.001 0.074
vt 0.0165224 0.0820431
vt 0.0157385 0.0810093
vt 0.0192954 0.0878739
vt 0.018903 0.0866373
vt 0.019823 0.0904128
vt 0.0196026 0.0891343
vt -0.066 0.1
vt -0.0687302 0.0989233
vt -0.0685244 0.0991028
vt -0.0639685 0.0791141
vt -0.0619569 0.0774776
vt -0.0629907 0.0782615
vt -0.0597412 0.0761302
vt -0.0522966 0.0740443
vt 0.00358717 0.074177
vt 0.00229661 0.0740443
vt 0.00974124 0.0761302
vt 0.017234 0.0831279
vt 0.018427 0.0854304
vt 0.0178698 0.0842588
vt 0.02 0.093
vt 0.0199557 0.0917034
vt -0.0678403 0.0995515
vt -0.0673395 0.099769
vt -0.0670792 0.0998517
vt -0.0683067 0.0992679
vt -0.069769 0.0973395
vt -0.0696688 0.0975936
vt -0.0699163 0.0968138
vt -0.0698517 0.0970792
vt -0.051 0.074
vt -0.0696026 0.0891343
vt -0.069823 0.0904128
vt -0.068903 0.0866373
vt -0.0692954 0.0878739
vt -0.0608721 0.076766
vt -0.0561261 0.0747046
vt 0.0148859 0.0800315
vt 0.0139685 0.0791141
vt -0.0668138 0.0999163
vt -0.0665447 0.0999627
vt -0.0675936 0.0996688
vt -0.0680783 0.0994177
vt -0.0699907 0.096273
vt -0.0699627 0.0965447
vt -0.0699557 0.0917034
vt -0.0689233 0.0987302
vt -0.0692679 0.0983067
vt -0.0691028 0.0985244
vt -0.066273 0.0999907
vt -0.0695515 0.0978403
vt -0.0694177 0.0980783
vt -0.07 0.096
vt -0.07 0.093
vt 0.02 0.1
vt 0.068427 0.0854304
vt 0.0597412 0.0761302
vt 0.0585696 0.075573
vt 0.0639685 0.0791141
vt 0.0629907 0.0782615
vt 0.0648859 0.0800315
vt 0.067234 0.0831279
vt 0.0665224 0.0820431
vt 0.0678698 0.0842588
vt -0.0119569 0.0774776
vt -0.00856962 0.075573
vt -0.00974124 0.0761302
vt -0.0129907 0.0782615
vt -0.00486566 0.0743974
vt -0.00612614 0.0747046
vt 0.0561261 0.0747046
vt 0.0548657 0.0743974
vt 0.0608721 0.076766
vt -0.0108721 0.076766
vt -0.00736271 0.075097
vt 0.0535872 0.074177
vt 0.0619569 0.0774776
vt 0.0657385 0.0810093
vt 0.0522966 0.0740443
vt 0.0696026 0.0891343
vt 0.0692954 0.0878739
vt 0.0699557 0.0917034
vt 0.069823 0.0904128
vt 0.066 0.1
vt 0.069769 0.0973395
vt 0.0698517 0.0970792
vt 0.0695515 0.0978403
vt 0.0696688 0.0975936
vt 0.0683067 0.0992679
vt 0.0685244 0.0991028
vt 0.0678403 0.0995515
vt 0.0668138 0.0999163
vt 0.0670792 0.0998517
vt -0.001 0.074
vt -0.0192954 0.0878739
vt -0.0196026 0.0891343
vt -0.018427 0.0854304
vt -0.018903 0.0866373
vt -0.0148859 0.0800315
vt -0.0157385 0.0810093
vt 0.0573627 0.075097
vt 0.068903 0.0866373
vt 0.07 0.093
vt 0.0699163 0.0968138
vt 0.0699627 0.0965447
vt 0.0689233 0.0987302
vt 0.0691028 0.0985244
vt 0.0680783 0.0994177
vt 0.0673395 0.099769
vt 0.066273 0.0999907
vt 0.0665447 0.0999627
vt -0.019823 0.0904128
vt -0.0199557 0.0917034
vt -0.017234 0.0831279
vt -0.0178698 0.0842588
vt -0.0165224 0.0820431
vt -0.00358717 0.074177
vt -0.00229661 0.0740443
vt 0.0687302 0.0989233
vt -0.0139685 0.0791141
vt 0.0699907 0.096273
vt 0.0692679 0.0983067
vt 0.0694177 0.0980783
vt 0.051 0.074
vt 0.0675936 0.0996688
vt -0.02 0.093
vt -0.02 0.1
vt 0.07 0.096
vt 4.71239 0.04
vt 4.71239 -0.26
vt 4.78068 -0.26
vt 4.78068 0.04
vt 4.84898 -0.26
vt 4.84898 0.04
vt 4.91728 -0.26
vt 4.91728 0.04
vt 4.98557 -0.26
vt 4.98557 0.04
vt 5.05387 -0.26
vt 5.05387 0.04
vt 5.12216 -0.26
vt 5.12216 0.04
vt 5.19046 -0.26
vt 5.19046 0.04
vt 5.25875 -0.26
vt 5.25875 0.04
vt 5.32705 -0.26
vt 5.32705 0.04
vt 5.39534 -0.26
vt 5.39534 0.04
vt 5.46364 -0.26
vt 5.46364 0.04
vt 5.53193 -0.26
vt 5.53193 0.04
vt 5.60023 -0.26
vt 5.60023 0.04
vt 5.66853 -0.26
vt 5.66853 0.04
vt 5.73682 -0.26
vt 5.73682 0.04
vt 5.80512 -0.26
vt 5.80512 0.04
vt 5.87341 -0.26
vt 5.87341 0.04
vt 5.94171 -0.26
vt 5.94171 0.04
vt 6.01 -0.26
vt 6.01 0.04
vt 6.0783 -0.26
vt 6.0783 0.04
vt 6.14659 -0.26
vt 6.14659 0.04
vt 6.21489 -0.26
vt 6.21489 0.04
vt 6.28319 -0.26
vt 6.28319 0.04
vt 0.8 0.3
vt 1.1 0.3
vt 1.1 0.293
vt 0.8 0.293
vt 0.051 0.04
vt 0.051 -0.26
vt -0.001 -0.26
vt -0.001 0.04
f 355/837/194 356/838/194 357/839/195
f 358/840/195 357/839/195 359/841/196
f 360/842/196 359/841/196 361/843/197
f 362/844/197 361/843/197 363/845/198
f 364/846/198 363/845/198 365/847/199
f 366/848/199 365/847/199 367/849/200
f 368/850/200 367/849/200 369/851/201
f 370/852/201 369/851/201 371/853/202
f 372/854/202 371/853/202 373/855/203
f 374/856/203 373/855/203 375/857/204
f 376/858/204 375/857/204 377/859/205
f 378/860/205 377/859/205 379/861/206
f 380/862/206 379/861/206 381/863/207
f 382/864/207 381/863/207 383/865/208
f 384/866/208 383/865/208 385/867/209
f 386/868/209 385/867/209 387/869/210
f 388/870/210 387/869/210 389/871/211
f 390/872/211 389/871/211 391/873/212
f 392/874/212 391/873/212 393/875/213
f 394/876/213 393/875/213 395/877/214
f 396/878/214 395/877/214 397/879/215
f 398/880/215 397/879/215 399/881/216
f 400/882/216 399/881/216 401/883/217
f 401/883/217 402/884/217 400/882/216
f 399/881/216 400/882/216 398/880/215
f 397/879/215 398/880/215 396/878/214
f 395/877/214 396/878/214 394/876/213
f 393/875/213 394/876/213 392/874/212
f 391/873/212 392/874/212 390/872/211
f 389/871/211 390/872/211 388/870/210
f 387/869/210 388/870/210 386/868/209
f 385/867/209 386/868/209 384/866/208
f 383/865/208 384/866/208 382/864/207
f 381/863/207 382/864/207 380/862/206
f 379/861/206 380/862/206 378/860/205
f 377/859/205 378/860/205 376/858/204
f 375/857/204 376/858/204 374/856/203
f 373/855/203 374/856/203 372/854/202
f 371/853/202 372/854/202 370/852/201
f 369/851/201 370/852/201 368/850/200
f 367/849/200 368/850/200 366/848/199
f 365/847/199 366/848/199 364/846/198
f 363/845/198 364/846/198 362/844/197
f 361/843/197 362/844/197 360/842/196
f 359/841/196 360/842/196 358/840/195
f 357/839/195 358/840/195 355/837/194
f 403/885/217 404/886/217 402/887/217
f 402/887/217 401/888/217 403/885/217
f 405/889/218 406/890/218 407/891/219
f 408/892/219 407/891/219 409/893/220
f 410/894/220 409/893/220 411/895/221
f 412/896/221 411/895/221 413/897/222
f 414/898/222 413/897/222 415/899/223
f 416/900/223 415/899/223 417/901/224
f 418/902/224 417/901/224 419/903/225
f 420/904/225 419/903/225 421/905/226
f 422/906/226 421/905/226 423/907/227
f 424/908/227 423/907/227 425/909/228
f 426/910/228 425/909/228 427/911/229
f 428/912/229 427/911/229 429/913/230
f 430/914/230 429/913/230 431/915/231
f 432/916/231 431/915/231 433/917/232
f 434/918/232 433/917/232 435/919/233
f 436/920/233 435/919/233 437/921/234
f 438/922/234 437/921/234 439/923/235
f 440/924/235 439/923/235 441/925/236
f 442/926/236 441/925/236 443/927/237
f 444/928/237 443/927/237 445/929/238
f 446/930/238 445/929/238 447/931/239
f 448/932/239 447/931/239 449/933/240
f 450/934/240 449/933/240 404/935/241
f 404/935/241 403/936/241 450/934/240
f 449/933/240 450/934/240 448/932/239
f 447/931/239 448/932/239 446/930/238
f 445/929/238 446/930/238 444/928/237
f 443/927/237 444/928/237 442/926/236
f 441/925/236 442/926/236 440/924/235
f 439/923/235 440/924/235 438/922/234
f 437/921/234 438/922/234 436/920/233
f 435/919/233 436/920/233 434/918/232
f 433/917/232 434/918/232 432/916/231
f 431/915/231 432/916/231 430/914/230
f 429/913/230 430/914/230 428/912/229
f 427/911/229 428/912/229 426/910/228
f 425/909/228 426/910/228 424/908/227
f 423/907/227 424/908/227 422/906/226
f 421/905/226 422/906/226 420/904/225
f 419/903/225 420/904/225 418/902/224
f 417/901/224 418/902/224 416/900/223
f 415/899/223 416/900/223 414/898/222
f 413/897/222 414/898/222 412/896/221
f 411/895/221 412/896/221 410/894/220
f 409/893/220 410/894/220 408/892/219
f 407/891/219 408/892/219 405/889/218
f 451/937/242 452/938/242 356/939/242
f 356/939/242 355/940/242 451/937/242
f 453/941/243 454/942/243 455/943/243
f 430/944/243 436/945/243 438/946/243
f 430/944/243 432/947/243 434/948/243
f 453/941/243 456/949/243 454/942/243
f 456/949/243 457/950/243 458/951/243
f 434/948/243 436/945/243 430/944/243
f 440/952/243 416/953/243 418/954/243
f 440/952/243 410/955/243 412/956/243
f 455/943/243 459/957/243 453/941/243
f 456/949/243 453/941/243 457/950/243
f 460/958/243 461/959/243 462/960/243
f 460/958/243 463/961/243 464/962/243
f 460/958/243 465/963/243 466/964/243
f 356/965/243 377/966/243 375/967/243
f 440/952/243 428/968/243 430/944/243
f 440/952/243 424/969/243 426/970/243
f 418/954/243 420/971/243 440/952/243
f 440/952/243 408/972/243 410/955/243
f 453/941/243 467/973/243 468/974/243
f 458/951/243 469/975/243 456/949/243
f 460/958/243 470/976/243 461/959/243
f 460/958/243 471/977/243 472/978/243
f 466/964/243 463/961/243 460/958/243
f 460/958/243 473/979/243 474/980/243
f 369/981/243 365/982/243 363/983/243
f 375/967/243 373/984/243 356/965/243
f 356/965/243 391/985/243 389/986/243
f 356/965/243 395/987/243 393/988/243
f 405/989/243 446/990/243 448/991/243
f 405/989/243 442/992/243 444/993/243
f 426/970/243 428/968/243 440/952/243
f 420/971/243 422/994/243 440/952/243
f 412/956/243 414/995/243 440/952/243
f 459/957/243 467/973/243 453/941/243
f 460/958/243 475/996/243 476/997/243
f 472/978/243 470/976/243 460/958/243
f 474/980/243 465/963/243 460/958/243
f 369/981/243 361/998/243 359/999/243
f 369/981/243 367/1000/243 365/982/243
f 373/984/243 371/1001/243 356/965/243
f 393/988/243 391/985/243 356/965/243
f 356/965/243 399/1002/243 397/1003/243
f 448/991/243 450/1004/243 405/989/243
f 405/989/243 440/952/243 442/992/243
f 422/994/243 424/969/243 440/952/243
f 440/952/243 405/989/243 408/972/243
f 476/997/243 453/941/243 460/958/243
f 464/962/243 471/977/243 460/958/243
f 363/983/243 361/998/243 369/981/243
f 356/965/243 379/1005/243 377/966/243
f 356/965/243 383/1006/243 381/1007/243
f 397/1003/243 395/987/243 356/965/243
f 444/993/243 446/990/243 405/989/243
f 414/995/243 416/953/243 440/952/243
f 473/979/243 460/958/243 405/989/243
f 462/960/243 475/996/243 460/958/243
f 359/999/243 357/1008/243 369/981/243
f 381/1007/243 379/1005/243 356/965/243
f 356/965/243 387/1009/243 385/1010/243
f 356/965/243 401/1011/243 399/1002/243
f 438/946/243 440/952/243 430/944/243
f 468/974/243 460/958/243 453/941/243
f 371/1001/243 369/981/243 356/965/243
f 389/986/243 387/1009/243 356/965/243
f 405/989/243 403/1012/243 473/979/243
f 473/979/243 401/1011/243 356/965/243
f 385/1010/243 383/1006/243 356/965/243
f 450/1004/243 403/1012/243 405/989/243
f 357/1008/243 356/965/243 369/981/243
f 356/965/243 452/1013/243 473/979/243
f 403/1012/243 401/1011/243 473/979/243
f 439/1014/244 419/1015/244 417/1016/244
f 439/1014/244 427/1017/244 425/1018/244
f 429/1019/244 435/1020/244 433/1021/244
f 429/1019/244 439/1014/244 437/1022/244
f 477/1023/244 478/1024/244 479/1025/244
f 480/1026/244 481/1027/244 482/1028/244
f 439/1014/244 413/1029/244 411/1030/244
f 439/1014/244 421/1031/244 419/1015/244
f 439/1014/244 429/1019/244 427/1017/244
f 437/1022/244 435/1020/244 429/1019/244
f 479/1025/244 483/1032/244 477/1023/244
f 482/1028/244 484/1033/244 480/1026/244
f 411/1030/244 409/1034/244 439/1014/244
f 439/1014/244 423/1035/244 421/1031/244
f 433/1021/244 431/1036/244 429/1019/244
f 407/1037/244 445/1038/244 443/1039/244
f 407/1037/244 449/1040/244 447/1041/244
f 355/1042/244 392/1043/244 394/1044/244
f 355/1042/244 388/1045/244 390/1046/244
f 355/1042/244 374/1047/244 376/1048/244
f 370/1049/244 362/1050/244 364/1051/244
f 485/1052/244 486/1053/244 487/1054/244
f 485/1052/244 488/1055/244 489/1056/244
f 485/1052/244 490/1057/244 491/1058/244
f 484/1033/244 478/1024/244 480/1026/244
f 439/1014/244 415/1059/244 413/1029/244
f 425/1018/244 423/1035/244 439/1014/244
f 443/1039/244 441/1060/244 407/1037/244
f 407/1037/244 404/1061/244 449/1040/244
f 355/1042/244 396/1062/244 398/1063/244
f 390/1046/244 392/1043/244 355/1042/244
f 355/1042/244 380/1064/244 382/1065/244
f 355/1042/244 372/1066/244 374/1047/244
f 364/1051/244 366/1067/244 370/1049/244
f 370/1049/244 358/1068/244 360/1069/244
f 485/1052/244 492/1070/244 493/1071/244
f 489/1056/244 486/1053/244 485/1052/244
f 485/1052/244 494/1072/244 495/1073/244
f 491/1058/244 496/1074/244 485/1052/244
f 480/1026/244 497/1075/244 481/1027/244
f 480/1026/244 485/1052/244 498/1076/244
f 417/1016/244 415/1059/244 439/1014/244
f 447/1041/244 445/1038/244 407/1037/244
f 394/1044/244 396/1062/244 355/1042/244
f 355/1042/244 378/1077/244 380/1064/244
f 355/1042/244 370/1049/244 372/1066/244
f 360/1069/244 362/1050/244 370/1049/244
f 487/1054/244 492/1070/244 485/1052/244
f 496/1074/244 494/1072/244 485/1052/244
f 485/1052/244 480/1026/244 499/1078/244
f 498/1076/244 497/1075/244 480/1026/244
f 441/1060/244 439/1014/244 407/1037/244
f 398/1063/244 400/1079/244 355/1042/244
f 355/1042/244 384/1080/244 386/1081/244
f 376/1048/244 378/1077/244 355/1042/244
f 370/1049/244 355/1042/244 358/1068/244
f 495/1073/244 488/1055/244 485/1052/244
f 477/1023/244 480/1026/244 478/1024/244
f 404/1061/244 406/1082/244 485/1052/244
f 409/1034/244 407/1037/244 439/1014/244
f 386/1081/244 388/1045/244 355/1042/244
f 366/1067/244 368/1083/244 370/1049/244
f 499/1078/244 490/1057/244 485/1052/244
f 407/1037/244 406/1082/244 404/1061/244
f 382/1065/244 384/1080/244 355/1042/244
f 500/1084/244 451/1085/244 355/1042/244
f 485/1052/244 500/1084/244 404/1061/244
f 355/1042/244 402/1086/244 500/1084/244
f 500/1084/244 402/1086/244 404/1061/244
f 493/1071/244 500/1084/244 485/1052/244
f 400/1079/244 402/1086/244 355/1042/244
f 485/1087/245 460/1088/245 468/1089/246
f 498/1090/246 468/1089/246 467/1091/247
f 497/1092/247 467/1091/247 459/1093/248
f 481/1094/248 459/1093/248 455/1095/249
f 482/1096/249 455/1095/249 454/1097/250
f 484/1098/250 454/1097/250 456/1099/251
f 478/1100/251 456/1099/251 469/1101/252
f 479/1102/252 469/1101/252 458/1103/253
f 483/1104/253 458/1103/253 457/1105/254
f 477/1106/254 457/1105/254 453/1107/255
f 480/1108/255 453/1107/255 476/1109/256
f 499/1110/256 476/1109/256 475/1111/257
f 490/1112/257 475/1111/257 462/1113/258
f 491/1114/258 462/1113/258 461/1115/259
f 496/1116/259 461/1115/259 470/1117/260
f 494/1118/260 470/1117/260 472/1119/261
f 495/1120/261 472/1119/261 471/1121/262
f 488/1122/262 471/1121/262 464/1123/263
f 489/1124/263 464/1123/263 463/1125/264
f 486/1126/264 463/1125/264 466/1127/265
f 487/1128/265 466/1127/265 465/1129/266
f 492/1130/266 465/1129/266 474/1131/267
f 493/1132/267 474/1131/267 473/1133/268
f 473/1133/268 500/1134/268 493/1132/267
f 474/1131/267 493/1132/267 492/1130/266
f 465/1129/266 492/1130/266 487/1128/265
f 466/1127/265 487/1128/265 486/1126/264
f 463/1125/264 486/1126/264 489/1124/263
f 464/1123/263 489/1124/263 488/1122/262
f 471/1121/262 488/1122/262 495/1120/261
f 472/1119/261 495/1120/261 494/1118/260
f 470/1117/260 494/1118/260 496/1116/259
f 461/1115/259 496/1116/259 491/1114/258
f 462/1113/258 491/1114/258 490/1112/257
f 475/1111/257 490/1112/257 499/1110/256
f 476/1109/256 499/1110/256 480/1108/255
f 453/1107/255 480/1108/255 477/1106/254
f 457/1105/254 477/1106/254 483/1104/253
f 458/1103/253 483/1104/253 479/1102/252
f 469/1101/252 479/1102/252 478/1100/251
f 456/1099/251 478/1100/251 484/1098/250
f 454/1097/250 484/1098/250 482/1096/249
f 455/1095/249 482/1096/249 481/1094/248
f 459/1093/248 481/1094/248 497/1092/247
f 467/1091/247 497/1092/247 498/1090/246
f 468/1089/246 498/1090/246 485/1087/245
f 452/1135/268 451/1136/268 500/1137/268
f 500/1137/268 473/1138/268 452/1135/268
f 406/1139/269 405/1140/269 460/1141/269
f 460/1141/269 485/1142/269 406/1139/269
g Body_11
v 1.4652 0.490456 0 0.627451 0.627451 0.643137
v 1.7152 0.490456 0 0.627451 0.627451 0.643137
v 1.7152 0.140456 0 0.627451 0.627451 0.643137
v 1.4652 0.140456 0 0.627451 0.627451 0.643137
v 1.4652 0.490456 0.5 0.627451 0.627451 0.643137
v 1.4652 0.140456 0.5 0.627451 0.627451 0.643137
v 1.7152 0.140456 0.5 0.627451 0.627451 0.643137
v 1.7152 0.490456 0.5 0.627451 0.627451 0.643137
vn -0 -0 -1
vn -1 0 0
vn 0 0 1
vn 0 1 0
vn 1 0 -0
vn 6.82514e-17 -1 0
vt -0.490456 1.4652
vt -0.490456 1.7152
vt -0.140456 1.7152
vt -0.140456 1.4652
vt 0.45 0.195
vt -0.05 0.195
vt -0.05 -0.155
vt 0.45 -0.155
vt -0.490456 1.4652
vt -0.140456 1.4652
vt -0.140456 1.7152
vt -0.490456 1.7152
vt 0.45 -0.055
vt -0.05 -0.055
vt -0.05 -0.305
vt 0.45 -0.305
vt -0.45 -0.155
vt 0.05 -0.155
vt 0.05 0.195
vt -0.45 0.195
vt -0.305 0.45
vt -0.305 -0.05
vt -0.055 -0.05
vt -0.055 0.45
f 501/1143/270 502/1144/270 503/1145/270
f 503/1145/270 504/1146/270 501/1143/270
f 505/1147/271 501/1148/271 504/1149/271
f 504/1149/271 506/1150/271 505/1147/271
f 505/1151/272 506/1152/272 507/1153/272
f 507/1153/272 508/1154/272 505/1151/272
f 508/1155/273 502/1156/273 501/1157/273
f 501/1157/273 505/1158/273 508/1155/273
f 507/1159/274 503/1160/274 502/1161/274
f 502/1161/274 508/1162/274 507/1159/274
f 506/1163/275 504/1164/275 503/1165/275
f 503/1165/275 507/1166/275 506/1163/275
g Body_01_(1)_(3)
v 0.00804095 0.130776 0.015 0.627451 0.627451 0.643137
v 0.247041 0.130776 0.015 0.627451 0.627451 0.643137
v 0.247041 0.125316 0 0.627451 0.627451 0.643137
v 0.00804095 0.125316 0 0.627451 0.627451 0.643137
v 0.247041 0.0573164 0 0.627451 0.627451 0.643137
v 0.00804095 0.0573164 0 0.627451 0.627451 0.643137
v 0.00804095 0.0573164 0.015 0.627451 0.627451 0.643137
v 0.247041 0.0573164 0.015 0.627451 0.627451 0.643137
vn 0 0.939693 -0.34202
vn -0 -0 -1
vn -1 -0 0
vn -0 -1 -0
vn 0 0 1
vn 1 -0 -0
vt -0.0540373 -0.057
vt -0.0540373 0.182
vt -0.07 0.182
vt -0.07 -0.057
vt 0.247041 -0.0736836
vt 0.00804095 -0.0736836
vt 0.00804095 -0.00568363
vt 0.247041 -0.00568363
vt 0.055 -0.108
vt 0.055 -0.0345404
vt 0.07 -0.04
vt 0.07 -0.108
vt -0.055 -0.057
vt -0.07 -0.057
vt -0.07 0.182
vt -0.055 0.182
vt 0.00804095 -0.0736836
vt 0.247041 -0.0736836
vt 0.247041 -0.000224073
vt 0.00804095 -0.000224073
vt -0.055 -0.108
vt -0.07 -0.108
vt -0.07 -0.04
vt -0.055 -0.0345404
f 509/1167/276 510/1168/276 511/1169/276
f 511/1169/276 512/1170/276 509/1167/276
f 513/1171/277 514/1172/277 512/1173/277
f 512/1173/277 511/1174/277 513/1171/277
f 515/1175/278 509/1176/278 512/1177/278
f 512/1177/278 514/1178/278 515/1175/278
f 515/1179/279 514/1180/279 513/1181/279
f 513/1181/279 516/1182/279 515/1179/279
f 515/1183/280 516/1184/280 510/1185/280
f 510/1185/280 509/1186/280 515/1183/280
f 516/1187/281 513/1188/281 511/1189/281
f 511/1189/281 510/1190/281 516/1187/281
g Body_11_(1)_(2)
v 1.9652 0.490456 0 0.627451 0.627451 0.643137
v 2.2152 0.490456 0 0.627451 0.627451 0.643137
v 2.2152 0.140456 0 0.627451 0.627451 0.643137
v 1.9652 0.140456 0 0.627451 0.627451 0.643137
v 1.9652 0.490456 0.5 0.627451 0.627451 0.643137
v 1.9652 0.140456 0.5 0.627451 0.627451 0.643137
v 2.2152 0.140456 0.5 0.627451 0.627451 0.643137
v 2.2152 0.490456 0.5 0.627451 0.627451 0.643137
vn -0 -0 -1
vn -1 0 0
vn 0 0 1
vn 0 1 0
vn 1 0 -0
vn 6.82514e-17 -1 0
vt -0.490456 1.4652
vt -0.490456 1.7152
vt -0.140456 1.7152
vt -0.140456 1.4652
vt 0.45 0.195
vt -0.05 0.195
vt -0.05 -0.155
vt 0.45 -0.155
vt -0.490456 1.4652
vt -0.140456 1.4652
vt -0.140456 1.7152
vt -0.490456 1.7152
vt 0.45 -0.055
vt -0.05 -0.055
vt -0.05 -0.305
vt 0.45 -0.305
vt -0.45 -0.155
vt 0.05 -0.155
vt 0.05 0.195
vt -0.45 0.195
vt -0.305 0.45
vt -0.305 -0.05
vt -0.055 -0.05
vt -0.055 0.45
f 517/1191/282 518/1192/282 519/1193/282
f 519/1193/282 520/1194/282 517/1191/282
f 521/1195/283 517/1196/283 520/1197/283
f 520/1197/283 522/1198/283 521/1195/283
f 521/1199/284 522/1200/284 523/1201/284
f 523/1201/284 524/1202/284 521/1199/284
f 524/1203/285 518/1204/285 517/1205/285
f 517/1205/285 521/1206/285 524/1203/285
f 523/1207/286 519/1208/286 518/1209/286
f 518/1209/286 524/1210/286 523/1207/286
f 522/1211/287 520/1212/287 519/1213/287
f 519/1213/287 523/1214/287 522/1211/287
g Body_11_(1)_(3)
v 2.1172 0.490456 0 0.627451 0.627451 0.643137
v 2.1172 0.140456 0 0.627451 0.627451 0.643137
v 2.0782 0.140456 0 0.627451 0.627451 0.643137
v 2.0782 0.490456 0 0.627451 0.627451 0.643137
v 2.0782 0.490456 0.037 0.627451 0.627451 0.643137
v 2.0782 0.140456 0.037 0.627451 0.627451 0.643137
v 2.1172 0.140456 0.037 0.627451 0.627451 0.643137
v 2.1172 0.490456 0.037 0.627451 0.627451 0.643137
vn -0 -0 -1
vn -1 0 0
vn 0 0 1
vn 0 1 0
vn 1 0 -0
vn 6.82514e-17 -1 0
vt -0.490456 1.7172
vt -0.140456 1.7172
vt -0.140456 1.6782
vt -0.490456 1.6782
vt -0.013 0.195
vt -0.05 0.195
vt -0.05 -0.155
vt -0.013 -0.155
vt -0.490456 1.6782
vt -0.140456 1.6782
vt -0.140456 1.7172
vt -0.490456 1.7172
vt -0.013 -0.053
vt -0.05 -0.053
vt -0.05 -0.092
vt -0.013 -0.092
vt 0.013 -0.155
vt 0.05 -0.155
vt 0.05 0.195
vt 0.013 0.195
vt -0.092 -0.013
vt -0.092 -0.05
vt -0.053 -0.05
vt -0.053 -0.013
f 525/1215/288 526/1216/288 527/1217/288
f 527/1217/288 528/1218/288 525/1215/288
f 529/1219/289 528/1220/289 527/1221/289
f 527/1221/289 530/1222/289 529/1219/289
f 529/1223/290 530/1224/290 531/1225/290
f 531/1225/290 532/1226/290 529/1223/290
f 532/1227/291 525/1228/291 528/1229/291
f 528/1229/291 529/1230/291 532/1227/291
f 531/1231/292 526/1232/292 525/1233/292
f 525/1233/292 532/1234/292 531/1231/292
f 530/1235/293 527/1236/293 526/1237/293
f 526/1237/293 531/1238/293 530/1235/293
g Body_11_(5)
v 1.8977 0.27597 0.289602 0.627451 0.627451 0.643137
v 2.2977 0.27597 0.289602 0.627451 0.627451 0.643137
v 2.2977 0.203525 0.309013 0.627451 0.627451 0.643137
v 1.8977 0.203525 0.309013 0.627451 0.627451 0.643137
v 1.8977 0.280111 0.305057 0.627451 0.627451 0.643137
v 1.8977 0.207666 0.324468 0.627451 0.627451 0.643137
v 2.2977 0.207666 0.324468 0.627451 0.627451 0.643137
v 2.2977 0.280111 0.305057 0.627451 0.627451 0.643137
vn -0 -0.258819 -0.965926
vn -1 0 0
vn 0 0.258819 0.965926
vn 0 0.965926 -0.258819
vn 1 0 0
vn 6.82514e-17 -0.965926 0.258819
vt -0.205456 1.4977
vt -0.205456 1.8977
vt -0.130456 1.8977
vt -0.130456 1.4977
vt -0.034 -0.09
vt -0.05 -0.09
vt -0.05 -0.165
vt -0.034 -0.165
vt -0.205456 1.4977
vt -0.130456 1.4977
vt -0.130456 1.8977
vt -0.205456 1.8977
vt -0.034 0.1275
vt -0.05 0.1275
vt -0.05 -0.2725
vt -0.034 -0.2725
vt 0.05 -0.165
vt 0.05 -0.09
vt 0.034 -0.09
vt 0.034 -0.165
vt -0.2725 -0.034
vt -0.2725 -0.05
vt 0.1275 -0.05
vt 0.1275 -0.034
f 533/1239/294 534/1240/294 535/1241/294
f 535/1241/294 536/1242/294 533/1239/294
f 537/1243/295 533/1244/295 536/1245/295
f 536/1245/295 538/1246/295 537/1243/295
f 537/1247/296 538/1248/296 539/1249/296
f 539/1249/296 540/1250/296 537/1247/296
f 540/1251/297 534/1252/297 533/1253/297
f 533/1253/297 537/1254/297 540/1251/297
f 535/1255/298 534/1256/298 540/1257/298
f 540/1257/298 539/1258/298 535/1255/298
f 538/1259/299 536/1260/299 535/1261/299
f 535/1261/299 539/1262/299 538/1259/299
g Body_11_(2)
v 2.1172 0.176195 0.0254237 0.627451 0.627451 0.643137
v 2.1172 0.140456 0.035 0.627451 0.627451 0.643137
v 2.0782 0.140456 0.035 0.627451 0.627451 0.643137
v 2.0782 0.176195 0.0254237 0.627451 0.627451 0.643137
v 2.0782 0.171514 0.150911 0.627451 0.627451 0.643137
v 2.0782 0.207254 0.141335 0.627451 0.627451 0.643137
v 2.1172 0.171514 0.150911 0.627451 0.627451 0.643137
v 2.1172 0.207254 0.141335 0.627451 0.627451 0.643137
vn -0 -0.258819 -0.965926
vn -1 0 0
vn 0 0.258819 0.965926
vn 0 0.965926 -0.258819
vn 1 0 0
vn 6.82514e-17 -0.965926 0.258819
vt -0.177456 1.7172
vt -0.140456 1.7172
vt -0.140456 1.6782
vt -0.177456 1.6782
vt -0.05 -0.155
vt 0.07 -0.155
vt 0.07 -0.118
vt -0.05 -0.118
vt -0.177456 1.6782
vt -0.140456 1.6782
vt -0.140456 1.7172
vt -0.177456 1.7172
vt 0.07 -0.053
vt -0.05 -0.053
vt -0.05 -0.092
vt 0.07 -0.092
vt 0.05 -0.155
vt 0.05 -0.118
vt -0.07 -0.118
vt -0.07 -0.155
vt -0.092 0.07
vt -0.092 -0.05
vt -0.053 -0.05
vt -0.053 0.07
f 541/1263/300 542/1264/300 543/1265/300
f 543/1265/300 544/1266/300 541/1263/300
f 543/1267/301 545/1268/301 546/1269/301
f 546/1269/301 544/1270/301 543/1267/301
f 546/1271/302 545/1272/302 547/1273/302
f 547/1273/302 548/1274/302 546/1271/302
f 548/1275/303 541/1276/303 544/1277/303
f 544/1277/303 546/1278/303 548/1275/303
f 542/1279/304 541/1280/304 548/1281/304
f 548/1281/304 547/1282/304 542/1279/304
f 545/1283/305 543/1284/305 542/1285/305
f 542/1285/305 547/1286/305 545/1283/305
g Body_11_(3)
v 2.1172 0.177456 -0.085 0.627451 0.627451 0.643137
v 2.1172 0.140456 -0.085 0.627451 0.627451 0.643137
v 2.0782 0.140456 -0.085 0.627451 0.627451 0.643137
v 2.0782 0.177456 -0.085 0.627451 0.627451 0.643137
v 2.0782 0.177456 0.035 0.627451 0.627451 0.643137
v 2.0782 0.140456 0.035 0.627451 0.627451 0.643137
v 2.1172 0.140456 0.035 0.627451 0.627451 0.643137
v 2.1172 0.177456 0.035 0.627451 0.627451 0.643137
vn -0 -0 -1
vn -1 0 0
vn 0 0 1
vn 0 1 0
vn 1 0 -0
vn 6.82514e-17 -1 0
vt -0.177456 1.7172
vt -0.140456 1.7172
vt -0.140456 1.6782
vt -0.177456 1.6782
vt 0.07 -0.118
vt -0.05 -0.118
vt -0.05 -0.155
vt 0.07 -0.155
vt -0.177456 1.6782
vt -0.140456 1.6782
vt -0.140456 1.7172
vt -0.177456 1.7172
vt 0.07 -0.053
vt -0.05 -0.053
vt -0.05 -0.092
vt 0.07 -0.092
vt -0.07 -0.155
vt 0.05 -0.155
vt 0.05 -0.118
vt -0.07 -0.118
vt -0.092 0.07
vt -0.092 -0.05
vt -0.053 -0.05
vt -0.053 0.07
f 549/1287/306 550/1288/306 551/1289/306
f 551/1289/306 552/1290/306 549/1287/306
f 553/1291/307 552/1292/307 551/1293/307
f 551/1293/307 554/1294/307 553/1291/307
f 553/1295/308 554/1296/308 555/1297/308
f 555/1297/308 556/1298/308 553/1295/308
f 556/1299/309 549/1300/309 552/1301/309
f 552/1301/309 553/1302/309 556/1299/309
f 555/1303/310 550/1304/310 549/1305/310
f 549/1305/310 556/1306/310 555/1303/310
f 554/1307/311 551/1308/311 550/1309/311
f 550/1309/311 555/1310/311 554/1307/311
g Body_11_(3)_(2)
v 2.1457 0.226572 0.136158 0.627451 0.627451 0.643137
v 2.1457 0.171514 0.150911 0.627451 0.627451 0.643137
v 2.0497 0.171514 0.150911 0.627451 0.627451 0.643137
v 2.0497 0.226572 0.136158 0.627451 0.627451 0.643137
v 2.0497 0.213184 0.306425 0.627451 0.627451 0.643137
v 2.0497 0.268242 0.291672 0.627451 0.627451 0.643137
v 2.1457 0.213184 0.306425 0.627451 0.627451 0.643137
v 2.1457 0.268242 0.291672 0.627451 0.627451 0.643137
vn -0 -0.258819 -0.965926
vn -1 0 0
vn 0 0.258819 0.965926
vn 0 0.965926 -0.258819
vn 1 0 0
vn 6.82514e-17 -0.965926 0.258819
vt -0.197456 1.7457
vt -0.140456 1.7457
vt -0.140456 1.6497
vt -0.197456 1.6497
vt 0.111 -0.155
vt 0.111 -0.098
vt -0.05 -0.098
vt -0.05 -0.155
vt -0.197456 1.6497
vt -0.140456 1.6497
vt -0.140456 1.7457
vt -0.197456 1.7457
vt 0.111 -0.0245
vt -0.05 -0.0245
vt -0.05 -0.1205
vt 0.111 -0.1205
vt -0.111 -0.155
vt 0.05 -0.155
vt 0.05 -0.098
vt -0.111 -0.098
vt -0.1205 0.111
vt -0.1205 -0.05
vt -0.0245 -0.05
vt -0.0245 0.111
f 557/1311/312 558/1312/312 559/1313/312
f 559/1313/312 560/1314/312 557/1311/312
f 561/1315/313 562/1316/313 560/1317/313
f 560/1317/313 559/1318/313 561/1315/313
f 562/1319/314 561/1320/314 563/1321/314
f 563/1321/314 564/1322/314 562/1319/314
f 564/1323/315 557/1324/315 560/1325/315
f 560/1325/315 562/1326/315 564/1323/315
f 563/1327/316 558/1328/316 557/1329/316
f 557/1329/316 564/1330/316 563/1327/316
f 561/1331/317 559/1332/317 558/1333/317
f 558/1333/317 563/1334/317 561/1331/317
g Body_11_(6)
v 1.8977 0.295082 0.301045 0.627451 0.627451 0.643137
v 2.2977 0.295082 0.301045 0.627451 0.627451 0.643137
v 2.2977 0.192694 0.32848 0.627451 0.627451 0.643137
v 1.8977 0.192694 0.32848 0.627451 0.627451 0.643137
v 1.8977 0.31848 0.79792 0.627451 0.627451 0.643137
v 1.8977 0.420869 0.770485 0.627451 0.627451 0.643137
v 2.2977 0.31848 0.79792 0.627451 0.627451 0.643137
v 2.2977 0.420869 0.770485 0.627451 0.627451 0.643137
vn -0 -0.258819 -0.965926
vn -1 0 0
vn 0 0.258819 0.965926
vn 0 0.965926 -0.258819
vn 1 0 0
vn 6.82514e-17 -0.965926 0.258819
vt -0.220956 1.4977
vt -0.220956 1.8977
vt -0.114956 1.8977
vt -0.114956 1.4977
vt -0.05 -0.0745
vt -0.05 -0.1805
vt 0.436 -0.1805
vt 0.436 -0.0745
vt -0.114956 1.4977
vt -0.114956 1.8977
vt -0.220956 1.8977
vt -0.220956 1.4977
vt 0.436 0.1275
vt -0.05 0.1275
vt -0.05 -0.2725
vt 0.436 -0.2725
vt 0.05 -0.0745
vt -0.436 -0.0745
vt -0.436 -0.1805
vt 0.05 -0.1805
vt -0.2725 0.436
vt -0.2725 -0.05
vt 0.1275 -0.05
vt 0.1275 0.436
f 565/1335/318 566/1336/318 567/1337/318
f 567/1337/318 568/1338/318 565/1335/318
f 565/1339/319 568/1340/319 569/1341/319
f 569/1341/319 570/1342/319 565/1339/319
f 569/1343/320 571/1344/320 572/1345/320
f 572/1345/320 570/1346/320 569/1343/320
f 572/1347/321 566/1348/321 565/1349/321
f 565/1349/321 570/1350/321 572/1347/321
f 566/1351/322 572/1352/322 571/1353/322
f 571/1353/322 567/1354/322 566/1351/322
f 569/1355/323 568/1356/323 567/1357/323
f 567/1357/323 571/1358/323 569/1355/323
