g Body_1442_(2)
v 50.5747 2.0992 0.0357718 0.627451 0.627451 0.643137
v 50.5761 2.09839 0.0351917 0.627451 0.627451 0.643137
v 50.5788 2.09637 0.04453 0.627451 0.627451 0.643137
v 50.576 2.10752 0.0461326 0.627451 0.627451 0.643137
v 50.5179 2.2757 0.0266454 0.627451 0.627451 0.643137
v 50.5238 2.25228 0.0236088 0.627451 0.627451 0.643137
v 50.5693 2.12077 0.0388479 0.627451 0.627451 0.643137
v 50.5176 2.27642 0.0265618 0.627451 0.627451 0.643137
v 50.588 2.12644 0.0318789 0.627451 0.627451 0.643137
v 50.6295 1.9602 0.00817678 0.627451 0.627451 0.643137
v 50.6119 1.95487 0.0147359 0.627451 0.627451 0.643137
v 50.5397 2.26622 0.0156813 0.627451 0.627451 0.643137
v 50.5204 2.26038 0.0228728 0.627451 0.627451 0.643137
v 50.6279 1.96001 0.00365619 0.627451 0.627451 0.643137
v 50.6108 1.95484 0.0100108 0.627451 0.627451 0.643137
v 50.566 2.15373 -0.00516306 0.627451 0.627451 0.643137
v 50.5534 2.14992 -0.000478036 0.627451 0.627451 0.643137
v 50.5368 2.18325 0.00921073 0.627451 0.627451 0.643137
v 50.552 2.15594 0.000650809 0.627451 0.627451 0.643137
v 50.5349 2.17747 -0.0244985 0.627451 0.627451 0.643137
v 50.5452 2.16095 -0.0225399 0.627451 0.627451 0.643137
v 50.5289 2.19512 0.00458597 0.627451 0.627451 0.643137
v 50.5322 2.18225 -0.0236934 0.627451 0.627451 0.643137
v 50.5208 2.22304 0.0068068 0.627451 0.627451 0.643137
v 50.5157 2.23938 -0.0124726 0.627451 0.627451 0.643137
v 50.5138 2.23261 0.00233621 0.627451 0.627451 0.643137
v 50.4897 2.25513 0.00504904 0.627451 0.627451 0.643137
v 50.4911 2.26238 -0.00970145 0.627451 0.627451 0.643137
v 50.5599 2.16642 -0.0113082 0.627451 0.627451 0.643137
v 50.5307 2.21344 -0.01684 0.627451 0.627451 0.643137
v 50.5484 2.15125 -0.0232855 0.627451 0.627451 0.643137
v 50.5471 2.15359 -0.0234575 0.627451 0.627451 0.643137
v 50.5434 2.23035 -0.00348678 0.627451 0.627451 0.643137
v 50.5839 2.07823 -0.0184493 0.627451 0.627451 0.643137
v 50.5238 2.24424 -0.0105907 0.627451 0.627451 0.643137
v 50.5341 2.27117 0.00465851 0.627451 0.627451 0.643137
v 50.6162 1.97745 -0.0135028 0.627451 0.627451 0.643137
v 50.6125 1.95328 -0.0135028 0.627451 0.627451 0.643137
v 50.5992 1.97559 -0.0152441 0.627451 0.627451 0.643137
v 50.6211 1.93272 0.0279499 0.627451 0.627451 0.643137
v 50.6247 1.93217 -0.00673263 0.627451 0.627451 0.643137
v 50.1634 2.25351 -0.0435856 0.627451 0.627451 0.643137
v 50.487 2.25506 0.00477115 0.627451 0.627451 0.643137
v 50.4867 2.25438 0.00611278 0.627451 0.627451 0.643137
v 50.162 2.24558 -0.0274656 0.627451 0.627451 0.643137
v 50.157 2.2465 -0.0457858 0.627451 0.627451 0.643137
v 50.16 2.24359 -0.0286274 0.627451 0.627451 0.643137
v 50.1556 2.23883 -0.0301807 0.627451 0.627451 0.643137
v 50.156 2.23307 -0.0323914 0.627451 0.627451 0.643137
v 50.1578 2.22998 -0.0494151 0.627451 0.627451 0.643137
v 50.1563 2.22648 -0.0338393 0.627451 0.627451 0.643137
v 50.1591 2.24481 -0.0281101 0.627451 0.627451 0.643137
v 50.1483 2.23586 -0.0308771 0.627451 0.627451 0.643137
v 50.1528 2.22985 -0.0334284 0.627451 0.627451 0.643137
v 50.167 2.21681 -0.0349766 0.627451 0.627451 0.643137
v 50.1682 2.21964 -0.0475766 0.627451 0.627451 0.643137
v 50.1658 2.22272 -0.0502689 0.627451 0.627451 0.643137
v 50.1714 2.21693 -0.0345176 0.627451 0.627451 0.643137
v 50.1725 2.21869 -0.0422973 0.627451 0.627451 0.643137
v 50.1641 2.15236 -0.0580118 0.627451 0.627451 0.643137
v 50.1627 2.19765 -0.0562084 0.627451 0.627451 0.643137
v 50.0978 1.72674 -0.0421047 0.627451 0.627451 0.643137
v 50.0995 1.72649 -0.0580483 0.627451 0.627451 0.643137
v 50.1673 2.1849 -0.0421047 0.627451 0.627451 0.643137
v 50.1394 2.2357 -0.0499259 0.627451 0.627451 0.643137
v 50.1426 2.25426 -0.0454496 0.627451 0.627451 0.643137
v 50.1532 2.26488 -0.0420334 0.627451 0.627451 0.643137
v 50.4862 2.2739 -0.00759076 0.627451 0.627451 0.643137
v 50.1378 2.26063 -0.0427451 0.627451 0.627451 0.643137
v 50.1493 2.27012 -0.0398121 0.627451 0.627451 0.643137
v 50.132 2.25389 -0.0434399 0.627451 0.627451 0.643137
v 50.133 2.25758 -0.0426179 0.627451 0.627451 0.643137
v 50.1363 2.23591 -0.049247 0.627451 0.627451 0.643137
v 50.1313 2.25499 -0.0427068 0.627451 0.627451 0.643137
v 50.1319 2.25713 -0.0422414 0.627451 0.627451 0.643137
v 50.1311 2.2579 -0.0404245 0.627451 0.627451 0.643137
v 50.1304 2.25363 -0.042147 0.627451 0.627451 0.643137
v 50.131 2.25847 -0.0395496 0.627451 0.627451 0.643137
v 50.1345 2.26852 -0.0284114 0.627451 0.627451 0.643137
v 50.1536 2.27487 -0.0370808 0.627451 0.627451 0.643137
v 50.1274 2.24322 -0.0409671 0.627451 0.627451 0.643137
v 50.1214 2.22469 -0.03633 0.627451 0.627451 0.643137
v 50.13 2.26283 -0.0308913 0.627451 0.627451 0.643137
v 50.122 2.22195 -0.0392143 0.627451 0.627451 0.643137
v 50.116 2.20478 -0.0337073 0.627451 0.627451 0.643137
v 50.1201 2.22061 -0.0354891 0.627451 0.627451 0.643137
v 50.0978 2.14692 -0.0196082 0.627451 0.627451 0.643137
v 50.0919 2.13025 -0.0134716 0.627451 0.627451 0.643137
v 50.0474 1.99144 0.0249215 0.627451 0.627451 0.643137
v 50.0751 2.06591 -0.00488262 0.627451 0.627451 0.643137
v 50.0459 1.98446 0.0251119 0.627451 0.627451 0.643137
v 50.0359 1.9572 0.0366076 0.627451 0.627451 0.643137
v 50.0298 1.92906 0.0373753 0.627451 0.627451 0.643137
v 50.028 1.93283 0.0449507 0.627451 0.627451 0.643137
v 50.0304 1.94187 0.0434695 0.627451 0.627451 0.643137
v 50.0282 1.92278 0.0384055 0.627451 0.627451 0.643137
v 50.028 1.93989 0.052718 0.627451 0.627451 0.643137
v 50.0293 1.94371 0.0506323 0.627451 0.627451 0.643137
v 50.0275 1.93796 0.0529957 0.627451 0.627451 0.643137
v 50.1286 2.30027 0.0323143 0.627451 0.627451 0.643137
v 50.127 2.28112 0.00358658 0.627451 0.627451 0.643137
v 50.1261 2.29169 0.0221729 0.627451 0.627451 0.643137
v 50.1264 2.29869 0.033159 0.627451 0.627451 0.643137
v 50.1124 2.23932 0.0203253 0.627451 0.627451 0.643137
v 50.1263 2.2993 0.0346926 0.627451 0.627451 0.643137
v 50.1293 2.31265 0.0595878 0.627451 0.627451 0.643137
v 50.136 2.31256 0.0459933 0.627451 0.627451 0.643137
v 50.1505 2.21122 -0.0378357 0.627451 0.627451 0.643137
v 50.1666 2.18488 -0.0421848 0.627451 0.627451 0.643137
v 50.1486 2.2055 -0.0393009 0.627451 0.627451 0.643137
v 50.1492 2.20488 -0.0393872 0.627451 0.627451 0.643137
v 50.0792 1.74218 -0.0378485 0.627451 0.627451 0.643137
v 50.076 1.74266 -0.0524414 0.627451 0.627451 0.643137
v 50.1464 2.20531 -0.0524288 0.627451 0.627451 0.643137
v 50.1393 2.21349 -0.0506382 0.627451 0.627451 0.643137
v 50.1485 2.20564 -0.0392418 0.627451 0.627451 0.643137
v 50.143 2.21293 -0.0337471 0.627451 0.627451 0.643137
v 50.1437 2.23298 -0.030757 0.627451 0.627451 0.643137
v 50.1428 2.2295 -0.0315326 0.627451 0.627451 0.643137
v 50.0812 1.80663 -0.0337581 0.627451 0.627451 0.643137
v 50.0775 1.80719 -0.0506492 0.627451 0.627451 0.643137
v 50.0738 1.7504 -0.0517111 0.627451 0.627451 0.643137
v 50.0812 1.80619 -0.0337859 0.627451 0.627451 0.643137
v 50.0776 1.74982 -0.0341281 0.627451 0.627451 0.643137
v 50.1427 2.23255 -0.0304019 0.627451 0.627451 0.643137
v 50.1421 2.23053 -0.0308409 0.627451 0.627451 0.643137
v 50.1419 2.23328 -0.0286878 0.627451 0.627451 0.643137
v 50.1413 2.22925 -0.0303128 0.627451 0.627451 0.643137
v 50.1419 2.23382 -0.0278624 0.627451 0.627451 0.643137
v 50.1451 2.2433 -0.0173547 0.627451 0.627451 0.643137
v 50.1632 2.24929 -0.0255334 0.627451 0.627451 0.643137
v 50.0894 1.67716 -0.0421986 0.627451 0.627451 0.643137
v 50.0825 1.73049 -0.0389514 0.627451 0.627451 0.643137
v 50.0814 1.70166 -0.0396559 0.627451 0.627451 0.643137
v 50.1409 1.43055 -0.0329585 0.627451 0.627451 0.643137
v 50.1225 1.43815 -0.0349869 0.627451 0.627451 0.643137
v 50.081 1.70155 -0.0394237 0.627451 0.627451 0.643137
v 50.1187 1.43024 -0.0312373 0.627451 0.627451 0.643137
v 50.0789 1.74468 -0.0354122 0.627451 0.627451 0.643137
v 50.078 1.74698 -0.0362411 0.627451 0.627451 0.643137
v 50.0784 1.74686 -0.0348672 0.627451 0.627451 0.643137
v 50.0628 1.79265 -0.0203226 0.627451 0.627451 0.643137
v 50.072 1.74307 -0.0301223 0.627451 0.627451 0.643137
v 50.0689 1.74533 -0.0490934 0.627451 0.627451 0.643137
v 50.1154 1.41027 -0.0389837 0.627451 0.627451 0.643137
v 50.1425 1.3726 -0.00762179 0.627451 0.627451 0.643137
v 50.0547 1.73678 -0.0379046 0.627451 0.627451 0.643137
v 50.0651 1.73866 -0.0232921 0.627451 0.627451 0.643137
v 50.1431 1.40961 -0.0239166 0.627451 0.627451 0.643137
v 50.1627 1.36425 -0.005392 0.627451 0.627451 0.643137
v 50.1076 1.67403 -0.0615395 0.627451 0.627451 0.643137
v 50.0692 1.75507 -0.0505674 0.627451 0.627451 0.643137
v 50.0713 1.80863 -0.0492586 0.627451 0.627451 0.643137
v 50.1039 1.64936 -0.0615402 0.627451 0.627451 0.643137
v 50.1439 1.42501 -0.0538501 0.627451 0.627451 0.643137
v 50.1455 1.40924 -0.0470415 0.627451 0.627451 0.643137
v 50.1345 1.42891 -0.0548884 0.627451 0.627451 0.643137
v 50.0472 1.79083 -0.0315574 0.627451 0.627451 0.643137
v 50.0547 1.75003 -0.0396211 0.627451 0.627451 0.643137
v 50.0616 1.74758 -0.0197267 0.627451 0.627451 0.643137
v 50.064 1.72224 -0.0224802 0.627451 0.627451 0.643137
v 50.0625 1.79307 -0.0200466 0.627451 0.627451 0.643137
v 50.0635 1.61804 -0.00877692 0.627451 0.627451 0.643137
v 50.054 1.58509 -0.0178863 0.627451 0.627451 0.643137
v 50.0647 1.58703 -0.00282438 0.627451 0.627451 0.643137
v 50.0516 1.64457 0.0163032 0.627451 0.627451 0.643137
v 50.053 1.74775 0.000828805 0.627451 0.627451 0.643137
v 50.0552 1.6182 0.0109882 0.627451 0.627451 0.643137
v 50.0619 1.80379 -0.0182148 0.627451 0.627451 0.643137
v 50.0475 1.85966 0.0183261 0.627451 0.627451 0.643137
v 50.0639 1.54177 0.011725 0.627451 0.627451 0.643137
v 50.0737 1.51034 -0.00277622 0.627451 0.627451 0.643137
v 50.0667 1.4932 -0.0151137 0.627451 0.627451 0.643137
v 50.0785 1.49597 0.00156423 0.627451 0.627451 0.643137
v 50.0785 1.49534 0.00151124 0.627451 0.627451 0.643137
v 50.0795 1.49274 0.00124074 0.627451 0.627451 0.643137
v 50.1118 1.39191 -0.0180813 0.627451 0.627451 0.643137
v 50.0994 1.40391 -0.0268331 0.627451 0.627451 0.643137
v 50.1622 1.37073 -0.0313143 0.627451 0.627451 0.643137
v 50.1274 1.38511 -0.0351524 0.627451 0.627451 0.643137
v 50.1226 1.40462 -0.0433781 0.627451 0.627451 0.643137
v 50.1733 1.34146 -0.00363243 0.627451 0.627451 0.643137
v 50.1674 1.35204 0.00614856 0.627451 0.627451 0.643137
v 50.1725 1.34131 0.00594919 0.627451 0.627451 0.643137
v 50.1198 1.35917 -0.00478986 0.627451 0.627451 0.643137
v 50.1035 1.3756 -0.0169997 0.627451 0.627451 0.643137
v 50.1203 1.35857 0.00482112 0.627451 0.627451 0.643137
v 50.0929 1.38629 -0.0171706 0.627451 0.627451 0.643137
v 50.091 1.392 -0.0192891 0.627451 0.627451 0.643137
v 50.1122 1.37031 0.00495482 0.627451 0.627451 0.643137
v 50.1113 1.36761 0.00483348 0.627451 0.627451 0.643137
v 50.1175 1.38526 -0.0128617 0.627451 0.627451 0.643137
v 50.1137 1.38652 -0.0129441 0.627451 0.627451 0.643137
v 50.116 1.38374 0.0316857 0.627451 0.627451 0.643137
v 50.0555 1.50173 -0.00827662 0.627451 0.627451 0.643137
v 50.0461 1.60577 -0.0149679 0.627451 0.627451 0.643137
v 50.0468 1.7338 -0.0319311 0.627451 0.627451 0.643137
v 50.0459 1.74306 -0.0309257 0.627451 0.627451 0.643137
v 50.0469 1.79127 -0.0312649 0.627451 0.627451 0.643137
v 50.0483 1.5249 0.00241306 0.627451 0.627451 0.643137
v 50.0391 1.60591 0.00163207 0.627451 0.627451 0.643137
v 50.0354 1.63386 0.00726597 0.627451 0.627451 0.643137
v 50.0368 1.74324 -0.0091369 0.627451 0.627451 0.643137
v 50.031 1.86186 0.00941022 0.627451 0.627451 0.643137
v 50.0463 1.80264 -0.0293231 0.627451 0.627451 0.643137
v 50.0883 1.40136 -0.00671451 0.627451 0.627451 0.643137
v 50.1071 1.40747 -0.00731763 0.627451 0.627451 0.643137
v 50.0559 1.50194 0.00337994 0.627451 0.627451 0.643137
v 50.0746 1.50805 0.00277682 0.627451 0.627451 0.643137
v 50.1151 1.38496 0.0132769 0.627451 0.627451 0.643137
v 50.1161 1.38407 0.0357199 0.627451 0.627451 0.643137
v 50.0942 1.38469 0.00854139 0.627451 0.627451 0.643137
v 50.0991 1.37976 0.0137904 0.627451 0.627451 0.643137
v 50.1107 1.36791 0.0373359 0.627451 0.627451 0.643137
v 50.116 1.38391 0.0380566 0.627451 0.627451 0.643137
v 50.0292 1.67005 0.233673 0.627451 0.627451 0.643137
v 50.0105 1.66395 0.234276 0.627451 0.627451 0.643137
v 50.0113 1.66278 0.248609 0.627451 0.627451 0.643137
v 50.03 1.66889 0.248006 0.627451 0.627451 0.643137
v 50.0952 1.45621 0.117287 0.627451 0.627451 0.643137
v 50.0764 1.4501 0.11789 0.627451 0.627451 0.643137
v 50.1004 1.37806 0.0530912 0.627451 0.627451 0.643137
v 50.1236 1.3856 0.0523463 0.627451 0.627451 0.643137
v 50.1234 1.38621 0.0400885 0.627451 0.627451 0.643137
v 50.1154 1.38808 0.0567247 0.627451 0.627451 0.643137
v 50.0968 1.38166 0.0570491 0.627451 0.627451 0.643137
v 50.1409 2.23846 -0.0187062 0.627451 0.627451 0.643137
v 50.1409 2.23794 -0.0196942 0.627451 0.627451 0.643137
v 50.1451 2.2437 -0.0166043 0.627451 0.627451 0.643137
v 50.1389 2.22893 -0.0209792 0.627451 0.627451 0.643137
v 50.1379 2.22383 -0.0221916 0.627451 0.627451 0.643137
v 50.1385 2.21943 -0.0291996 0.627451 0.627451 0.643137
v 50.1374 2.22244 -0.021904 0.627451 0.627451 0.643137
v 50.1328 2.20195 -0.0248251 0.627451 0.627451 0.643137
v 50.0725 2.07244 0.00632058 0.627451 0.627451 0.643137
v 50.0903 2.06785 0.0103184 0.627451 0.627451 0.643137
v 50.1201 2.22842 -0.0261915 0.627451 0.627451 0.643137
v 50.0461 1.99693 0.0370676 0.627451 0.627451 0.643137
v 50.0639 1.99234 0.0410654 0.627451 0.627451 0.643137
v 50.1165 2.24439 0.00824579 0.627451 0.627451 0.643137
v 50.1238 2.26475 -0.00114803 0.627451 0.627451 0.643137
v 50.1258 2.25658 -0.0194801 0.627451 0.627451 0.643137
v 50.1473 2.2587 0.00411852 0.627451 0.627451 0.643137
v 50.1181 2.24398 0.00860692 0.627451 0.627451 0.643137
v 50.1506 2.2502 -0.013924 0.627451 0.627451 0.643137
v 50.1473 2.26262 0.0107864 0.627451 0.627451 0.643137
v 50.1383 2.254 0.01059 0.627451 0.627451 0.643137
v 50.152 2.24953 -0.0136477 0.627451 0.627451 0.643137
v 50.1518 2.24986 -0.0136332 0.627451 0.627451 0.643137
v 50.1519 2.24964 -0.0141355 0.627451 0.627451 0.643137
v 50.1521 2.24937 -0.0139768 0.627451 0.627451 0.643137
v 50.1532 2.24339 -0.0283717 0.627451 0.627451 0.643137
v 50.1515 2.25037 -0.0145568 0.627451 0.627451 0.643137
v 50.1686 2.25543 -0.0204397 0.627451 0.627451 0.643137
v 50.1787 2.26332 -0.0172368 0.627451 0.627451 0.643137
v 50.178 2.26642 -0.0110968 0.627451 0.627451 0.643137
v 50.1552 2.27792 -0.033475 0.627451 0.627451 0.643137
v 50.1387 2.27185 -0.0270121 0.627451 0.627451 0.643137
v 50.1661 2.29062 -0.0226702 0.627451 0.627451 0.643137
v 50.1795 2.26799 -0.00954925 0.627451 0.627451 0.643137
v 50.1449 2.27671 0.0375898 0.627451 0.627451 0.643137
v 50.1454 2.27333 0.0312678 0.627451 0.627451 0.643137
v 50.1404 2.2703 0.0311307 0.627451 0.627451 0.643137
v 50.1316 2.30035 0.0293799 0.627451 0.627451 0.643137
v 50.1429 2.28132 0.0404099 0.627451 0.627451 0.643137
v 50.1388 2.27074 0.0308943 0.627451 0.627451 0.643137
v 50.1373 2.26516 0.0303664 0.627451 0.627451 0.643137
v 50.1373 2.26582 0.0313882 0.627451 0.627451 0.643137
v 50.1381 2.25519 0.0128321 0.627451 0.627451 0.643137
v 50.1243 2.21576 0.0286233 0.627451 0.627451 0.643137
v 50.1728 2.29493 0.0437818 0.627451 0.627451 0.643137
v 50.1593 2.31789 0.031294 0.627451 0.627451 0.643137
v 50.1728 2.29521 0.0444385 0.627451 0.627451 0.643137
v 50.1525 2.28788 0.0522973 0.627451 0.627451 0.643137
v 50.1368 2.30964 0.0400816 0.627451 0.627451 0.643137
v 50.1503 2.28695 0.0532332 0.627451 0.627451 0.643137
v 50.18 2.30228 0.0511118 0.627451 0.627451 0.643137
v 50.1381 2.31359 0.0455989 0.627451 0.627451 0.643137
v 50.1566 2.31972 0.0372264 0.627451 0.627451 0.643137
v 50.1622 2.32156 0.0347101 0.627451 0.627451 0.643137
v 50.1701 2.28973 -0.0282865 0.627451 0.627451 0.643137
v 50.1714 2.33104 0.044163 0.627451 0.627451 0.643137
v 50.1499 2.28649 0.0524114 0.627451 0.627451 0.643137
v 50.1447 2.27892 0.0423006 0.627451 0.627451 0.643137
v 50.1393 2.26923 0.0311469 0.627451 0.627451 0.643137
v 50.1218 2.27179 0.0536214 0.627451 0.627451 0.643137
v 50.1223 2.27151 0.0524142 0.627451 0.627451 0.643137
v 50.134 2.26603 0.0310024 0.627451 0.627451 0.643137
v 50.0707 2.09692 0.0466289 0.627451 0.627451 0.643137
v 50.0885 2.09219 0.0491888 0.627451 0.627451 0.643137
v 50.1194 2.26994 0.0288909 0.627451 0.627451 0.643137
v 50.1164 2.27356 0.0560791 0.627451 0.627451 0.643137
v 50.1211 2.27229 0.0567633 0.627451 0.627451 0.643137
v 50.1079 2.24262 0.0578507 0.627451 0.627451 0.643137
v 50.1257 2.23788 0.0604107 0.627451 0.627451 0.643137
v 50.1179 2.28636 0.069199 0.627451 0.627451 0.643137
v 50.1243 2.30812 0.0651539 0.627451 0.627451 0.643137
v 50.1439 2.28489 0.0583556 0.627451 0.627451 0.643137
v 50.1394 2.28092 0.0581762 0.627451 0.627451 0.643137
v 50.1364 2.27697 0.0581725 0.627451 0.627451 0.643137
v 50.1403 2.28494 0.0656634 0.627451 0.627451 0.643137
v 50.1334 2.19937 -0.0275461 0.627451 0.627451 0.643137
v 50.1316 2.1981 -0.0240317 0.627451 0.627451 0.643137
v 50.1277 2.18317 -0.0223508 0.627451 0.627451 0.643137
v 50.1049 2.11286 -0.0032605 0.627451 0.627451 0.643137
v 50.1106 2.12858 -0.00904981 0.627451 0.627451 0.643137
v 50.063 1.98191 0.0329594 0.627451 0.627451 0.643137
v 50.0616 1.97532 0.033139 0.627451 0.627451 0.643137
v 50.0891 2.05216 0.00484228 0.627451 0.627451 0.643137
v 50.0522 1.9496 0.043984 0.627451 0.627451 0.643137
v 50.0464 1.92306 0.0447083 0.627451 0.627451 0.643137
v 50.0459 1.93687 0.0572148 0.627451 0.627451 0.643137
v 50.047 1.93514 0.0504575 0.627451 0.627451 0.643137
v 50.0447 1.92661 0.0518548 0.627451 0.627451 0.643137
v 50.0449 1.91713 0.0456801 0.627451 0.627451 0.643137
v 50.0447 1.93327 0.0591825 0.627451 0.627451 0.643137
v 50.0442 1.93145 0.0594445 0.627451 0.627451 0.643137
v 50.1356 2.28066 0.0709145 0.627451 0.627451 0.643137
v 50.1295 2.26013 0.0747306 0.627451 0.627451 0.643137
v 50.1362 2.28227 0.0730445 0.627451 0.627451 0.643137
v 50.1352 2.27864 0.0763196 0.627451 0.627451 0.643137
v 50.1293 2.25931 0.0754756 0.627451 0.627451 0.643137
v 50.14 2.28541 0.0680972 0.627451 0.627451 0.643137
v 50.1384 2.28563 0.0742602 0.627451 0.627451 0.643137
v 50.1373 2.28471 0.0755728 0.627451 0.627451 0.643137
v 50.1178 2.28468 0.0765831 0.627451 0.627451 0.643137
v 50.1159 2.27848 0.0763127 0.627451 0.627451 0.643137
v 50.0365 1.97254 0.0629548 0.627451 0.627451 0.643137
v 50.0549 1.97254 0.0629548 0.627451 0.627451 0.643137
v 50.1374 2.28468 0.0765831 0.627451 0.627451 0.643137
v 50.0292 1.94425 0.0629548 0.627451 0.627451 0.643137
v 50.0475 1.94425 0.0629548 0.627451 0.627451 0.643137
v 50.032 1.88106 0.172417 0.627451 0.627451 0.643137
v 50.0137 1.88106 0.172417 0.627451 0.627451 0.643137
v 50.1302 2.25473 0.106528 0.627451 0.627451 0.643137
v 50.1105 2.25473 0.106528 0.627451 0.627451 0.643137
v 50.1069 2.24265 0.108657 0.627451 0.627451 0.643137
v 50.1188 2.21767 0.113062 0.627451 0.627451 0.643137
v 50.1262 2.24286 0.108621 0.627451 0.627451 0.643137
v 50.0807 2.06923 0.153525 0.627451 0.627451 0.643137
v 50.1139 2.198 0.130818 0.627451 0.627451 0.643137
v 50.0265 1.85934 0.187423 0.627451 0.627451 0.643137
v 50.1388 2.28584 0.0860927 0.627451 0.627451 0.643137
v 50.1394 2.2865 0.0759836 0.627451 0.627451 0.643137
v 50.1416 2.28823 0.0829924 0.627451 0.627451 0.643137
v 50.2017 2.31775 0.0654353 0.627451 0.627451 0.643137
v 50.2035 2.31935 0.0692597 0.627451 0.627451 0.643137
v 50.2013 2.3189 0.0733164 0.627451 0.627451 0.643137
v 50.0087 1.86152 0.188653 0.627451 0.627451 0.643137
v 50.1006 2.21777 0.131116 0.627451 0.627451 0.643137
v 50.0951 2.19653 0.131078 0.627451 0.627451 0.643137
v 50.0348 1.96247 0.172348 0.627451 0.627451 0.643137
v 50.0943 2.19316 0.13509 0.627451 0.627451 0.643137
v 50.1134 2.19653 0.131078 0.627451 0.627451 0.643137
v 50.0092 1.86317 0.189859 0.627451 0.627451 0.643137
v 50.0276 1.86317 0.189859 0.627451 0.627451 0.643137
v 50.0097 1.86317 0.217247 0.627451 0.627451 0.643137
v 50.0281 1.86317 0.217247 0.627451 0.627451 0.643137
v 50.0841 2.15056 0.18587 0.627451 0.627451 0.643137
v 50.0891 2.1699 0.182745 0.627451 0.627451 0.643137
v 50.0907 2.17372 0.190278 0.627451 0.627451 0.643137
v 50.125 2.30982 0.0674117 0.627451 0.627451 0.643137
v 50.102 2.14809 0.188807 0.627451 0.627451 0.643137
v 50.0836 2.14809 0.188807 0.627451 0.627451 0.643137
v 50.1038 2.15387 0.188956 0.627451 0.627451 0.643137
v 50.1035 2.15311 0.187463 0.627451 0.627451 0.643137
v 50.0161 1.88712 0.228416 0.627451 0.627451 0.643137
v 50.0328 1.88064 0.225395 0.627451 0.627451 0.643137
v 50.0287 1.92841 0.24767 0.627451 0.627451 0.643137
v 50.0473 1.92841 0.24767 0.627451 0.627451 0.643137
v 50.0231 1.84452 0.211891 0.627451 0.627451 0.643137
v 50.0271 1.8589 0.228907 0.627451 0.627451 0.643137
v 50.025 1.85103 0.223759 0.627451 0.627451 0.643137
v 50.0255 1.8496 0.229731 0.627451 0.627451 0.643137
v 50.0276 1.8602 0.230865 0.627451 0.627451 0.643137
v 50.0206 1.81129 0.218263 0.627451 0.627451 0.643137
v 50.0175 1.74161 0.251245 0.627451 0.627451 0.643137
v 50.1037 2.15308 0.190821 0.627451 0.627451 0.643137
v 50.0438 1.91495 0.249089 0.627451 0.627451 0.643137
v 50.0481 1.93063 0.249811 0.627451 0.627451 0.643137
v 50.1144 2.18762 0.177624 0.627451 0.627451 0.643137
v 50.1306 2.23562 0.171848 0.627451 0.627451 0.643137
v 50.132 2.24189 0.165149 0.627451 0.627451 0.643137
v 50.0965 2.19387 0.179564 0.627451 0.627451 0.643137
v 50.1172 2.25734 0.164975 0.627451 0.627451 0.643137
v 50.1386 2.24984 0.162645 0.627451 0.627451 0.643137
v 50.1218 2.27595 0.14763 0.627451 0.627451 0.643137
v 50.1444 2.26804 0.145171 0.627451 0.627451 0.643137
v 50.0051 1.84582 0.214589 0.627451 0.627451 0.643137
v 50.0071 1.85271 0.227169 0.627451 0.627451 0.643137
v 50.0094 1.86106 0.232626 0.627451 0.627451 0.643137
v 50.0077 1.85119 0.2335 0.627451 0.627451 0.643137
v 50.0099 1.86244 0.234702 0.627451 0.627451 0.643137
v 50.0024 1.81058 0.221344 0.627451 0.627451 0.643137
v 49.9991 1.73673 0.256304 0.627451 0.627451 0.643137
v 50.0316 1.93709 0.254784 0.627451 0.627451 0.643137
v 50.0906 2.17288 0.192255 0.627451 0.627451 0.643137
v 50.027 1.92046 0.254019 0.627451 0.627451 0.643137
v 50.129 2.31315 0.0621676 0.627451 0.627451 0.643137
v 50.1261 2.31241 0.0700917 0.627451 0.627451 0.643137
v 50.1273 2.31339 0.0687004 0.627451 0.627451 0.643137
v 50.1543 2.27092 0.153736 0.627451 0.627451 0.643137
v 50.1388 2.2423 0.173176 0.627451 0.627451 0.643137
v 50.1443 2.26844 0.14452 0.627451 0.627451 0.643137
v 50.1225 2.29612 0.0840695 0.627451 0.627451 0.643137
v 50.1385 2.2868 0.0854116 0.627451 0.627451 0.643137
v 50.122 2.29629 0.0841223 0.627451 0.627451 0.643137
v 50.1424 2.29268 0.0973135 0.627451 0.627451 0.643137
v 50.1402 2.29436 0.101406 0.627451 0.627451 0.643137
v 50.1449 2.29085 0.0928602 0.627451 0.627451 0.643137
v 50.1252 2.29959 0.103029 0.627451 0.627451 0.643137
v 50.1388 2.28045 0.127225 0.627451 0.627451 0.643137
v 50.1411 2.27937 0.127447 0.627451 0.627451 0.643137
v 50.1456 2.27724 0.127888 0.627451 0.627451 0.643137
v 50.1303 2.31203 0.102932 0.627451 0.627451 0.643137
v 50.1283 2.29563 0.134448 0.627451 0.627451 0.643137
v 50.1397 2.29951 0.1429 0.627451 0.627451 0.643137
v 50.1533 2.27984 0.133543 0.627451 0.627451 0.643137
v 50.1411 2.28841 0.0883966 0.627451 0.627451 0.643137
v 50.1814 2.29938 0.122366 0.627451 0.627451 0.643137
v 50.1657 2.32206 0.133156 0.627451 0.627451 0.643137
v 50.1614 2.28685 0.130512 0.627451 0.627451 0.643137
v 50.119 2.26038 0.172143 0.627451 0.627451 0.643137
v 50.1268 2.29345 0.136832 0.627451 0.627451 0.643137
v 50.1297 2.31344 0.09899 0.627451 0.627451 0.643137
v 50.1291 2.31461 0.0905036 0.627451 0.627451 0.643137
v 50.1309 2.31555 0.0963438 0.627451 0.627451 0.643137
v 50.1311 2.31617 0.0944914 0.627451 0.627451 0.643137
v 50.1442 2.2978 0.152945 0.627451 0.627451 0.643137
v 50.1718 2.32577 0.134175 0.627451 0.627451 0.643137
v 50.1278 2.26746 0.173552 0.627451 0.627451 0.643137
v 50.1346 2.31917 0.0902188 0.627451 0.627451 0.643137
v 50.1284 2.31431 0.0705272 0.627451 0.627451 0.643137
v 50.194 2.34865 0.0676999 0.627451 0.627451 0.643137
v 50.1894 2.34788 0.0878556 0.627451 0.627451 0.643137
v 50.1963 2.34913 0.0633999 0.627451 0.627451 0.643137
v 50.1944 2.34743 0.0593459 0.627451 0.627451 0.643137
v 50.1931 2.34541 0.0545145 0.627451 0.627451 0.643137
v 50.1918 2.34408 0.0521345 0.627451 0.627451 0.643137
v 50.1874 2.34085 0.0487752 0.627451 0.627451 0.643137
v 50.1899 2.33091 0.0291142 0.627451 0.627451 0.643137
v 50.1594 2.28116 0.139665 0.627451 0.627451 0.643137
v 50.1585 2.27517 0.150886 0.627451 0.627451 0.643137
v 50.1683 2.28859 0.136937 0.627451 0.627451 0.643137
v 50.1553 2.2512 0.18525 0.627451 0.627451 0.643137
v 50.1555 2.24284 0.173109 0.627451 0.627451 0.643137
v 50.1591 2.29285 0.156629 0.627451 0.627451 0.643137
v 50.2189 2.19082 0.228004 0.627451 0.627451 0.643137
v 50.2191 2.18245 0.215863 0.627451 0.627451 0.643137
v 50.1499 2.29302 0.0880174 0.627451 0.627451 0.643137
v 50.1986 2.31845 0.0850637 0.627451 0.627451 0.643137
v 50.1513 2.29392 0.0897904 0.627451 0.627451 0.643137
v 50.1384 2.31922 0.0969549 0.627451 0.627451 0.643137
v 50.188 2.34595 0.0921746 0.627451 0.627451 0.643137
v 50.2017 2.31917 0.0845936 0.627451 0.627451 0.643137
v 50.1774 2.33091 0.126092 0.627451 0.627451 0.643137
v 50.2003 2.31889 0.0876856 0.627451 0.627451 0.643137
v 50.1906 2.3051 0.118786 0.627451 0.627451 0.643137
v 50.1712 2.327 0.128669 0.627451 0.627451 0.643137
v 50.1844 2.3012 0.121363 0.627451 0.627451 0.643137
v 50.1938 2.34754 0.097136 0.627451 0.627451 0.643137
v 50.1946 2.34919 0.0927147 0.627451 0.627451 0.643137
v 50.1783 2.32987 0.131467 0.627451 0.627451 0.643137
v 50.2162 2.35405 0.0780776 0.627451 0.627451 0.643137
v 50.213 2.35323 0.0733832 0.627451 0.627451 0.643137
v 50.2318 2.35415 0.0758828 0.627451 0.627451 0.643137
v 50.3202 2.3517 0.0714649 0.627451 0.627451 0.643137
v 50.2245 2.35414 0.0771312 0.627451 0.627451 0.643137
v 50.0566 1.93455 0.267533 0.627451 0.627451 0.643137
v 50.1369 2.25387 0.18308 0.627451 0.627451 0.643137
v 50.0345 1.91289 0.265429 0.627451 0.627451 0.643137
v 50.1988 2.32127 0.137764 0.627451 0.627451 0.643137
v 50.1961 2.3071 0.121754 0.627451 0.627451 0.643137
v 50.1991 2.30842 0.119112 0.627451 0.627451 0.643137
v 50.3618 2.31252 0.146747 0.627451 0.627451 0.643137
v 50.3483 2.29249 0.142393 0.627451 0.627451 0.643137
v 50.3621 2.29966 0.128095 0.627451 0.627451 0.643137
v 50.1904 2.19302 0.225976 0.627451 0.627451 0.643137
v 50.3809 2.31899 0.142634 0.627451 0.627451 0.643137
v 50.222 2.1739 0.239717 0.627451 0.627451 0.643137
v 50.3324 2.27476 0.172229 0.627451 0.627451 0.643137
v 50.1999 2.31143 0.113356 0.627451 0.627451 0.643137
v 50.213 2.32207 0.099439 0.627451 0.627451 0.643137
v 50.2029 2.31271 0.114293 0.627451 0.627451 0.643137
v 50.3786 2.32294 0.135222 0.627451 0.627451 0.643137
v 50.3781 2.30146 0.123927 0.627451 0.627451 0.643137
v 50.1942 2.33326 0.124281 0.627451 0.627451 0.643137
v 50.2066 2.34245 0.106214 0.627451 0.627451 0.643137
v 50.2152 2.32253 0.0963651 0.627451 0.627451 0.643137
v 50.278 2.35126 0.0800807 0.627451 0.627451 0.643137
v 50.4281 2.34637 0.0755197 0.627451 0.627451 0.643137
v 50.3521 2.35055 0.070957 0.627451 0.627451 0.643137
v 50.4809 2.31972 0.136535 0.627451 0.627451 0.643137
v 50.4755 2.29839 0.125178 0.627451 0.627451 0.643137
v 50.4803 2.29727 0.124726 0.627451 0.627451 0.643137
v 50.4716 2.32979 0.11782 0.627451 0.627451 0.643137
v 50.4743 2.30443 0.112834 0.627451 0.627451 0.643137
v 50.4711 2.30716 0.105922 0.627451 0.627451 0.643137
v 50.2164 2.31968 0.0949532 0.627451 0.627451 0.643137
v 50.2228 2.32417 0.0856514 0.627451 0.627451 0.643137
v 50.2232 2.32313 0.0852863 0.627451 0.627451 0.643137
v 50.2187 2.32307 0.0783315 0.627451 0.627451 0.643137
v 50.2121 2.32161 0.0838791 0.627451 0.627451 0.643137
v 50.213 2.34812 0.0939532 0.627451 0.627451 0.643137
v 50.2282 2.35239 0.0814036 0.627451 0.627451 0.643137
v 50.2271 2.31895 0.0686956 0.627451 0.627451 0.643137
v 50.4752 2.33403 0.108407 0.627451 0.627451 0.643137
v 50.4744 2.30963 0.0991339 0.627451 0.627451 0.643137
v 50.475 2.30979 0.0986758 0.627451 0.627451 0.643137
v 50.4772 2.3077 0.103998 0.627451 0.627451 0.643137
v 50.4817 2.33586 0.10305 0.627451 0.627451 0.643137
v 50.4808 2.30786 0.0924112 0.627451 0.627451 0.643137
v 50.4822 2.33205 0.113033 0.627451 0.627451 0.643137
v 50.4814 2.31582 0.143923 0.627451 0.627451 0.643137
v 50.489 2.318 0.13942 0.627451 0.627451 0.643137
v 50.4864 2.33678 0.100222 0.627451 0.627451 0.643137
v 50.4827 2.34026 0.0913678 0.627451 0.627451 0.643137
v 50.4826 2.34027 0.0913597 0.627451 0.627451 0.643137
v 50.4826 2.34044 0.0906724 0.627451 0.627451 0.643137
v 50.4842 2.30775 0.0831966 0.627451 0.627451 0.643137
v 50.4883 2.30025 0.113406 0.627451 0.627451 0.643137
v 50.4813 2.30914 0.0836373 0.627451 0.627451 0.643137
v 50.4966 2.33474 0.0817466 0.627451 0.627451 0.643137
v 50.5005 2.32771 0.110079 0.627451 0.627451 0.643137
v 50.5011 2.32323 0.120719 0.627451 0.627451 0.643137
v 50.5011 2.32213 0.123059 0.627451 0.627451 0.643137
v 50.4884 2.29775 0.118731 0.627451 0.627451 0.643137
v 50.4828 2.30827 0.0770477 0.627451 0.627451 0.643137
v 50.4984 2.32872 0.110399 0.627451 0.627451 0.643137
v 50.5038 2.3159 0.134913 0.627451 0.627451 0.643137
v 50.5045 2.31606 0.134179 0.627451 0.627451 0.643137
v 50.5016 2.32207 0.12289 0.627451 0.627451 0.643137
v 50.5357 2.30532 0.117394 0.627451 0.627451 0.643137
v 50.5289 2.31164 0.110888 0.627451 0.627451 0.643137
v 50.4898 2.3388 0.0787979 0.627451 0.627451 0.643137
v 50.483 2.34124 0.0851313 0.627451 0.627451 0.643137
v 50.5229 2.32252 0.0736287 0.627451 0.627451 0.643137
v 50.523 2.32173 0.0776148 0.627451 0.627451 0.643137
v 50.4775 2.34249 0.0731547 0.627451 0.627451 0.643137
v 50.4787 2.34276 0.0747725 0.627451 0.627451 0.643137
v 50.4876 2.33961 0.0631879 0.627451 0.627451 0.643137
v 50.4915 2.3375 0.0547899 0.627451 0.627451 0.643137
v 50.4833 2.34114 0.0797475 0.627451 0.627451 0.643137
v 50.4897 2.2976 0.11829 0.627451 0.627451 0.643137
v 50.521 2.28564 0.104531 0.627451 0.627451 0.643137
v 50.5331 2.30883 0.108648 0.627451 0.627451 0.643137
v 50.5164 2.29176 0.0718049 0.627451 0.627451 0.643137
v 50.5313 2.31567 0.0759117 0.627451 0.627451 0.643137
v 50.5182 2.29043 0.0714316 0.627451 0.627451 0.643137
v 50.4824 2.31289 0.0690108 0.627451 0.627451 0.643137
v 50.4766 2.31425 0.0624239 0.627451 0.627451 0.643137
v 50.4791 2.31021 0.0641959 0.627451 0.627451 0.643137
v 50.4823 2.3121 0.0687664 0.627451 0.627451 0.643137
v 50.4821 2.30845 0.0686035 0.627451 0.627451 0.643137
v 50.4824 2.31241 0.0681782 0.627451 0.627451 0.643137
v 50.5253 2.32111 0.0629431 0.627451 0.627451 0.643137
v 50.5119 2.29376 0.0634766 0.627451 0.627451 0.643137
v 50.4942 2.33644 0.0682917 0.627451 0.627451 0.643137
v 50.4809 2.31054 0.0648462 0.627451 0.627451 0.643137
v 50.4818 2.30992 0.0638238 0.627451 0.627451 0.643137
v 50.4937 2.33665 0.064337 0.627451 0.627451 0.643137
v 50.5163 2.29164 0.064997 0.627451 0.627451 0.643137
v 50.5164 2.29146 0.0566692 0.627451 0.627451 0.643137
v 50.5184 2.2907 0.0687921 0.627451 0.627451 0.643137
v 50.2384 2.31876 0.0684196 0.627451 0.627451 0.643137
v 50.3037 2.33452 0.0732432 0.627451 0.627451 0.643137
v 50.3523 2.33849 0.0738807 0.627451 0.627451 0.643137
v 50.3041 2.34854 0.0651961 0.627451 0.627451 0.643137
v 50.3526 2.34881 0.0679557 0.627451 0.627451 0.643137
v 50.4853 2.33444 0.0491706 0.627451 0.627451 0.643137
v 50.4847 2.31192 0.0620975 0.627451 0.627451 0.643137
v 50.2087 2.34168 0.0487649 0.627451 0.627451 0.643137
v 50.208 2.31672 0.0630928 0.627451 0.627451 0.643137
v 50.2004 2.31584 0.0608773 0.627451 0.627451 0.643137
v 50.2075 2.31619 0.0618186 0.627451 0.627451 0.643137
v 50.5037 2.32649 0.0361875 0.627451 0.627451 0.643137
v 50.5033 2.31051 0.045359 0.627451 0.627451 0.643137
v 50.1978 2.32758 0.0236827 0.627451 0.627451 0.643137
v 50.1976 2.30343 0.0391227 0.627451 0.627451 0.643137
v 50.1972 2.30289 0.0383453 0.627451 0.627451 0.643137
v 50.1971 2.30262 0.0380075 0.627451 0.627451 0.643137
v 50.197 2.30379 0.0401372 0.627451 0.627451 0.643137
v 50.1979 2.30546 0.0426802 0.627451 0.627451 0.643137
v 50.2028 2.30994 -0.00683058 0.627451 0.627451 0.643137
v 50.1898 2.32803 0.0240798 0.627451 0.627451 0.643137
v 50.5154 2.32541 0.0348503 0.627451 0.627451 0.643137
v 50.5028 2.32478 0.0331607 0.627451 0.627451 0.643137
v 50.2155 2.31056 -0.00513724 0.627451 0.627451 0.643137
v 50.1765 2.29419 -0.0255132 0.627451 0.627451 0.643137
v 50.1949 2.29955 -0.0212207 0.627451 0.627451 0.643137
v 50.1992 2.31458 0.058632 0.627451 0.627451 0.643137
v 50.1984 2.30621 0.0440004 0.627451 0.627451 0.643137
v 50.1981 2.30698 0.0453363 0.627451 0.627451 0.643137
v 50.1964 2.31246 0.0564298 0.627451 0.627451 0.643137
v 50.1931 2.31033 0.0548956 0.627451 0.627451 0.643137
v 50.1963 2.31265 0.0571911 0.627451 0.627451 0.643137
v 50.1853 2.33696 0.0435301 0.627451 0.627451 0.643137
v 50.1874 2.3305 0.0303534 0.627451 0.627451 0.643137
v 50.1714 2.29626 -0.0177203 0.627451 0.627451 0.643137
v 50.1681 2.32239 0.0314361 0.627451 0.627451 0.643137
v 50.1822 2.27221 -0.00420905 0.627451 0.627451 0.643137
v 50.1789 2.29834 0.0449474 0.627451 0.627451 0.643137
v 50.4999 2.31887 0.025084 0.627451 0.627451 0.643137
v 50.5004 2.2966 0.0422819 0.627451 0.627451 0.643137
v 50.4993 2.29471 0.0389482 0.627451 0.627451 0.643137
v 50.4994 2.29475 0.0390083 0.627451 0.627451 0.643137
v 50.5028 2.29492 0.0394692 0.627451 0.627451 0.643137
v 50.5023 2.2954 0.0400851 0.627451 0.627451 0.643137
v 50.5167 2.32486 0.0395106 0.627451 0.627451 0.643137
v 50.4808 2.28565 0.0256275 0.627451 0.627451 0.643137
v 50.4815 2.30981 0.0117598 0.627451 0.627451 0.643137
v 50.2194 2.28109 0.00194837 0.627451 0.627451 0.643137
v 50.22 2.30525 -0.0119193 0.627451 0.627451 0.643137
v 50.4898 2.30753 0.0092746 0.627451 0.627451 0.643137
v 50.5157 2.32527 0.0346858 0.627451 0.627451 0.643137
v 50.1975 2.3024 0.0373285 0.627451 0.627451 0.643137
v 50.218 2.28278 0.00411274 0.627451 0.627451 0.643137
v 50.1974 2.30247 0.0375249 0.627451 0.627451 0.643137
v 50.1974 2.30216 0.0369147 0.627451 0.627451 0.643137
v 50.1973 2.29944 0.0321653 0.627451 0.627451 0.643137
v 50.2096 2.28237 0.00300458 0.627451 0.627451 0.643137
v 50.1856 2.26941 -0.0118494 0.627451 0.627451 0.643137
v 50.1835 2.2684 -0.0120292 0.627451 0.627451 0.643137
v 50.1792 2.26366 -0.0170204 0.627451 0.627451 0.643137
v 50.1846 2.2889 -0.0273945 0.627451 0.627451 0.643137
v 50.1731 2.27176 -0.0368522 0.627451 0.627451 0.643137
v 50.1722 2.25309 -0.0228569 0.627451 0.627451 0.643137
v 50.4791 2.2614 0.0088876 0.627451 0.627451 0.643137
v 50.4901 2.28037 0.0192034 0.627451 0.627451 0.643137
v 50.4863 2.28027 0.0188099 0.627451 0.627451 0.643137
v 50.4801 2.28007 -0.00510772 0.627451 0.627451 0.643137
v 50.4879 2.30077 0.00577599 0.627451 0.627451 0.643137
v 50.1977 2.29291 -0.0242366 0.627451 0.627451 0.643137
v 50.4919 2.3064 0.00890504 0.627451 0.627451 0.643137
v 50.4869 2.28136 0.0203187 0.627451 0.627451 0.643137
v 50.203 2.27368 -0.00904314 0.627451 0.627451 0.643137
v 50.1967 2.27274 -0.0091186 0.627451 0.627451 0.643137
v 50.496 2.29573 0.00518168 0.627451 0.627451 0.643137
v 50.4892 2.26712 0.00768864 0.627451 0.627451 0.643137
v 50.49 2.28592 0.0265993 0.627451 0.627451 0.643137
v 50.493 2.27335 -0.00591311 0.627451 0.627451 0.643137
v 50.5207 2.25083 -0.0084376 0.627451 0.627451 0.643137
v 50.5168 2.24453 0.00530725 0.627451 0.627451 0.643137
v 50.5295 2.3022 0.0175899 0.627451 0.627451 0.643137
v 50.5271 2.29877 0.0153229 0.627451 0.627451 0.643137
v 50.5067 2.29994 0.0101278 0.627451 0.627451 0.643137
v 50.5004 2.28973 0.032395 0.627451 0.627451 0.643137
v 50.5117 2.24372 0.00462681 0.627451 0.627451 0.643137
v 50.5168 2.24422 0.00523075 0.627451 0.627451 0.643137
v 50.5157 2.24246 0.00905757 0.627451 0.627451 0.643137
v 50.5179 2.26182 0.0204637 0.627451 0.627451 0.643137
v 50.5222 2.29079 0.0327381 0.627451 0.627451 0.643137
v 50.5163 2.27181 0.0228354 0.627451 0.627451 0.643137
v 50.5166 2.2797 0.026746 0.627451 0.627451 0.643137
v 50.5221 2.2908 0.0326976 0.627451 0.627451 0.643137
v 50.5142 2.2907 0.0319331 0.627451 0.627451 0.643137
v 50.5147 2.28997 0.0336676 0.627451 0.627451 0.643137
v 50.5147 2.29127 0.0354052 0.627451 0.627451 0.643137
v 50.5803 2.10159 0.057384 0.627451 0.627451 0.643137
v 50.5146 2.29194 0.036284 0.627451 0.627451 0.643137
v 50.5186 2.2927 0.0375658 0.627451 0.627451 0.643137
v 50.5171 2.29067 0.0347696 0.627451 0.627451 0.643137
v 50.5175 2.29054 0.0373394 0.627451 0.627451 0.643137
v 50.5147 2.29188 0.0373701 0.627451 0.627451 0.643137
v 50.5291 2.31424 0.0371455 0.627451 0.627451 0.643137
v 50.5211 2.29293 0.0516668 0.627451 0.627451 0.643137
v 50.5312 2.31351 0.0512654 0.627451 0.627451 0.643137
v 50.5179 2.29153 0.0371601 0.627451 0.627451 0.643137
v 50.5345 2.29702 0.0350155 0.627451 0.627451 0.643137
v 50.5375 2.29865 0.0622611 0.627451 0.627451 0.643137
v 50.5304 2.31722 0.0544442 0.627451 0.627451 0.643137
v 50.5285 2.31945 0.0580231 0.627451 0.627451 0.643137
v 50.5322 2.31659 0.0665984 0.627451 0.627451 0.643137
v 50.5294 2.31914 0.0639735 0.627451 0.627451 0.643137
v 50.5279 2.3181 0.0375262 0.627451 0.627451 0.643137
v 50.5256 2.32049 0.0379876 0.627451 0.627451 0.643137
v 50.5251 2.32066 0.0347456 0.627451 0.627451 0.643137
v 50.524 2.3212 0.0336269 0.627451 0.627451 0.643137
v 50.5276 2.31822 0.0352756 0.627451 0.627451 0.643137
v 50.5296 2.30286 0.0182287 0.627451 0.627451 0.643137
v 50.5288 2.30847 0.0232605 0.627451 0.627451 0.643137
v 50.5287 2.31214 0.0283517 0.627451 0.627451 0.643137
v 50.5954 2.12093 0.0553363 0.627451 0.627451 0.643137
v 50.576 2.11453 0.0578365 0.627451 0.627451 0.643137
v 50.5406 2.29444 0.0749072 0.627451 0.627451 0.643137
v 50.5203 2.28775 0.0775166 0.627451 0.627451 0.643137
v 50.5957 2.11831 0.0508116 0.627451 0.627451 0.643137
v 50.5912 2.1246 0.0388851 0.627451 0.627451 0.643137
v 50.6135 2.02052 0.10733 0.627451 0.627451 0.643137
v 50.6329 2.02692 0.10483 0.627451 0.627451 0.643137
v 50.6316 2.03375 0.1126 0.627451 0.627451 0.643137
v 50.6123 2.02734 0.115101 0.627451 0.627451 0.643137
v 50.5358 2.24868 0.0895588 0.627451 0.627451 0.643137
v 50.5551 2.25508 0.0870586 0.627451 0.627451 0.643137
v 50.5249 2.27804 0.0804913 0.627451 0.627451 0.643137
v 50.5215 2.28682 0.0777854 0.627451 0.627451 0.643137
v 50.5244 2.28183 0.0941811 0.627451 0.627451 0.643137
v 50.5263 2.27464 0.0823976 0.627451 0.627451 0.643137
v 50.6389 1.93292 0.0113366 0.627451 0.627451 0.643137
v 50.624 1.95759 -0.00875822 0.627451 0.627451 0.643137
v 50.6393 1.92444 0.00537927 0.627451 0.627451 0.643137
v 50.6458 1.92751 0.0348789 0.627451 0.627451 0.643137
v 50.6462 1.89873 0.0114499 0.627451 0.627451 0.643137
v 50.6367 1.88717 0.00154874 0.627451 0.627451 0.643137
v 50.6463 1.89183 0.0113085 0.627451 0.627451 0.643137
v 50.6127 2.0276 0.119086 0.627451 0.627451 0.643137
v 50.5415 2.23351 0.0952266 0.627451 0.627451 0.643137
v 50.6209 1.99829 0.107918 0.627451 0.627451 0.643137
v 50.5406 2.23696 0.100892 0.627451 0.627451 0.643137
v 50.5248 2.28122 0.0962535 0.627451 0.627451 0.643137
v 50.5206 2.28448 0.0959539 0.627451 0.627451 0.643137
v 50.5196 2.28501 0.0973741 0.627451 0.627451 0.643137
v 50.5365 2.30936 0.0898165 0.627451 0.627451 0.643137
v 50.5329 2.31551 0.0696197 0.627451 0.627451 0.643137
v 50.5409 2.30148 0.116792 0.627451 0.627451 0.643137
v 50.5385 2.30174 0.077326 0.627451 0.627451 0.643137
v 50.5429 2.29207 0.0948083 0.627451 0.627451 0.643137
v 50.5422 2.29472 0.0993965 0.627451 0.627451 0.643137
v 50.5213 2.28762 0.100468 0.627451 0.627451 0.643137
v 50.5546 2.25814 0.0909248 0.627451 0.627451 0.643137
v 50.541 2.30124 0.116954 0.627451 0.627451 0.643137
v 50.5508 2.27428 0.121978 0.627451 0.627451 0.643137
v 50.5535 2.2624 0.0979171 0.627451 0.627451 0.643137
v 50.6271 2.0491 0.120312 0.627451 0.627451 0.643137
v 50.6077 2.04251 0.121308 0.627451 0.627451 0.643137
v 50.6326 2.03252 0.117068 0.627451 0.627451 0.643137
v 50.6342 2.02741 0.116176 0.627451 0.627451 0.643137
v 50.6391 2.00804 0.104753 0.627451 0.627451 0.643137
v 50.6318 2.03563 0.122179 0.627451 0.627451 0.643137
v 50.6314 2.0371 0.123321 0.627451 0.627451 0.643137
v 50.6278 2.04839 0.127534 0.627451 0.627451 0.643137
v 50.6272 2.0471 0.13618 0.627451 0.627451 0.643137
v 50.5199 2.28362 0.104012 0.627451 0.627451 0.643137
v 50.5202 2.28249 0.109431 0.627451 0.627451 0.643137
v 50.5208 2.28346 0.110343 0.627451 0.627451 0.643137
v 50.5372 2.26679 0.125512 0.627451 0.627451 0.643137
v 50.5545 2.2616 0.135542 0.627451 0.627451 0.643137
v 50.5408 2.25695 0.136244 0.627451 0.627451 0.643137
v 50.5205 2.28229 0.109275 0.627451 0.627451 0.643137
v 50.5376 2.26626 0.126525 0.627451 0.627451 0.643137
v 50.5347 2.29878 0.125128 0.627451 0.627451 0.643137
v 50.5469 2.27701 0.136862 0.627451 0.627451 0.643137
v 50.5513 2.25695 0.15375 0.627451 0.627451 0.643137
v 50.5392 2.24281 0.140155 0.627451 0.627451 0.643137
v 50.513 2.30961 0.13328 0.627451 0.627451 0.643137
v 50.4987 2.29299 0.117305 0.627451 0.627451 0.643137
v 50.5566 2.2522 0.153932 0.627451 0.627451 0.643137
v 50.5505 2.25184 0.159816 0.627451 0.627451 0.643137
v 50.6125 2.02831 0.11935 0.627451 0.627451 0.643137
v 50.6125 2.02945 0.127457 0.627451 0.627451 0.643137
v 50.6086 2.04147 0.131939 0.627451 0.627451 0.643137
v 50.608 2.04009 0.141196 0.627451 0.627451 0.643137
v 50.6263 2.04629 0.140258 0.627451 0.627451 0.643137
v 50.6445 1.97013 0.100178 0.627451 0.627451 0.643137
v 50.6319 2.03051 0.124034 0.627451 0.627451 0.643137
v 50.6267 1.96813 0.0959001 0.627451 0.627451 0.643137
v 50.6269 2.03292 0.144019 0.627451 0.627451 0.643137
v 50.6106 2.03109 0.140115 0.627451 0.627451 0.643137
v 50.5795 2.12917 0.173948 0.627451 0.627451 0.643137
v 50.5984 2.13558 0.17298 0.627451 0.627451 0.643137
v 50.6252 2.05176 0.142159 0.627451 0.627451 0.643137
v 50.5964 2.14367 0.170614 0.627451 0.627451 0.643137
v 50.5386 2.24374 0.139866 0.627451 0.627451 0.643137
v 50.58 2.12695 0.174596 0.627451 0.627451 0.643137
v 50.537 2.24802 0.139501 0.627451 0.627451 0.643137
v 50.5123 2.28193 0.126318 0.627451 0.627451 0.643137
v 50.6232 2.05642 0.14815 0.627451 0.627451 0.643137
v 50.594 2.14761 0.182111 0.627451 0.627451 0.643137
v 50.589 2.16006 0.185639 0.627451 0.627451 0.643137
v 50.5933 2.14922 0.183007 0.627451 0.627451 0.643137
v 50.5896 2.15482 0.188625 0.627451 0.627451 0.643137
v 50.6451 1.97786 0.0938686 0.627451 0.627451 0.643137
v 50.6334 1.96509 0.148658 0.627451 0.627451 0.643137
v 50.6337 1.97572 0.142283 0.627451 0.627451 0.643137
v 50.6456 1.94566 0.107109 0.627451 0.627451 0.643137
v 50.6437 1.95839 0.10905 0.627451 0.627451 0.643137
v 50.6167 1.9738 0.13819 0.627451 0.627451 0.643137
v 50.6092 2.0361 0.140081 0.627451 0.627451 0.643137
v 50.6267 1.95647 0.104957 0.627451 0.627451 0.643137
v 50.6269 1.96767 0.0963327 0.627451 0.627451 0.643137
v 50.627 1.96159 0.10109 0.627451 0.627451 0.643137
v 50.4963 2.29143 0.124698 0.627451 0.627451 0.643137
v 50.5042 2.28472 0.130661 0.627451 0.627451 0.643137
v 50.4924 2.29203 0.128757 0.627451 0.627451 0.643137
v 50.5036 2.30393 0.14312 0.627451 0.627451 0.643137
v 50.4885 2.30194 0.150498 0.627451 0.627451 0.643137
v 50.4825 2.29171 0.13543 0.627451 0.627451 0.643137
v 50.4782 2.29273 0.135819 0.627451 0.627451 0.643137
v 50.4823 2.29215 0.134577 0.627451 0.627451 0.643137
v 50.5431 2.25377 0.161443 0.627451 0.627451 0.643137
v 50.5367 2.24278 0.145247 0.627451 0.627451 0.643137
v 50.5434 2.22791 0.154667 0.627451 0.627451 0.643137
v 50.5382 2.2276 0.159612 0.627451 0.627451 0.643137
v 50.4903 2.23036 0.198379 0.627451 0.627451 0.643137
v 50.4841 2.21987 0.182927 0.627451 0.627451 0.643137
v 50.5449 2.1818 0.209582 0.627451 0.627451 0.643137
v 50.5393 2.17225 0.195514 0.627451 0.627451 0.643137
v 50.5021 2.13396 0.259095 0.627451 0.627451 0.643137
v 50.496 2.12347 0.243644 0.627451 0.627451 0.643137
v 50.5426 2.17572 0.19017 0.627451 0.627451 0.643137
v 50.5437 2.17689 0.188355 0.627451 0.627451 0.643137
v 50.544 2.22622 0.155248 0.627451 0.627451 0.643137
v 50.5426 2.17539 0.1904 0.627451 0.627451 0.643137
v 50.5436 2.17247 0.191404 0.627451 0.627451 0.643137
v 50.5537 2.18343 0.202472 0.627451 0.627451 0.643137
v 50.5554 2.24625 0.159029 0.627451 0.627451 0.643137
v 50.5412 2.23595 0.143567 0.627451 0.627451 0.643137
v 50.572 2.14835 0.17371 0.627451 0.627451 0.643137
v 50.5862 2.15865 0.189172 0.627451 0.627451 0.643137
v 50.5794 2.15846 0.195519 0.627451 0.627451 0.643137
v 50.5706 2.15048 0.181311 0.627451 0.627451 0.643137
v 50.5683 2.15041 0.183447 0.627451 0.627451 0.643137
v 50.5554 2.1786 0.204132 0.627451 0.627451 0.643137
v 50.5443 2.17056 0.19206 0.627451 0.627451 0.643137
v 50.5487 2.17977 0.209436 0.627451 0.627451 0.643137
v 50.587 2.14976 0.194379 0.627451 0.627451 0.643137
v 50.5842 2.14867 0.197675 0.627451 0.627451 0.643137
v 50.5013 2.11314 0.273564 0.627451 0.627451 0.643137
v 50.4856 2.22548 0.203553 0.627451 0.627451 0.643137
v 50.4989 2.12087 0.269291 0.627451 0.627451 0.643137
v 50.578 2.13076 0.182096 0.627451 0.627451 0.643137
v 50.574 2.14098 0.18458 0.627451 0.627451 0.643137
v 50.5787 2.12923 0.181252 0.627451 0.627451 0.643137
v 50.5745 2.13604 0.187397 0.627451 0.627451 0.643137
v 50.647 1.84139 0.0169505 0.627451 0.627451 0.643137
v 50.6334 1.81782 0.00469999 0.627451 0.627451 0.643137
v 50.6455 1.82369 0.0169966 0.627451 0.627451 0.643137
v 50.5833 1.48821 0.00469999 0.627451 0.627451 0.643137
v 50.6333 1.68666 0.0264674 0.627451 0.627451 0.643137
v 50.5941 1.49344 0.0156444 0.627451 0.627451 0.643137
v 50.56 1.33191 0.0156444 0.627451 0.627451 0.643137
v 50.5587 1.33137 0.0143496 0.627451 0.627451 0.643137
v 50.5452 1.33486 -0.00185881 0.627451 0.627451 0.643137
v 50.3798 2.29557 0.135056 0.627451 0.627451 0.643137
v 50.3723 2.2912 0.143717 0.627451 0.627451 0.643137
v 50.4671 2.29282 0.136176 0.627451 0.627451 0.643137
v 50.4674 2.28963 0.142227 0.627451 0.627451 0.643137
v 50.4672 2.30342 0.152228 0.627451 0.627451 0.643137
v 50.38 2.30617 0.151108 0.627451 0.627451 0.643137
v 50.4708 2.24742 0.189184 0.627451 0.627451 0.643137
v 50.4707 2.23847 0.175638 0.627451 0.627451 0.643137
v 50.3722 2.29902 0.155892 0.627451 0.627451 0.643137
v 50.4628 2.24398 0.175043 0.627451 0.627451 0.643137
v 50.3722 2.29144 0.144422 0.627451 0.627451 0.643137
v 50.3675 2.28713 0.147308 0.627451 0.627451 0.643137
v 50.4634 2.2331 0.182229 0.627451 0.627451 0.643137
v 50.4741 2.23458 0.197635 0.627451 0.627451 0.643137
v 50.3675 2.29467 0.158802 0.627451 0.627451 0.643137
v 50.2304 2.1677 0.243747 0.627451 0.627451 0.643137
v 50.4764 2.21708 0.209178 0.627451 0.627451 0.643137
v 50.4737 2.2255 0.183278 0.627451 0.627451 0.643137
v 50.231 2.16037 0.231292 0.627451 0.627451 0.643137
v 50.2279 2.16457 0.244152 0.627451 0.627451 0.643137
v 50.4873 2.11765 0.251048 0.627451 0.627451 0.643137
v 50.4878 2.12698 0.265794 0.627451 0.627451 0.643137
v 50.1995 2.1764 0.233538 0.627451 0.627451 0.643137
v 50.2022 2.17274 0.222253 0.627451 0.627451 0.643137
v 50.198 2.17207 0.222633 0.627451 0.627451 0.643137
v 50.1475 2.22948 0.182166 0.627451 0.627451 0.643137
v 50.2012 2.17009 0.22406 0.627451 0.627451 0.643137
v 50.1542 1.99652 0.281112 0.627451 0.627451 0.643137
v 50.1567 1.99318 0.270846 0.627451 0.627451 0.643137
v 50.3215 2.03109 0.30985 0.627451 0.627451 0.643137
v 50.3187 2.02666 0.29867 0.627451 0.627451 0.643137
v 50.138 1.98482 0.281039 0.627451 0.627451 0.643137
v 50.3972 2.03615 0.326274 0.627451 0.627451 0.643137
v 50.394 2.03899 0.32459 0.627451 0.627451 0.643137
v 50.6269 1.88188 -0.00243683 0.627451 0.627451 0.643137
v 50.5534 1.39795 -0.00243683 0.627451 0.627451 0.643137
v 50.5262 1.3343 -0.0101363 0.627451 0.627451 0.643137
v 50.5525 1.3972 -0.00277316 0.627451 0.627451 0.643137
v 50.4807 1.32418 -0.0069155 0.627451 0.627451 0.643137
v 50.4629 1.3238 -0.00506896 0.627451 0.627451 0.643137
v 50.5517 1.39821 0.0135942 0.627451 0.627451 0.643137
v 50.4622 1.3239 0.00119167 0.627451 0.627451 0.643137
v 50.4647 1.32398 0.00256239 0.627451 0.627451 0.643137
v 50.5513 1.39585 0.0145579 0.627451 0.627451 0.643137
v 50.3962 2.03886 0.324597 0.627451 0.627451 0.643137
v 50.3961 2.03889 0.324578 0.627451 0.627451 0.643137
v 50.3961 2.03891 0.324568 0.627451 0.627451 0.643137
v 50.3949 2.039 0.324549 0.627451 0.627451 0.643137
v 50.4023 2.03273 0.328268 0.627451 0.627451 0.643137
v 50.3939 2.03548 0.315934 0.627451 0.627451 0.643137
v 50.3927 2.03558 0.315914 0.627451 0.627451 0.643137
v 50.3977 2.03564 0.315706 0.627451 0.627451 0.643137
v 50.3939 2.03547 0.315943 0.627451 0.627451 0.643137
v 50.3959 2.03395 0.316837 0.627451 0.627451 0.643137
v 50.4016 2.0357 0.315543 0.627451 0.627451 0.643137
v 50.4629 2.0984 0.273831 0.627451 0.627451 0.643137
v 50.5017 1.33987 0.0084267 0.627451 0.627451 0.643137
v 50.4745 1.32424 0.00431624 0.627451 0.627451 0.643137
v 50.5739 1.39977 0.0184253 0.627451 0.627451 0.643137
v 50.5753 1.40609 0.0183542 0.627451 0.627451 0.643137
v 50.551 1.39402 0.0145978 0.627451 0.627451 0.643137
v 50.5678 1.50377 0.0137375 0.627451 0.627451 0.643137
v 50.616 1.8213 0.0137375 0.627451 0.627451 0.643137
v 50.5605 1.45783 0.0164976 0.627451 0.627451 0.643137
v 50.6248 1.88219 0.0172599 0.627451 0.627451 0.643137
v 50.5686 1.50716 0.0138825 0.627451 0.627451 0.643137
v 50.6158 1.81811 0.0138825 0.627451 0.627451 0.643137
v 50.5735 1.50953 0.0188394 0.627451 0.627451 0.643137
v 50.6324 1.6842 0.0290268 0.627451 0.627451 0.643137
v 50.6066 1.68965 0.0251598 0.627451 0.627451 0.643137
v 50.6247 1.8863 0.0166985 0.627451 0.627451 0.643137
v 50.6234 1.91107 0.0163235 0.627451 0.627451 0.643137
v 50.622 1.92598 0.0232642 0.627451 0.627451 0.643137
v 50.628 1.88794 0.0201169 0.627451 0.627451 0.643137
v 50.6279 1.89444 0.0202503 0.627451 0.627451 0.643137
v 50.6277 1.91458 0.03664 0.627451 0.627451 0.643137
v 50.6266 1.90187 0.0213779 0.627451 0.627451 0.643137
v 50.6279 1.89688 0.0222375 0.627451 0.627451 0.643137
v 50.6276 1.9216 0.0423531 0.627451 0.627451 0.643137
v 50.6454 1.95678 0.0870673 0.627451 0.627451 0.643137
v 50.6271 1.95653 0.0870673 0.627451 0.627451 0.643137
v 50.6462 1.90214 0.0213779 0.627451 0.627451 0.643137
v 50.6468 1.85762 0.0290345 0.627451 0.627451 0.643137
v 50.6285 1.85736 0.0290345 0.627451 0.627451 0.643137
v 50.6456 1.94308 0.0995148 0.627451 0.627451 0.643137
v 50.647 1.84139 0.0975415 0.627451 0.627451 0.643137
v 50.6469 1.85192 0.0911493 0.627451 0.627451 0.643137
v 50.6273 1.94283 0.0995148 0.627451 0.627451 0.643137
v 50.6285 1.85166 0.0911493 0.627451 0.627451 0.643137
v 50.6256 1.68311 0.0730616 0.627451 0.627451 0.643137
v 50.6087 1.68668 0.0705344 0.627451 0.627451 0.643137
v 50.6144 1.68757 0.0340369 0.627451 0.627451 0.643137
v 50.6213 1.67105 0.0844939 0.627451 0.627451 0.643137
v 50.6044 1.67461 0.0819668 0.627451 0.627451 0.643137
v 50.5571 1.37024 0.0888722 0.627451 0.627451 0.643137
v 50.5494 1.37186 0.0877209 0.627451 0.627451 0.643137
v 50.5386 1.36628 0.0864545 0.627451 0.627451 0.643137
v 50.618 1.72773 0.031396 0.627451 0.627451 0.643137
v 50.6157 1.69437 0.0344178 0.627451 0.627451 0.643137
v 50.6188 1.72874 0.0320428 0.627451 0.627451 0.643137
v 50.6265 1.82332 0.0247892 0.627451 0.627451 0.643137
v 50.6268 1.83277 0.0241394 0.627451 0.627451 0.643137
v 50.6287 1.84035 0.0254396 0.627451 0.627451 0.643137
v 50.628 1.83276 0.0254594 0.627451 0.627451 0.643137
v 50.6368 1.72606 0.031396 0.627451 0.627451 0.643137
v 50.6461 1.83106 0.0241394 0.627451 0.627451 0.643137
v 50.6459 1.82819 0.0931553 0.627451 0.627451 0.643137
v 50.6278 1.8298 0.0931553 0.627451 0.627451 0.643137
v 50.6465 1.83587 0.0943156 0.627451 0.627451 0.643137
v 50.6284 1.83748 0.0943156 0.627451 0.627451 0.643137
v 50.6436 1.8025 0.0987993 0.627451 0.627451 0.643137
v 50.6335 1.68897 0.0283553 0.627451 0.627451 0.643137
v 50.6448 1.81585 0.101868 0.627451 0.627451 0.643137
v 50.6455 1.82404 0.101903 0.627451 0.627451 0.643137
v 50.6447 1.82211 0.104537 0.627451 0.627451 0.643137
v 50.6262 1.69859 0.0904622 0.627451 0.627451 0.643137
v 50.6341 1.70291 0.0414034 0.627451 0.627451 0.643137
v 50.6407 1.78512 0.0974052 0.627451 0.627451 0.643137
v 50.628 1.70887 0.0912871 0.627451 0.627451 0.643137
v 50.6172 1.70593 0.0389574 0.627451 0.627451 0.643137
v 50.6104 1.71249 0.0938715 0.627451 0.627451 0.643137
v 50.6256 1.70978 0.0960727 0.627451 0.627451 0.643137
v 50.6244 1.79643 0.100607 0.627451 0.627451 0.643137
v 50.6397 1.79372 0.102808 0.627451 0.627451 0.643137
v 50.6212 1.75633 0.073288 0.627451 0.627451 0.643137
v 50.6166 1.70353 0.0372017 0.627451 0.627451 0.643137
v 50.617 1.70345 0.0372679 0.627451 0.627451 0.643137
v 50.616 1.69751 0.0367911 0.627451 0.627451 0.643137
v 50.6091 1.70564 0.0947902 0.627451 0.627451 0.643137
v 50.6254 1.80366 0.102655 0.627451 0.627451 0.643137
v 50.6159 1.69655 0.0361988 0.627451 0.627451 0.643137
v 50.6266 1.81625 0.10555 0.627451 0.627451 0.643137
v 50.6272 1.82398 0.105583 0.627451 0.627451 0.643137
v 50.6287 1.84035 0.101469 0.627451 0.627451 0.643137
v 50.6265 1.82216 0.108068 0.627451 0.627451 0.643137
v 50.6285 1.8554 0.101837 0.627451 0.627451 0.643137
v 50.6273 1.9407 0.109664 0.627451 0.627451 0.643137
v 50.6273 1.9407 0.109678 0.627451 0.627451 0.643137
v 50.6285 1.85627 0.102929 0.627451 0.627451 0.643137
v 50.6445 1.85518 0.106632 0.627451 0.627451 0.643137
v 50.6433 1.94048 0.11446 0.627451 0.627451 0.643137
v 50.6306 1.89711 0.155095 0.627451 0.627451 0.643137
v 50.6148 1.89733 0.150382 0.627451 0.627451 0.643137
v 50.6351 1.95093 0.142386 0.627451 0.627451 0.643137
v 50.6194 1.95114 0.137684 0.627451 0.627451 0.643137
v 50.6143 1.9312 0.15349 0.627451 0.627451 0.643137
v 50.6194 1.95135 0.137509 0.627451 0.627451 0.643137
v 50.6301 1.93099 0.158203 0.627451 0.627451 0.643137
v 50.6279 1.93149 0.165623 0.627451 0.627451 0.643137
v 50.6285 1.88726 0.161563 0.627451 0.627451 0.643137
v 50.6112 1.88362 0.161867 0.627451 0.627451 0.643137
v 50.6106 1.92535 0.165696 0.627451 0.627451 0.643137
v 50.6158 1.95705 0.149692 0.627451 0.627451 0.643137
v 50.6146 1.96769 0.149633 0.627451 0.627451 0.643137
v 50.6146 1.96775 0.149597 0.627451 0.627451 0.643137
v 50.6062 2.0432 0.149213 0.627451 0.627451 0.643137
v 50.6146 1.96816 0.14963 0.627451 0.627451 0.643137
v 50.6004 2.06145 0.15601 0.627451 0.627451 0.643137
v 50.6282 1.96931 0.157115 0.627451 0.627451 0.643137
v 50.6136 2.06571 0.163708 0.627451 0.627451 0.643137
v 50.5996 2.06412 0.156011 0.627451 0.627451 0.643137
v 50.58 2.12574 0.178257 0.627451 0.627451 0.643137
v 50.5806 2.12319 0.179 0.627451 0.627451 0.643137
v 50.5941 2.12737 0.186085 0.627451 0.627451 0.643137
v 50.596 1.96465 0.216382 0.627451 0.627451 0.643137
v 50.598 1.96882 0.211958 0.627451 0.627451 0.643137
v 50.624 1.94344 0.170177 0.627451 0.627451 0.643137
v 50.6104 1.94188 0.162664 0.627451 0.627451 0.643137
v 50.5844 1.96726 0.204444 0.627451 0.627451 0.643137
v 50.3471 1.32143 0.0109208 0.627451 0.627451 0.643137
v 50.3513 1.2997 0.00268481 0.627451 0.627451 0.643137
v 50.3729 1.29991 0.00146734 0.627451 0.627451 0.643137
v 50.537 1.33135 0.00318694 0.627451 0.627451 0.643137
v 50.5332 1.35091 0.0106015 0.627451 0.627451 0.643137
v 50.5361 1.36093 0.012108 0.627451 0.627451 0.643137
v 50.5329 1.3515 0.0106821 0.627451 0.627451 0.643137
v 50.5734 1.39692 0.0180022 0.627451 0.627451 0.643137
v 50.5338 1.35165 0.0116877 0.627451 0.627451 0.643137
v 50.5446 1.33553 0.0132022 0.627451 0.627451 0.643137
v 50.5457 1.33004 0.0111217 0.627451 0.627451 0.643137
v 50.5487 1.345 0.0138853 0.627451 0.627451 0.643137
v 50.5621 1.34216 0.0159008 0.627451 0.627451 0.643137
v 50.5511 1.34464 0.0926828 0.627451 0.627451 0.643137
v 50.5512 1.33967 0.0855865 0.627451 0.627451 0.643137
v 50.5546 1.33322 0.0534251 0.627451 0.627451 0.643137
v 50.5557 1.34113 0.0576088 0.627451 0.627451 0.643137
v 50.5075 1.32068 0.0946796 0.627451 0.627451 0.643137
v 50.549 1.33944 0.0887531 0.627451 0.627451 0.643137
v 50.5053 1.31612 0.0270236 0.627451 0.627451 0.643137
v 50.5008 1.33918 0.0357634 0.627451 0.627451 0.643137
v 50.5212 1.34974 0.0287396 0.627451 0.627451 0.643137
v 50.5425 1.34568 0.0239443 0.627451 0.627451 0.643137
v 50.5284 1.34689 0.0535291 0.627451 0.627451 0.643137
v 50.5343 1.32666 0.0573253 0.627451 0.627451 0.643137
v 50.5266 1.34934 0.0554409 0.627451 0.627451 0.643137
v 50.5483 1.32875 0.0253513 0.627451 0.627451 0.643137
v 50.5327 1.35861 0.0675179 0.627451 0.627451 0.643137
v 50.5215 1.35405 0.058502 0.627451 0.627451 0.643137
v 50.5141 1.32164 0.0790823 0.627451 0.627451 0.643137
v 50.5046 1.34984 0.0767389 0.627451 0.627451 0.643137
v 50.4241 1.29502 0.125782 0.627451 0.627451 0.643137
v 50.4146 1.32322 0.123438 0.627451 0.627451 0.643137
v 50.4284 1.32336 0.0686639 0.627451 0.627451 0.643137
v 50.438 1.29516 0.0710072 0.627451 0.627451 0.643137
v 50.4136 1.29304 0.144712 0.627451 0.627451 0.643137
v 50.4336 1.2922 0.0531394 0.627451 0.627451 0.643137
v 50.4454 1.29653 0.0572493 0.627451 0.627451 0.643137
v 50.4345 1.32449 0.0573596 0.627451 0.627451 0.643137
v 50.4355 1.32564 0.0548301 0.627451 0.627451 0.643137
v 50.4481 1.32957 0.0509472 0.627451 0.627451 0.643137
v 50.4479 1.3301 0.0508882 0.627451 0.627451 0.643137
v 50.448 1.32965 0.0507167 0.627451 0.627451 0.643137
v 50.4327 1.29507 0.0451032 0.627451 0.627451 0.643137
v 50.4272 1.3236 0.0559135 0.627451 0.627451 0.643137
v 50.5385 1.34324 0.111544 0.627451 0.627451 0.643137
v 50.4128 1.29305 0.145756 0.627451 0.627451 0.643137
v 50.3755 1.30134 -0.000951403 0.627451 0.627451 0.643137
v 50.4773 1.32407 -0.00841782 0.627451 0.627451 0.643137
v 50.3596 1.29184 0.015862 0.627451 0.627451 0.643137
v 50.3653 1.29577 0.00843572 0.627451 0.627451 0.643137
v 50.359 1.29236 0.014198 0.627451 0.627451 0.643137
v 50.3503 1.30363 -0.00360281 0.627451 0.627451 0.643137
v 50.3325 1.30173 0.000186654 0.627451 0.627451 0.643137
v 50.4075 1.32242 -0.0112214 0.627451 0.627451 0.643137
v 50.3357 1.32108 0.0062034 0.627451 0.627451 0.643137
v 50.3297 1.30219 0.00104763 0.627451 0.627451 0.643137
v 50.357 1.32179 0.0182634 0.627451 0.627451 0.643137
v 50.3572 1.32179 0.0179916 0.627451 0.627451 0.643137
v 50.3581 1.3218 0.01718 0.627451 0.627451 0.643137
v 50.3572 1.32185 0.0180011 0.627451 0.627451 0.643137
v 50.3581 1.32184 0.0172004 0.627451 0.627451 0.643137
v 50.4261 1.32224 0.0589632 0.627451 0.627451 0.643137
v 50.4273 1.32224 0.05958 0.627451 0.627451 0.643137
v 50.4268 1.3236 0.0557193 0.627451 0.627451 0.643137
v 50.3597 1.32185 0.0180664 0.627451 0.627451 0.643137
v 50.4252 1.32403 0.0550642 0.627451 0.627451 0.643137
v 50.4268 1.32322 0.055555 0.627451 0.627451 0.643137
v 50.41 1.29297 0.136854 0.627451 0.627451 0.643137
v 50.41 1.32295 0.136577 0.627451 0.627451 0.643137
v 50.4268 1.29222 0.0558411 0.627451 0.627451 0.643137
v 50.3523 1.29201 0.0334348 0.627451 0.627451 0.643137
v 50.3522 1.32195 0.0331583 0.627451 0.627451 0.643137
v 50.3592 1.32186 0.0193206 0.627451 0.627451 0.643137
v 50.3317 1.29238 0.0743114 0.627451 0.627451 0.643137
v 50.3317 1.32236 0.0740346 0.627451 0.627451 0.643137
v 50.5424 1.34687 0.110347 0.627451 0.627451 0.643137
v 50.5402 1.347 0.114154 0.627451 0.627451 0.643137
v 50.5388 1.34581 0.114769 0.627451 0.627451 0.643137
v 50.3197 1.29584 0.0395765 0.627451 0.627451 0.643137
v 50.3506 1.29478 0.012124 0.627451 0.627451 0.643137
v 50.3139 1.29226 0.0615088 0.627451 0.627451 0.643137
v 50.3198 1.32244 0.0822734 0.627451 0.627451 0.643137
v 50.3116 1.29536 0.0778412 0.627451 0.627451 0.643137
v 50.3563 1.31909 0.0176144 0.627451 0.627451 0.643137
v 50.3563 1.3191 0.0176035 0.627451 0.627451 0.643137
v 50.3242 1.31067 0.0420028 0.627451 0.627451 0.643137
v 50.3121 1.29234 0.0703496 0.627451 0.627451 0.643137
v 50.3066 1.29292 0.0977586 0.627451 0.627451 0.643137
v 50.3164 1.32259 0.0990947 0.627451 0.627451 0.643137
v 50.1202 1.35835 0.0405609 0.627451 0.627451 0.643137
v 50.3086 1.32257 0.0968306 0.627451 0.627451 0.643137
v 50.2925 1.29777 0.0934397 0.627451 0.627451 0.643137
v 50.3075 1.2926 0.098677 0.627451 0.627451 0.643137
v 50.2464 1.32302 0.146214 0.627451 0.627451 0.643137
v 50.2291 1.32251 0.0920497 0.627451 0.627451 0.643137
v 50.3119 1.29273 0.112467 0.627451 0.627451 0.643137
v 50.3264 1.29315 0.157897 0.627451 0.627451 0.643137
v 50.1146 1.36367 0.0638391 0.627451 0.627451 0.643137
v 50.1179 1.38719 0.0587391 0.627451 0.627451 0.643137
v 50.1103 1.36806 0.0620922 0.627451 0.627451 0.643137
v 50.3073 1.32264 0.104585 0.627451 0.627451 0.643137
v 50.1161 1.38726 0.0699266 0.627451 0.627451 0.643137
v 50.117 1.38695 0.0702436 0.627451 0.627451 0.643137
v 50.1161 1.3879 0.0744924 0.627451 0.627451 0.643137
v 50.1169 1.38815 0.078862 0.627451 0.627451 0.643137
v 50.1093 1.36887 0.08256 0.627451 0.627451 0.643137
v 50.117 1.3885 0.0799045 0.627451 0.627451 0.643137
v 50.2586 1.32303 0.147627 0.627451 0.627451 0.643137
v 50.3293 1.32308 0.152102 0.627451 0.627451 0.643137
v 50.2696 1.3231 0.155122 0.627451 0.627451 0.643137
v 50.2861 1.31623 0.157063 0.627451 0.627451 0.643137
v 50.3289 1.30456 0.166049 0.627451 0.627451 0.643137
v 50.3291 1.29316 0.158931 0.627451 0.627451 0.643137
v 50.3292 1.29983 0.157497 0.627451 0.627451 0.643137
v 50.3505 1.29318 0.160396 0.627451 0.627451 0.643137
v 50.3435 1.31166 0.189583 0.627451 0.627451 0.643137
v 50.357 1.29322 0.165121 0.627451 0.627451 0.643137
v 50.4029 1.29312 0.15383 0.627451 0.627451 0.643137
v 50.3507 1.29318 0.160411 0.627451 0.627451 0.643137
v 50.3927 1.29309 0.150494 0.627451 0.627451 0.643137
v 50.3969 1.32082 0.146949 0.627451 0.627451 0.643137
v 50.3927 1.31824 0.150262 0.627451 0.627451 0.643137
v 50.3969 1.32305 0.146921 0.627451 0.627451 0.643137
v 50.3649 1.31216 0.156896 0.627451 0.627451 0.643137
v 50.3649 1.31798 0.156843 0.627451 0.627451 0.643137
v 50.3599 1.32198 0.154296 0.627451 0.627451 0.643137
v 50.3606 1.30112 0.173305 0.627451 0.627451 0.643137
v 50.3572 1.3231 0.153867 0.627451 0.627451 0.643137
v 50.401 1.30143 0.163836 0.627451 0.627451 0.643137
v 50.356 1.32311 0.154155 0.627451 0.627451 0.643137
v 50.3515 1.32325 0.169981 0.627451 0.627451 0.643137
v 50.3547 1.3083 0.183003 0.627451 0.627451 0.643137
v 50.3377 1.32309 0.152634 0.627451 0.627451 0.643137
v 50.3506 1.32318 0.161952 0.627451 0.627451 0.643137
v 50.4077 1.32305 0.146954 0.627451 0.627451 0.643137
v 50.4085 1.32304 0.145969 0.627451 0.627451 0.643137
v 50.3988 1.32311 0.154289 0.627451 0.627451 0.643137
v 50.4121 1.3248 0.145762 0.627451 0.627451 0.643137
v 50.4117 1.32397 0.144283 0.627451 0.627451 0.643137
v 50.4181 1.32586 0.140866 0.627451 0.627451 0.643137
v 50.497 1.34911 0.0987689 0.627451 0.627451 0.643137
v 50.411 1.32361 0.142653 0.627451 0.627451 0.643137
v 50.4436 1.39178 0.253046 0.627451 0.627451 0.643137
v 50.4217 1.30594 0.155865 0.627451 0.627451 0.643137
v 50.4335 1.40851 0.240537 0.627451 0.627451 0.643137
v 50.5362 1.36681 0.0931778 0.627451 0.627451 0.643137
v 50.5382 1.36703 0.0901905 0.627451 0.627451 0.643137
v 50.5283 1.34635 0.123955 0.627451 0.627451 0.643137
v 50.5175 1.36425 0.11057 0.627451 0.627451 0.643137
v 50.4606 1.40022 0.250615 0.627451 0.627451 0.643137
v 50.4505 1.41696 0.238106 0.627451 0.627451 0.643137
v 50.5148 1.36579 0.117816 0.627451 0.627451 0.643137
v 50.4585 1.40672 0.261015 0.627451 0.627451 0.643137
v 50.4385 1.39873 0.266461 0.627451 0.627451 0.643137
v 50.4282 1.39893 0.269184 0.627451 0.627451 0.643137
v 50.4247 1.41573 0.254548 0.627451 0.627451 0.643137
v 50.4007 1.32995 0.161865 0.627451 0.627451 0.643137
v 50.3557 1.35258 0.233607 0.627451 0.627451 0.643137
v 50.3512 1.32852 0.172264 0.627451 0.627451 0.643137
v 50.3521 1.36939 0.218971 0.627451 0.627451 0.643137
v 50.3638 1.44638 0.304541 0.627451 0.627451 0.643137
v 50.3674 1.42957 0.319177 0.627451 0.627451 0.643137
v 50.3827 1.46081 0.316532 0.627451 0.627451 0.643137
v 50.3862 1.444 0.331168 0.627451 0.627451 0.643137
v 50.5149 1.37587 0.168495 0.627451 0.627451 0.643137
v 50.5121 1.37805 0.173711 0.627451 0.627451 0.643137
v 50.5145 1.37639 0.169464 0.627451 0.627451 0.643137
v 50.4597 1.41774 0.269007 0.627451 0.627451 0.643137
v 50.5264 1.37037 0.114507 0.627451 0.627451 0.643137
v 50.53 1.37382 0.113549 0.627451 0.627451 0.643137
v 50.5382 1.37171 0.0968851 0.627451 0.627451 0.643137
v 50.5283 1.37392 0.116498 0.627451 0.627451 0.643137
v 50.5338 1.45565 0.138621 0.627451 0.627451 0.643137
v 50.541 1.38261 0.126561 0.627451 0.627451 0.643137
v 50.5457 1.45295 0.145601 0.627451 0.627451 0.643137
v 50.5109 1.38197 0.163098 0.627451 0.627451 0.643137
v 50.5196 1.38711 0.164802 0.627451 0.627451 0.643137
v 50.5218 1.36861 0.115896 0.627451 0.627451 0.643137
v 50.4988 1.3847 0.156032 0.627451 0.627451 0.643137
v 50.5142 1.38731 0.174172 0.627451 0.627451 0.643137
v 50.5509 1.47391 0.144736 0.627451 0.627451 0.643137
v 50.5097 1.39479 0.15637 0.627451 0.627451 0.643137
v 50.5051 1.38913 0.156896 0.627451 0.627451 0.643137
v 50.4509 1.54174 0.328953 0.627451 0.627451 0.643137
v 50.4556 1.54545 0.323393 0.627451 0.627451 0.643137
v 50.4346 1.47473 0.328936 0.627451 0.627451 0.643137
v 50.4291 1.51442 0.352336 0.627451 0.627451 0.643137
v 50.5041 1.40118 0.168406 0.627451 0.627451 0.643137
v 50.5051 1.41596 0.172406 0.627451 0.627451 0.643137
v 50.538 1.49367 0.145992 0.627451 0.627451 0.643137
v 50.4508 1.43028 0.255689 0.627451 0.627451 0.643137
v 50.452 1.44067 0.263228 0.627451 0.627451 0.643137
v 50.5043 1.41803 0.174352 0.627451 0.627451 0.643137
v 50.5393 1.50042 0.146348 0.627451 0.627451 0.643137
v 50.5513 1.49949 0.152913 0.627451 0.627451 0.643137
v 50.5143 1.41227 0.18256 0.627451 0.627451 0.643137
v 50.5399 1.50195 0.145803 0.627451 0.627451 0.643137
v 50.5028 1.41474 0.175419 0.627451 0.627451 0.643137
v 50.5945 1.87258 0.212202 0.627451 0.627451 0.643137
v 50.5937 1.8526 0.206551 0.627451 0.627451 0.643137
v 50.6137 1.86383 0.178166 0.627451 0.627451 0.643137
v 50.4659 1.55136 0.308942 0.627451 0.627451 0.643137
v 50.6252 1.88327 0.166339 0.627451 0.627451 0.643137
v 50.4565 1.54786 0.296448 0.627451 0.627451 0.643137
v 50.4544 1.55381 0.301858 0.627451 0.627451 0.643137
v 50.6022 1.86628 0.171081 0.627451 0.627451 0.643137
v 50.5461 1.53821 0.148342 0.627451 0.627451 0.643137
v 50.5823 1.85504 0.199466 0.627451 0.627451 0.643137
v 50.45 1.56552 0.313057 0.627451 0.627451 0.643137
v 50.5791 1.86977 0.209639 0.627451 0.627451 0.643137
v 50.6081 1.87986 0.166373 0.627451 0.627451 0.643137
v 50.3051 1.33329 0.14819 0.627451 0.627451 0.643137
v 50.3423 1.3406 0.1883 0.627451 0.627451 0.643137
v 50.2675 1.34656 0.145929 0.627451 0.627451 0.643137
v 50.244 1.35381 0.139548 0.627451 0.627451 0.643137
v 50.2473 1.35286 0.140704 0.627451 0.627451 0.643137
v 50.248 1.32716 0.145996 0.627451 0.627451 0.643137
v 50.2302 1.33505 0.143035 0.627451 0.627451 0.643137
v 50.2407 1.35528 0.138996 0.627451 0.627451 0.643137
v 50.2291 1.33621 0.143684 0.627451 0.627451 0.643137
v 50.2378 1.35833 0.140692 0.627451 0.627451 0.643137
v 50.417 1.54006 0.375186 0.627451 0.627451 0.643137
v 50.4138 1.51624 0.367051 0.627451 0.627451 0.643137
v 50.4173 1.49159 0.352516 0.627451 0.627451 0.643137
v 50.3988 1.48522 0.358313 0.627451 0.627451 0.643137
v 50.4015 1.53441 0.375774 0.627451 0.627451 0.643137
v 50.3928 1.47937 0.357209 0.627451 0.627451 0.643137
v 50.4164 1.54545 0.377243 0.627451 0.627451 0.643137
v 50.3965 1.53514 0.375643 0.627451 0.627451 0.643137
v 50.3843 1.473 0.354511 0.627451 0.627451 0.643137
v 50.3876 1.47195 0.354407 0.627451 0.627451 0.643137
v 50.3401 1.3489 0.233169 0.627451 0.627451 0.643137
v 50.3413 1.32299 0.203127 0.627451 0.627451 0.643137
v 50.3574 1.43304 0.325579 0.627451 0.627451 0.643137
v 50.383 1.45253 0.341749 0.627451 0.627451 0.643137
v 50.3231 1.33072 0.201188 0.627451 0.627451 0.643137
v 50.2651 1.33533 0.168348 0.627451 0.627451 0.643137
v 50.3194 1.36119 0.239081 0.627451 0.627451 0.643137
v 50.3104 1.3569 0.227361 0.627451 0.627451 0.643137
v 50.3313 1.34679 0.189075 0.627451 0.627451 0.643137
v 50.259 1.35254 0.148119 0.627451 0.627451 0.643137
v 50.251 1.33678 0.160003 0.627451 0.627451 0.643137
v 50.3156 1.37895 0.221219 0.627451 0.627451 0.643137
v 50.3076 1.36316 0.23312 0.627451 0.627451 0.643137
v 50.3402 1.35129 0.201078 0.627451 0.627451 0.643137
v 50.3196 1.38733 0.234996 0.627451 0.627451 0.643137
v 50.3183 1.3667 0.245126 0.627451 0.627451 0.643137
v 50.3249 1.37544 0.258149 0.627451 0.627451 0.643137
v 50.3186 1.36845 0.247333 0.627451 0.627451 0.643137
v 50.3161 1.36793 0.245063 0.627451 0.627451 0.643137
v 50.3353 1.41437 0.301396 0.627451 0.627451 0.643137
v 50.3453 1.43403 0.324177 0.627451 0.627451 0.643137
v 50.0981 1.38005 0.0829355 0.627451 0.627451 0.643137
v 50.1098 1.36829 0.0840753 0.627451 0.627451 0.643137
v 50.1085 1.36959 0.0897539 0.627451 0.627451 0.643137
v 50.102 1.37607 0.0916897 0.627451 0.627451 0.643137
v 50.1192 1.388 0.0843444 0.627451 0.627451 0.643137
v 50.1114 1.3681 0.087037 0.627451 0.627451 0.643137
v 50.1173 1.38825 0.0806498 0.627451 0.627451 0.643137
v 50.1272 1.38583 0.0914321 0.627451 0.627451 0.643137
v 50.1534 1.38604 0.111468 0.627451 0.627451 0.643137
v 50.1448 1.36422 0.114418 0.627451 0.627451 0.643137
v 50.1261 1.36407 0.100135 0.627451 0.627451 0.643137
v 50.1963 1.34615 0.132531 0.627451 0.627451 0.643137
v 50.1978 1.37045 0.127098 0.627451 0.627451 0.643137
v 50.1199 1.3662 0.0979125 0.627451 0.627451 0.643137
v 50.1091 1.36977 0.092835 0.627451 0.627451 0.643137
v 50.2091 1.35226 0.14923 0.627451 0.627451 0.643137
v 50.1672 1.36831 0.136067 0.627451 0.627451 0.643137
v 50.289 1.36929 0.227393 0.627451 0.627451 0.643137
v 50.2347 1.34338 0.156512 0.627451 0.627451 0.643137
v 50.2022 1.37252 0.13278 0.627451 0.627451 0.643137
v 50.1704 1.38472 0.12278 0.627451 0.627451 0.643137
v 50.1622 1.37056 0.134227 0.627451 0.627451 0.643137
v 50.2433 1.35826 0.144488 0.627451 0.627451 0.643137
v 50.1078 1.37102 0.092953 0.627451 0.627451 0.643137
v 50.1021 1.37611 0.0922462 0.627451 0.627451 0.643137
v 50.0997 1.38436 0.0987595 0.627451 0.627451 0.643137
v 50.0932 1.40405 0.111556 0.627451 0.627451 0.643137
v 50.073 1.46335 0.14678 0.627451 0.627451 0.643137
v 50.3062 1.38827 0.226591 0.627451 0.627451 0.643137
v 50.298 1.37406 0.238076 0.627451 0.627451 0.643137
v 50.2491 1.37911 0.208601 0.627451 0.627451 0.643137
v 50.2471 1.39395 0.191406 0.627451 0.627451 0.643137
v 50.2378 1.38068 0.201354 0.627451 0.627451 0.643137
v 50.2456 1.39413 0.190476 0.627451 0.627451 0.643137
v 50.1184 1.38857 0.086352 0.627451 0.627451 0.643137
v 50.1227 1.38738 0.0898157 0.627451 0.627451 0.643137
v 50.0492 1.54118 0.195261 0.627451 0.627451 0.643137
v 50.007 1.67528 0.241491 0.627451 0.627451 0.643137
v 50.0102 1.66826 0.270503 0.627451 0.627451 0.643137
v 50.01 1.66895 0.270945 0.627451 0.627451 0.643137
v 50.0069 1.67588 0.242293 0.627451 0.627451 0.643137
v 50.0058 1.68894 0.285819 0.627451 0.627451 0.643137
v 50.0026 1.70003 0.278712 0.627451 0.627451 0.643137
v 50.0004 1.70725 0.27061 0.627451 0.627451 0.643137
v 50.0089 1.69131 0.293417 0.627451 0.627451 0.643137
v 50.0085 1.69162 0.29325 0.627451 0.627451 0.643137
v 50.0086 1.69335 0.29369 0.627451 0.627451 0.643137
v 50.0072 1.6983 0.290523 0.627451 0.627451 0.643137
v 50.0228 1.68939 0.303429 0.627451 0.627451 0.643137
v 50.0129 1.70502 0.299256 0.627451 0.627451 0.643137
v 50.0281 1.68977 0.307446 0.627451 0.627451 0.643137
v 50.0114 1.71057 0.295837 0.627451 0.627451 0.643137
v 50.0129 1.70522 0.299261 0.627451 0.627451 0.643137
v 50.0216 1.74047 0.29978 0.627451 0.627451 0.643137
v 50.0166 1.71521 0.300891 0.627451 0.627451 0.643137
v 50.032 1.68889 0.309417 0.627451 0.627451 0.643137
v 50.0426 1.68916 0.314873 0.627451 0.627451 0.643137
v 50.0504 1.70291 0.316331 0.627451 0.627451 0.643137
v 50.0431 1.71902 0.311294 0.627451 0.627451 0.643137
v 50.0552 1.68739 0.320259 0.627451 0.627451 0.643137
v 50.1565 1.90655 0.304285 0.627451 0.627451 0.643137
v 50.1452 1.91494 0.299705 0.627451 0.627451 0.643137
v 50.1194 1.3976 0.0975763 0.627451 0.627451 0.643137
v 50.123 1.39168 0.0950001 0.627451 0.627451 0.643137
v 50.1145 1.40191 0.0968772 0.627451 0.627451 0.643137
v 50.1249 1.39329 0.0979546 0.627451 0.627451 0.643137
v 50.1284 1.39193 0.0993679 0.627451 0.627451 0.643137
v 50.1159 1.3827 0.109708 0.627451 0.627451 0.643137
v 50.1047 1.39143 0.108942 0.627451 0.627451 0.643137
v 50.1141 1.40256 0.0966004 0.627451 0.627451 0.643137
v 50.1219 1.38035 0.112137 0.627451 0.627451 0.643137
v 50.1309 1.39104 0.100279 0.627451 0.627451 0.643137
v 50.2405 1.38849 0.210418 0.627451 0.627451 0.643137
v 50.2601 1.41287 0.247413 0.627451 0.627451 0.643137
v 50.246 1.40805 0.232258 0.627451 0.627451 0.643137
v 50.1326 1.49091 0.220016 0.627451 0.627451 0.643137
v 50.1255 1.50353 0.225912 0.627451 0.627451 0.643137
v 50.2495 1.39909 0.198665 0.627451 0.627451 0.643137
v 50.1762 1.39406 0.137976 0.627451 0.627451 0.643137
v 50.1416 1.5015 0.208262 0.627451 0.627451 0.643137
v 50.255 1.41865 0.220504 0.627451 0.627451 0.643137
v 50.2511 1.3974 0.198377 0.627451 0.627451 0.643137
v 50.2532 1.39687 0.199384 0.627451 0.627451 0.643137
v 50.1146 1.40542 0.100979 0.627451 0.627451 0.643137
v 50.1141 1.40313 0.0978375 0.627451 0.627451 0.643137
v 50.1123 1.40919 0.102618 0.627451 0.627451 0.643137
v 50.1062 1.42776 0.11469 0.627451 0.627451 0.643137
v 50.0872 1.4837 0.14792 0.627451 0.627451 0.643137
v 50.1366 1.52161 0.222573 0.627451 0.627451 0.643137
v 50.2636 1.43609 0.242857 0.627451 0.627451 0.643137
v 50.0249 1.68364 0.23727 0.627451 0.627451 0.643137
v 50.0279 1.67702 0.26464 0.627451 0.627451 0.643137
v 50.0647 1.55713 0.193657 0.627451 0.627451 0.643137
v 50.0248 1.6842 0.238027 0.627451 0.627451 0.643137
v 50.0278 1.67767 0.265057 0.627451 0.627451 0.643137
v 50.0265 1.69922 0.286556 0.627451 0.627451 0.643137
v 50.0237 1.69653 0.279089 0.627451 0.627451 0.643137
v 50.2722 1.39703 0.213125 0.627451 0.627451 0.643137
v 50.3187 1.39194 0.240062 0.627451 0.627451 0.643137
v 50.272 1.39592 0.211639 0.627451 0.627451 0.643137
v 50.3102 1.38049 0.252539 0.627451 0.627451 0.643137
v 50.3188 1.39194 0.240134 0.627451 0.627451 0.643137
v 50.2638 1.38594 0.22514 0.627451 0.627451 0.643137
v 50.3391 1.37573 0.229419 0.627451 0.627451 0.643137
v 50.3255 1.39943 0.251723 0.627451 0.627451 0.643137
v 50.277 1.41892 0.236318 0.627451 0.627451 0.643137
v 50.3346 1.4375 0.293784 0.627451 0.627451 0.643137
v 50.3291 1.41696 0.270967 0.627451 0.627451 0.643137
v 50.2685 1.40769 0.248482 0.627451 0.627451 0.643137
v 50.3232 1.40563 0.284849 0.627451 0.627451 0.643137
v 50.3287 1.40118 0.284565 0.627451 0.627451 0.643137
v 50.3321 1.41743 0.27207 0.627451 0.627451 0.643137
v 50.3387 1.41443 0.27022 0.627451 0.627451 0.643137
v 50.3555 1.45511 0.316598 0.627451 0.627451 0.643137
v 50.344 1.45605 0.315276 0.627451 0.627451 0.643137
v 50.5414 1.38689 0.0967899 0.627451 0.627451 0.643137
v 50.5434 1.40079 0.103124 0.627451 0.627451 0.643137
v 50.6029 1.67647 0.0948809 0.627451 0.627451 0.643137
v 50.603 1.67703 0.0949696 0.627451 0.627451 0.643137
v 50.6154 1.67386 0.101393 0.627451 0.627451 0.643137
v 50.554 1.39857 0.108672 0.627451 0.627451 0.643137
v 50.6347 1.81192 0.119545 0.627451 0.627451 0.643137
v 50.6223 1.81452 0.113047 0.627451 0.627451 0.643137
v 50.6234 1.84361 0.153874 0.627451 0.627451 0.643137
v 50.5548 1.46556 0.133923 0.627451 0.627451 0.643137
v 50.611 1.84621 0.147375 0.627451 0.627451 0.643137
v 50.5424 1.46816 0.127425 0.627451 0.627451 0.643137
v 50.0946 1.4323 0.137548 0.627451 0.627451 0.643137
v 50.0322 1.66428 0.289215 0.627451 0.627451 0.643137
v 50.1114 1.50998 0.219826 0.627451 0.627451 0.643137
v 50.0419 1.67444 0.277651 0.627451 0.627451 0.643137
v 50.1211 1.52014 0.208262 0.627451 0.627451 0.643137
v 50.1043 1.44246 0.125984 0.627451 0.627451 0.643137
v 50.0267 1.6997 0.287152 0.627451 0.627451 0.643137
v 50.031 1.70338 0.293929 0.627451 0.627451 0.643137
v 50.0371 1.70197 0.297796 0.627451 0.627451 0.643137
v 50.0246 1.70554 0.282308 0.627451 0.627451 0.643137
v 50.0251 1.70536 0.283527 0.627451 0.627451 0.643137
v 50.0216 1.70415 0.274206 0.627451 0.627451 0.643137
v 50.0248 1.70559 0.282647 0.627451 0.627451 0.643137
v 50.0269 1.7106 0.2858 0.627451 0.627451 0.643137
v 50.0084 1.70817 0.289453 0.627451 0.627451 0.643137
v 50.0027 1.70602 0.276506 0.627451 0.627451 0.643137
v 50.0216 1.70305 0.268677 0.627451 0.627451 0.643137
v 50.0107 1.71369 0.292922 0.627451 0.627451 0.643137
v 50.0271 1.71111 0.286111 0.627451 0.627451 0.643137
v 50.0311 1.70356 0.29415 0.627451 0.627451 0.643137
v 50.0321 1.7062 0.29541 0.627451 0.627451 0.643137
v 50.0271 1.71126 0.286086 0.627451 0.627451 0.643137
v 50.029 1.71693 0.28854 0.627451 0.627451 0.643137
v 50.0508 1.9078 0.259853 0.627451 0.627451 0.643137
v 50.0361 1.71016 0.29923 0.627451 0.627451 0.643137
v 50.0008 1.72411 0.265256 0.627451 0.627451 0.643137
v 50.0189 1.71257 0.263629 0.627451 0.627451 0.643137
v 50.0185 1.72133 0.257947 0.627451 0.627451 0.643137
v 50.0101 1.84769 0.240634 0.627451 0.627451 0.643137
v 50.0244 1.89819 0.256164 0.627451 0.627451 0.643137
v 49.999 1.73101 0.258077 0.627451 0.627451 0.643137
v 50.0265 1.8451 0.233829 0.627451 0.627451 0.643137
v 50.0178 1.72828 0.257104 0.627451 0.627451 0.643137
v 50.0409 1.8956 0.249359 0.627451 0.627451 0.643137
v 50.0173 1.73622 0.252918 0.627451 0.627451 0.643137
v 50.0389 1.70294 0.299857 0.627451 0.627451 0.643137
v 50.039 1.70278 0.299813 0.627451 0.627451 0.643137
v 50.0413 1.70493 0.302036 0.627451 0.627451 0.643137
v 50.0219 1.6979 0.25039 0.627451 0.627451 0.643137
v 50.0224 1.69576 0.249024 0.627451 0.627451 0.643137
v 50.0226 1.69492 0.247701 0.627451 0.627451 0.643137
v 50.0015 1.70968 0.257409 0.627451 0.627451 0.643137
v 50.0195 1.71174 0.259223 0.627451 0.627451 0.643137
v 50.0043 1.69369 0.247201 0.627451 0.627451 0.643137
v 50.0443 1.5484 0.0162098 0.627451 0.627451 0.643137
v 50.0623 1.55046 0.0180243 0.627451 0.627451 0.643137
v 50.0524 1.63322 0.0213924 0.627451 0.627451 0.643137
v 50.0344 1.63116 0.0195778 0.627451 0.627451 0.643137
v 50.0189 1.72254 0.252335 0.627451 0.627451 0.643137
v 50.0334 1.71768 0.114287 0.627451 0.627451 0.643137
v 50.0319 1.73765 0.106195 0.627451 0.627451 0.643137
v 50.0145 1.73253 0.102551 0.627451 0.627451 0.643137
v 50.0154 1.71562 0.112473 0.627451 0.627451 0.643137
v 50.0009 1.72048 0.25052 0.627451 0.627451 0.643137
v 50.077 1.95624 0.253619 0.627451 0.627451 0.643137
v 50.1445 2.22469 0.182619 0.627451 0.627451 0.643137
v 50.079 1.95729 0.254154 0.627451 0.627451 0.643137
v 50.0717 1.92823 0.261839 0.627451 0.627451 0.643137
v 50.1458 2.22301 0.183878 0.627451 0.627451 0.643137
v 50.1403 2.22865 0.193528 0.627451 0.627451 0.643137
v 50.0727 1.96019 0.264528 0.627451 0.627451 0.643137
v 50.1309 1.97471 0.28191 0.627451 0.627451 0.643137
v 50.1268 1.98707 0.275826 0.627451 0.627451 0.643137
v 50.176 2.18281 0.224058 0.627451 0.627451 0.643137
v 50.1802 2.17889 0.213258 0.627451 0.627451 0.643137
v 50.1468 1.96886 0.276379 0.627451 0.627451 0.643137
v 50.131 1.98315 0.265026 0.627451 0.627451 0.643137
v 50.3982 1.5434 0.361083 0.627451 0.627451 0.643137
v 50.3897 1.49958 0.346581 0.627451 0.627451 0.643137
v 50.387 1.48574 0.337183 0.627451 0.627451 0.643137
v 50.3824 1.46316 0.348173 0.627451 0.627451 0.643137
v 50.3971 1.53856 0.375949 0.627451 0.627451 0.643137
v 50.3583 1.54426 0.374952 0.627451 0.627451 0.643137
v 50.3594 1.54893 0.360614 0.627451 0.627451 0.643137
v 50.3959 1.54357 0.361532 0.627451 0.627451 0.643137
v 50.3306 1.49347 0.335994 0.627451 0.627451 0.643137
v 50.3586 1.49996 0.344602 0.627451 0.627451 0.643137
v 50.376 1.47073 0.329551 0.627451 0.627451 0.643137
v 50.3493 1.50296 0.344899 0.627451 0.627451 0.643137
v 50.349 1.5178 0.349711 0.627451 0.627451 0.643137
v 50.3572 1.5408 0.374626 0.627451 0.627451 0.643137
v 50.3479 1.51287 0.364845 0.627451 0.627451 0.643137
v 50.3738 1.47283 0.334745 0.627451 0.627451 0.643137
v 50.377 1.46103 0.345112 0.627451 0.627451 0.643137
v 50.3775 1.46062 0.345798 0.627451 0.627451 0.643137
v 50.377 1.4608 0.345816 0.627451 0.627451 0.643137
v 50.3663 1.4788 0.355087 0.627451 0.627451 0.643137
v 50.3509 1.48375 0.355578 0.627451 0.627451 0.643137
v 50.3311 1.4737 0.346138 0.627451 0.627451 0.643137
v 50.3781 1.46714 0.327703 0.627451 0.627451 0.643137
v 50.3796 1.4735 0.331854 0.627451 0.627451 0.643137
v 50.348 1.54213 0.374386 0.627451 0.627451 0.643137
v 50.3421 1.50512 0.361902 0.627451 0.627451 0.643137
v 50.3166 1.50828 0.356296 0.627451 0.627451 0.643137
v 50.3014 1.50591 0.351234 0.627451 0.627451 0.643137
v 50.3255 1.56494 0.375409 0.627451 0.627451 0.643137
v 50.3411 1.52312 0.350865 0.627451 0.627451 0.643137
v 50.3466 1.55803 0.362643 0.627451 0.627451 0.643137
v 50.3971 1.55074 0.363953 0.627451 0.627451 0.643137
v 50.317 1.5261 0.345576 0.627451 0.627451 0.643137
v 50.3254 1.57954 0.363608 0.627451 0.627451 0.643137
v 50.3136 1.52118 0.342685 0.627451 0.627451 0.643137
v 50.3141 1.52565 0.344625 0.627451 0.627451 0.643137
v 50.3042 1.52219 0.340537 0.627451 0.627451 0.643137
v 50.3096 1.51705 0.356837 0.627451 0.627451 0.643137
v 50.2932 1.51892 0.352662 0.627451 0.627451 0.643137
v 50.2976 1.52349 0.337018 0.627451 0.627451 0.643137
v 50.2784 1.54264 0.338914 0.627451 0.627451 0.643137
v 50.2125 1.61111 0.340377 0.627451 0.627451 0.643137
v 50.178 1.63906 0.354618 0.627451 0.627451 0.643137
v 50.1819 1.64306 0.340897 0.627451 0.627451 0.643137
v 50.2663 1.63543 0.378952 0.627451 0.627451 0.643137
v 50.2565 1.63009 0.374585 0.627451 0.627451 0.643137
v 50.3153 1.56247 0.371754 0.627451 0.627451 0.643137
v 50.1569 1.64792 0.351149 0.627451 0.627451 0.643137
v 50.2818 1.52178 0.350219 0.627451 0.627451 0.643137
v 50.3193 1.56648 0.358033 0.627451 0.627451 0.643137
v 50.2604 1.6341 0.360865 0.627451 0.627451 0.643137
v 50.2695 1.64605 0.36695 0.627451 0.627451 0.643137
v 50.1663 1.65783 0.340721 0.627451 0.627451 0.643137
v 50.385 1.46279 0.31824 0.627451 0.627451 0.643137
v 50.4184 1.43585 0.279171 0.627451 0.627451 0.643137
v 50.3862 1.46711 0.322906 0.627451 0.627451 0.643137
v 50.4319 1.42274 0.260827 0.627451 0.627451 0.643137
v 50.4339 1.42353 0.260289 0.627451 0.627451 0.643137
v 50.394 1.45056 0.333676 0.627451 0.627451 0.643137
v 50.4458 1.40943 0.27066 0.627451 0.627451 0.643137
v 50.4368 1.42156 0.25536 0.627451 0.627451 0.643137
v 50.4448 1.4264 0.255312 0.627451 0.627451 0.643137
v 50.4444 1.42771 0.257443 0.627451 0.627451 0.643137
v 50.4536 1.41463 0.270167 0.627451 0.627451 0.643137
v 50.4297 1.46921 0.327491 0.627451 0.627451 0.643137
v 50.4212 1.48065 0.31305 0.627451 0.627451 0.643137
v 50.4135 1.48204 0.347154 0.627451 0.627451 0.643137
v 50.3958 1.46479 0.343897 0.627451 0.627451 0.643137
v 50.3873 1.47623 0.329456 0.627451 0.627451 0.643137
v 50.405 1.49348 0.332713 0.627451 0.627451 0.643137
v 50.3946 1.50434 0.347479 0.627451 0.627451 0.643137
v 50.4283 1.49445 0.319766 0.627451 0.627451 0.643137
v 50.4119 1.51035 0.342011 0.627451 0.627451 0.643137
v 50.4087 1.5336 0.355723 0.627451 0.627451 0.643137
v 50.4112 1.55536 0.363212 0.627451 0.627451 0.643137
v 50.4113 1.55332 0.362459 0.627451 0.627451 0.643137
v 50.4111 1.56116 0.365338 0.627451 0.627451 0.643137
v 50.4116 1.55637 0.363512 0.627451 0.627451 0.643137
v 50.4255 1.58173 0.373633 0.627451 0.627451 0.643137
v 50.4222 1.55341 0.371227 0.627451 0.627451 0.643137
v 50.4148 1.58363 0.365828 0.627451 0.627451 0.643137
v 50.4233 1.53859 0.366151 0.627451 0.627451 0.643137
v 50.4108 1.54079 0.357078 0.627451 0.627451 0.643137
v 50.4305 1.53162 0.354605 0.627451 0.627451 0.643137
v 50.4191 1.53364 0.346297 0.627451 0.627451 0.643137
v 50.4231 1.53189 0.341841 0.627451 0.627451 0.643137
v 50.4216 1.535 0.34461 0.627451 0.627451 0.643137
v 50.4325 1.54368 0.331745 0.627451 0.627451 0.643137
v 50.4385 1.54862 0.324361 0.627451 0.627451 0.643137
v 50.4412 1.55454 0.322456 0.627451 0.627451 0.643137
v 50.4494 1.5467 0.332281 0.627451 0.627451 0.643137
v 50.5656 1.82042 0.239243 0.627451 0.627451 0.643137
v 50.5548 1.82231 0.231438 0.627451 0.627451 0.643137
v 50.5184 1.76735 0.291137 0.627451 0.627451 0.643137
v 50.5077 1.76924 0.283332 0.627451 0.627451 0.643137
v 50.4402 1.63041 0.36524 0.627451 0.627451 0.643137
v 50.4295 1.63231 0.357435 0.627451 0.627451 0.643137
v 50.5939 1.87309 0.213158 0.627451 0.627451 0.643137
v 50.51 1.76826 0.302897 0.627451 0.627451 0.643137
v 50.4217 1.59169 0.381234 0.627451 0.627451 0.643137
v 50.4375 1.6438 0.372191 0.627451 0.627451 0.643137
v 50.4365 1.69759 0.376432 0.627451 0.627451 0.643137
v 50.4216 1.59668 0.381639 0.627451 0.627451 0.643137
v 50.4105 1.6866 0.388592 0.627451 0.627451 0.643137
v 50.442 1.77497 0.37529 0.627451 0.627451 0.643137
v 50.5785 1.87026 0.210541 0.627451 0.627451 0.643137
v 50.4161 1.60479 0.369103 0.627451 0.627451 0.643137
v 50.431 1.65395 0.360572 0.627451 0.627451 0.643137
v 50.4994 1.77136 0.2952 0.627451 0.627451 0.643137
v 50.416 1.60949 0.369485 0.627451 0.627451 0.643137
v 50.4301 1.70469 0.364573 0.627451 0.627451 0.643137
v 50.0584 1.67926 0.317774 0.627451 0.627451 0.643137
v 50.1542 1.64255 0.347137 0.627451 0.627451 0.643137
v 50.2282 1.56565 0.345512 0.627451 0.627451 0.643137
v 50.2349 1.57236 0.332119 0.627451 0.627451 0.643137
v 50.1609 1.64926 0.333744 0.627451 0.627451 0.643137
v 50.0651 1.68596 0.304381 0.627451 0.627451 0.643137
v 50.579 1.93748 0.23995 0.627451 0.627451 0.643137
v 50.5296 1.80692 0.283809 0.627451 0.627451 0.643137
v 50.5792 1.90692 0.235724 0.627451 0.627451 0.643137
v 50.5802 1.93796 0.238564 0.627451 0.627451 0.643137
v 50.5862 1.87765 0.223256 0.627451 0.627451 0.643137
v 50.5759 1.87875 0.214921 0.627451 0.627451 0.643137
v 50.5193 1.80801 0.275474 0.627451 0.627451 0.643137
v 50.5689 1.90801 0.227389 0.627451 0.627451 0.643137
v 50.5645 1.931 0.235817 0.627451 0.627451 0.643137
v 50.5656 1.93145 0.234509 0.627451 0.627451 0.643137
v 50.2623 1.65175 0.364255 0.627451 0.627451 0.643137
v 50.313 1.6895 0.369263 0.627451 0.627451 0.643137
v 50.3104 1.67654 0.370995 0.627451 0.627451 0.643137
v 50.0631 1.69791 0.309353 0.627451 0.627451 0.643137
v 50.26 1.65355 0.374217 0.627451 0.627451 0.643137
v 50.0593 1.70005 0.318912 0.627451 0.627451 0.643137
v 50.0616 1.69822 0.308798 0.627451 0.627451 0.643137
v 50.0477 1.7033 0.3044 0.627451 0.627451 0.643137
v 50.0603 1.69899 0.308507 0.627451 0.627451 0.643137
v 50.0617 1.69844 0.308941 0.627451 0.627451 0.643137
v 50.1636 1.88604 0.309654 0.627451 0.627451 0.643137
v 50.1659 1.88423 0.299692 0.627451 0.627451 0.643137
v 50.2832 1.8694 0.340605 0.627451 0.627451 0.643137
v 50.3514 1.87404 0.355681 0.627451 0.627451 0.643137
v 50.3096 1.66775 0.383239 0.627451 0.627451 0.643137
v 50.3151 1.69456 0.379658 0.627451 0.627451 0.643137
v 50.3486 1.86031 0.357515 0.627451 0.627451 0.643137
v 50.3539 1.69476 0.387126 0.627451 0.627451 0.643137
v 50.3368 1.71053 0.381101 0.627451 0.627451 0.643137
v 50.3746 1.88375 0.35849 0.627451 0.627451 0.643137
v 50.3498 1.86013 0.35779 0.627451 0.627451 0.643137
v 50.3473 1.85901 0.346618 0.627451 0.627451 0.643137
v 50.3522 1.8583 0.347688 0.627451 0.627451 0.643137
v 50.3392 1.7087 0.370999 0.627451 0.627451 0.643137
v 50.1818 1.93233 0.294705 0.627451 0.627451 0.643137
v 50.3562 1.90323 0.340712 0.627451 0.627451 0.643137
v 50.1711 1.94025 0.290385 0.627451 0.627451 0.643137
v 50.3636 1.70901 0.375668 0.627451 0.627451 0.643137
v 50.3711 1.90942 0.342506 0.627451 0.627451 0.643137
v 50.3863 1.91576 0.34434 0.627451 0.627451 0.643137
v 50.4082 2.00084 0.328436 0.627451 0.627451 0.643137
v 50.4234 2.00387 0.3311 0.627451 0.627451 0.643137
v 50.4088 2.00888 0.335547 0.627451 0.627451 0.643137
v 50.3655 1.9021 0.351981 0.627451 0.627451 0.643137
v 50.4107 2.00682 0.327107 0.627451 0.627451 0.643137
v 50.3673 1.90013 0.343936 0.627451 0.627451 0.643137
v 50.3938 2.02174 0.329052 0.627451 0.627451 0.643137
v 50.3959 2.0194 0.31949 0.627451 0.627451 0.643137
v 50.1537 1.97469 0.276129 0.627451 0.627451 0.643137
v 50.429 2.01144 0.329972 0.627451 0.627451 0.643137
v 50.1484 1.96772 0.27712 0.627451 0.627451 0.643137
v 50.1624 1.9768 0.279501 0.627451 0.627451 0.643137
v 50.1515 1.97709 0.285929 0.627451 0.627451 0.643137
v 50.1619 1.97671 0.279419 0.627451 0.627451 0.643137
v 50.1609 1.9765 0.279114 0.627451 0.627451 0.643137
v 50.3464 1.88572 0.342783 0.627451 0.627451 0.643137
v 50.3446 1.88769 0.350828 0.627451 0.627451 0.643137
v 50.1694 1.91526 0.296103 0.627451 0.627451 0.643137
v 50.1676 1.91722 0.304148 0.627451 0.627451 0.643137
v 50.1523 1.92808 0.298073 0.627451 0.627451 0.643137
v 50.1435 1.96633 0.286784 0.627451 0.627451 0.643137
v 50.4277 2.00957 0.339582 0.627451 0.627451 0.643137
v 50.1472 1.95602 0.281201 0.627451 0.627451 0.643137
v 50.1541 1.92612 0.290028 0.627451 0.627451 0.643137
v 50.1453 1.96436 0.278739 0.627451 0.627451 0.643137
v 50.1506 1.97092 0.277119 0.627451 0.627451 0.643137
v 50.1456 1.96413 0.277629 0.627451 0.627451 0.643137
v 50.1416 1.94802 0.28189 0.627451 0.627451 0.643137
v 50.1354 1.9509 0.279808 0.627451 0.627451 0.643137
v 50.1355 1.95086 0.279513 0.627451 0.627451 0.643137
v 50.1363 1.94698 0.280976 0.627451 0.627451 0.643137
v 50.1417 1.91598 0.298396 0.627451 0.627451 0.643137
v 50.1323 1.9553 0.286689 0.627451 0.627451 0.643137
v 50.1356 1.95301 0.276382 0.627451 0.627451 0.643137
v 50.145 1.91369 0.288088 0.627451 0.627451 0.643137
v 50.0687 1.91934 0.274717 0.627451 0.627451 0.643137
v 50.0719 1.91704 0.264409 0.627451 0.627451 0.643137
v 50.0501 1.74927 0.294934 0.627451 0.627451 0.643137
v 50.0469 1.75156 0.305241 0.627451 0.627451 0.643137
v 50.0504 1.89477 0.262621 0.627451 0.627451 0.643137
v 50.0416 1.74661 0.292849 0.627451 0.627451 0.643137
v 50.0472 1.89706 0.272929 0.627451 0.627451 0.643137
v 50.0384 1.7489 0.303157 0.627451 0.627451 0.643137
v 50.5409 2.16767 0.197151 0.627451 0.627451 0.643137
v 50.5436 2.17206 0.191683 0.627451 0.627451 0.643137
v 50.5678 2.14148 0.189879 0.627451 0.627451 0.643137
v 50.572 2.13127 0.192825 0.627451 0.627451 0.643137
v 50.5694 2.13024 0.195934 0.627451 0.627451 0.643137
v 50.5638 2.13513 0.197784 0.627451 0.627451 0.643137
v 50.5507 2.17374 0.210723 0.627451 0.627451 0.643137
v 50.5774 2.1474 0.203131 0.627451 0.627451 0.643137
v 50.5088 2.11494 0.267304 0.627451 0.627451 0.643137
v 50.4984 2.10849 0.252864 0.627451 0.627451 0.643137
v 50.4981 2.03596 0.310375 0.627451 0.627451 0.643137
v 50.4894 2.0306 0.298377 0.627451 0.627451 0.643137
v 50.4973 2.08885 0.266612 0.627451 0.627451 0.643137
v 50.4883 2.04984 0.311273 0.627451 0.627451 0.643137
v 50.4862 2.01096 0.330202 0.627451 0.627451 0.643137
v 50.4821 2.08694 0.273989 0.627451 0.627451 0.643137
v 50.466 2.07461 0.28878 0.627451 0.627451 0.643137
v 50.4783 2.06208 0.292367 0.627451 0.627451 0.643137
v 50.4149 2.03178 0.327778 0.627451 0.627451 0.643137
v 50.4143 2.02746 0.320324 0.627451 0.627451 0.643137
v 50.4831 2.09398 0.286154 0.627451 0.627451 0.643137
v 50.4306 2.01879 0.334007 0.627451 0.627451 0.643137
v 50.4301 2.01509 0.327625 0.627451 0.627451 0.643137
v 50.4765 2.0504 0.311927 0.627451 0.627451 0.643137
v 50.4419 2.01882 0.333057 0.627451 0.627451 0.643137
v 50.4412 2.00684 0.340051 0.627451 0.627451 0.643137
v 50.4414 2.01536 0.327079 0.627451 0.627451 0.643137
v 50.4584 2.00916 0.330436 0.627451 0.627451 0.643137
v 50.4661 2.03793 0.311974 0.627451 0.627451 0.643137
v 50.4825 1.99971 0.336209 0.627451 0.627451 0.643137
v 50.4736 1.98894 0.342901 0.627451 0.627451 0.643137
v 50.482 1.99843 0.336914 0.627451 0.627451 0.643137
v 50.4706 1.8901 0.351876 0.627451 0.627451 0.643137
v 50.4831 1.98945 0.336829 0.627451 0.627451 0.643137
v 50.4549 1.83985 0.365482 0.627451 0.627451 0.643137
v 50.5004 1.97108 0.32133 0.627451 0.627451 0.643137
v 50.4887 1.9688 0.333509 0.627451 0.627451 0.643137
v 50.4849 1.92523 0.33881 0.627451 0.627451 0.643137
v 50.4955 1.9273 0.327761 0.627451 0.627451 0.643137
v 50.5073 1.96036 0.314416 0.627451 0.627451 0.643137
v 50.564 1.94072 0.256032 0.627451 0.627451 0.643137
v 50.5419 1.93638 0.279199 0.627451 0.627451 0.643137
v 50.5051 1.95563 0.297387 0.627451 0.627451 0.643137
v 50.5622 1.92173 0.256805 0.627451 0.627451 0.643137
v 50.5393 1.93189 0.262534 0.627451 0.627451 0.643137
v 50.4974 1.96092 0.305048 0.627451 0.627451 0.643137
v 50.5527 1.92226 0.24782 0.627451 0.627451 0.643137
v 50.5503 1.93405 0.250988 0.627451 0.627451 0.643137
v 50.4941 1.77622 0.30111 0.627451 0.627451 0.643137
v 50.5036 1.77568 0.310094 0.627451 0.627451 0.643137
v 50.4347 1.67272 0.357834 0.627451 0.627451 0.643137
v 50.4442 1.67218 0.366818 0.627451 0.627451 0.643137
v 50.4745 1.87502 0.346838 0.627451 0.627451 0.643137
v 50.4534 1.8026 0.364893 0.627451 0.627451 0.643137
v 50.4439 1.80314 0.355909 0.627451 0.627451 0.643137
v 50.465 1.87555 0.337853 0.627451 0.627451 0.643137
v 50.497 1.9595 0.305727 0.627451 0.627451 0.643137
v 50.4832 1.9209 0.321308 0.627451 0.627451 0.643137
v 50.4724 2.02349 0.320903 0.627451 0.627451 0.643137
v 50.476 2.04694 0.305949 0.627451 0.627451 0.643137
v 50.4701 2.0416 0.30952 0.627451 0.627451 0.643137
v 50.4692 2.04926 0.304704 0.627451 0.627451 0.643137
v 50.4721 1.99354 0.327485 0.627451 0.627451 0.643137
v 50.464 1.99537 0.332553 0.627451 0.627451 0.643137
v 50.4422 1.82204 0.358806 0.627451 0.627451 0.643137
v 50.4363 1.79246 0.363277 0.627451 0.627451 0.643137
v 50.4623 1.88631 0.341407 0.627451 0.627451 0.643137
v 50.4758 1.91944 0.329081 0.627451 0.627451 0.643137
v 50.4794 1.96055 0.32408 0.627451 0.627451 0.643137
v 50.4903 1.96269 0.31259 0.627451 0.627451 0.643137
v 50.474 1.98003 0.327212 0.627451 0.627451 0.643137
v 50.4726 1.99104 0.327316 0.627451 0.627451 0.643137
v 50.4201 1.74706 0.370113 0.627451 0.627451 0.643137
v 50.4423 1.82259 0.358723 0.627451 0.627451 0.643137
v 50.4443 1.82957 0.356894 0.627451 0.627451 0.643137
v 50.4524 1.90305 0.346536 0.627451 0.627451 0.643137
v 50.4443 1.83107 0.366774 0.627451 0.627451 0.643137
v 50.4072 1.70451 0.385859 0.627451 0.627451 0.643137
v 50.4072 1.70292 0.375402 0.627451 0.627451 0.643137
v 50.4044 1.70313 0.376726 0.627451 0.627451 0.643137
v 50.4045 1.70341 0.376684 0.627451 0.627451 0.643137
v 50.3968 1.70422 0.376529 0.627451 0.627451 0.643137
v 50.3662 1.70887 0.385032 0.627451 0.627451 0.643137
v 50.3662 1.70744 0.375637 0.627451 0.627451 0.643137
v 50.3838 1.87016 0.360592 0.627451 0.627451 0.643137
v 50.3664 1.70862 0.375739 0.627451 0.627451 0.643137
v 50.3839 1.86878 0.351471 0.627451 0.627451 0.643137
v 50.4608 1.98179 0.343936 0.627451 0.627451 0.643137
v 50.4329 1.99534 0.341765 0.627451 0.627451 0.643137
v 50.4329 1.99395 0.332644 0.627451 0.627451 0.643137
v 50.4608 1.9804 0.334816 0.627451 0.627451 0.643137
v 50.5739 1.93677 0.222314 0.627451 0.627451 0.643137
v 50.5857 1.88354 0.200603 0.627451 0.627451 0.643137
v 50.5806 1.95663 0.213582 0.627451 0.627451 0.643137
v 50.5836 1.95342 0.208663 0.627451 0.627451 0.643137
v 50.6099 1.89109 0.164305 0.627451 0.627451 0.643137
v 50.6094 1.92657 0.167561 0.627451 0.627451 0.643137
v 50.5975 1.88299 0.208363 0.627451 0.627451 0.643137
v 50.5857 1.93622 0.230074 0.627451 0.627451 0.643137
v 50.6217 1.89054 0.172065 0.627451 0.627451 0.643137
v 50.6212 1.92667 0.175381 0.627451 0.627451 0.643137
v 50.5962 1.95411 0.215404 0.627451 0.627451 0.643137
v 50.6094 1.92722 0.167573 0.627451 0.627451 0.643137
v 50.5841 1.95467 0.207495 0.627451 0.627451 0.643137
v 50.5784 2.00064 0.208351 0.627451 0.627451 0.643137
v 50.5802 1.96404 0.212702 0.627451 0.627451 0.643137
v 50.5811 1.96536 0.210829 0.627451 0.627451 0.643137
v 50.5754 1.94835 0.242035 0.627451 0.627451 0.643137
v 50.5919 1.96704 0.220559 0.627451 0.627451 0.643137
v 50.565 1.94672 0.232599 0.627451 0.627451 0.643137
v 50.5788 2.12034 0.208498 0.627451 0.627451 0.643137
v 50.5684 2.11871 0.199062 0.627451 0.627451 0.643137
v 50.4934 2.00162 0.323808 0.627451 0.627451 0.643137
v 50.4829 1.99999 0.314372 0.627451 0.627451 0.643137
v 50.5592 1.94437 0.239377 0.627451 0.627451 0.643137
v 50.4955 1.97738 0.304328 0.627451 0.627451 0.643137
v 50.5697 1.946 0.248814 0.627451 0.627451 0.643137
v 50.506 1.97901 0.313764 0.627451 0.627451 0.643137
v 50.0185 1.74075 0.24104 0.627451 0.627451 0.643137
v 50.0327 1.79564 0.0974982 0.627451 0.627451 0.643137
v 50.0217 1.80309 0.207265 0.627451 0.627451 0.643137
v 50.0309 1.74391 0.116141 0.627451 0.627451 0.643137
v 50.0315 1.7883 0.109484 0.627451 0.627451 0.643137
v 50.004 1.80305 0.205504 0.627451 0.627451 0.643137
v 50.0008 1.74071 0.239279 0.627451 0.627451 0.643137
v 50.0152 1.794 0.0933326 0.627451 0.627451 0.643137
v 50.0138 1.78826 0.107723 0.627451 0.627451 0.643137
v 50.0133 1.74387 0.11438 0.627451 0.627451 0.643137
v 50.0509 1.86779 0.0148813 0.627451 0.627451 0.643137
v 50.0472 1.86346 0.0196644 0.627451 0.627451 0.643137
v 50.0472 1.86317 0.0197256 0.627451 0.627451 0.643137
v 50.0816 1.95442 -0.0130342 0.627451 0.627451 0.643137
v 50.061 1.8188 -0.0130379 0.627451 0.627451 0.643137
v 50.089 1.98157 -0.0182099 0.627451 0.627451 0.643137
v 50.035 1.8702 0.0049368 0.627451 0.627451 0.643137
v 50.0657 1.95683 -0.0229787 0.627451 0.627451 0.643137
v 50.0451 1.82121 -0.0229824 0.627451 0.627451 0.643137
v 50.0997 2.03975 -0.0197711 0.627451 0.627451 0.643137
v 50.0739 1.96661 0.00368538 0.627451 0.627451 0.643137
v 50.0306 1.86558 0.0108937 0.627451 0.627451 0.643137
v 50.0307 1.86589 0.0108289 0.627451 0.627451 0.643137
v 50.0749 1.99108 -0.029318 0.627451 0.627451 0.643137
v 50.0589 1.97522 -0.00610893 0.627451 0.627451 0.643137
v 50.0863 2.05276 -0.0309728 0.627451 0.627451 0.643137
v 50.0653 1.80587 -0.0207241 0.627451 0.627451 0.643137
v 50.1019 2.04676 -0.0207176 0.627451 0.627451 0.643137
v 50.1375 2.20756 -0.0299255 0.627451 0.627451 0.643137
v 50.0784 1.81842 -0.029936 0.627451 0.627451 0.643137
v 50.0537 1.80764 -0.0348039 0.627451 0.627451 0.643137
v 50.1259 2.20932 -0.0440052 0.627451 0.627451 0.643137
v 50.0903 2.04853 -0.0347973 0.627451 0.627451 0.643137
v 50.0667 1.82019 -0.0440158 0.627451 0.627451 0.643137
v 50.0929 2.06022 0.000554328 0.627451 0.627451 0.643137
v 50.1239 2.1708 -0.0195465 0.627451 0.627451 0.643137
v 50.1016 2.05654 -0.0174204 0.627451 0.627451 0.643137
v 50.085 2.00919 -0.0025137 0.627451 0.627451 0.643137
v 50.0763 2.0633 -0.00810494 0.627451 0.627451 0.643137
v 50.085 2.05962 -0.0260797 0.627451 0.627451 0.643137
v 50.1073 2.17387 -0.0282058 0.627451 0.627451 0.643137
v 50.0684 2.01227 -0.011173 0.627451 0.627451 0.643137
v 50.618 1.93911 0.021963 0.627451 0.627451 0.643137
v 50.6241 1.92991 0.0372536 0.627451 0.627451 0.643137
v 50.6178 2.00312 0.0999924 0.627451 0.627451 0.643137
v 50.6235 1.97647 0.092192 0.627451 0.627451 0.643137
v 50.583 2.08721 0.0518031 0.627451 0.627451 0.643137
v 50.6369 2.00851 0.0956172 0.627451 0.627451 0.643137
v 50.6022 2.09261 0.0474279 0.627451 0.627451 0.643137
v 50.6426 1.98186 0.0878167 0.627451 0.627451 0.643137
v 50.6432 1.9353 0.0328784 0.627451 0.627451 0.643137
v 50.6371 1.9445 0.0175878 0.627451 0.627451 0.643137
v 50.049 1.88096 0.0228342 0.627451 0.627451 0.643137
v 50.0483 1.92166 0.040165 0.627451 0.627451 0.643137
v 50.0612 1.97134 0.0324685 0.627451 0.627451 0.643137
v 50.0814 2.02017 0.00866818 0.627451 0.627451 0.643137
v 50.0733 1.97515 0.00824295 0.627451 0.627451 0.643137
v 50.0443 1.88037 0.0325807 0.627451 0.627451 0.643137
v 50.0321 1.88408 0.0148856 0.627451 0.627451 0.643137
v 50.0443 1.97446 0.0245198 0.627451 0.627451 0.643137
v 50.0565 1.97826 0.000294297 0.627451 0.627451 0.643137
v 50.0646 2.02328 0.000719524 0.627451 0.627451 0.643137
v 50.0315 1.92478 0.0322163 0.627451 0.627451 0.643137
v 50.0275 1.88381 0.0245202 0.627451 0.627451 0.643137
v 50.0435 1.91713 0.0590649 0.627451 0.627451 0.643137
v 50.0442 1.91518 0.0511144 0.627451 0.627451 0.643137
v 50.0248 1.84218 0.1945 0.627451 0.627451 0.643137
v 50.0233 1.82168 0.19843 0.627451 0.627451 0.643137
v 50.044 1.88366 0.0370967 0.627451 0.627451 0.643137
v 50.0331 1.80142 0.096598 0.627451 0.627451 0.643137
v 50.0259 1.91809 0.0571883 0.627451 0.627451 0.643137
v 50.0073 1.84314 0.192623 0.627451 0.627451 0.643137
v 50.0267 1.91615 0.0492378 0.627451 0.627451 0.643137
v 50.0058 1.82264 0.196554 0.627451 0.627451 0.643137
v 50.0264 1.88462 0.0352202 0.627451 0.627451 0.643137
v 50.0156 1.80238 0.0947214 0.627451 0.627451 0.643137
v 50.0343 1.79503 0.0894722 0.627451 0.627451 0.643137
v 50.0439 1.8578 0.0362354 0.627451 0.627451 0.643137
v 50.0341 1.73657 0.0954378 0.627451 0.627451 0.643137
v 50.0467 1.85394 0.0228246 0.627451 0.627451 0.643137
v 50.0504 1.65874 0.0213567 0.627451 0.627451 0.643137
v 50.0521 1.74275 0.00543929 0.627451 0.627451 0.643137
v 50.0167 1.79472 0.0859332 0.627451 0.627451 0.643137
v 50.0165 1.73626 0.0918988 0.627451 0.627451 0.643137
v 50.0264 1.85749 0.0326965 0.627451 0.627451 0.643137
v 50.0291 1.85363 0.0192857 0.627451 0.627451 0.643137
v 50.0346 1.74244 0.00190034 0.627451 0.627451 0.643137
v 50.0328 1.65843 0.0178177 0.627451 0.627451 0.643137
v 50.385 1.56785 0.377893 0.627451 0.627451 0.643137
v 50.3959 1.67876 0.387397 0.627451 0.627451 0.643137
v 50.4043 1.58393 0.379939 0.627451 0.627451 0.643137
v 50.3137 1.65722 0.382531 0.627451 0.627451 0.643137
v 50.3637 1.68448 0.386653 0.627451 0.627451 0.643137
v 50.2898 1.63722 0.379987 0.627451 0.627451 0.643137
v 50.3451 1.57142 0.376679 0.627451 0.627451 0.643137
v 50.4047 1.58499 0.367051 0.627451 0.627451 0.643137
v 50.3963 1.67982 0.374509 0.627451 0.627451 0.643137
v 50.3855 1.56891 0.365005 0.627451 0.627451 0.643137
v 50.3456 1.57248 0.363791 0.627451 0.627451 0.643137
v 50.2903 1.63828 0.367098 0.627451 0.627451 0.643137
v 50.3142 1.65828 0.369642 0.627451 0.627451 0.643137
v 50.3642 1.68554 0.373764 0.627451 0.627451 0.643137
v 50.3284 1.48727 0.329446 0.627451 0.627451 0.643137
v 50.3381 1.46023 0.314475 0.627451 0.627451 0.643137
v 50.3288 1.44591 0.296476 0.627451 0.627451 0.643137
v 50.2624 1.44131 0.246217 0.627451 0.627451 0.643137
v 50.0527 1.68192 0.29266 0.627451 0.627451 0.643137
v 50.144 1.52044 0.226757 0.627451 0.627451 0.643137
v 50.309 1.50621 0.331107 0.627451 0.627451 0.643137
v 50.0443 1.67224 0.304687 0.627451 0.627451 0.643137
v 50.3006 1.49654 0.343134 0.627451 0.627451 0.643137
v 50.32 1.4776 0.341474 0.627451 0.627451 0.643137
v 50.3204 1.43623 0.308504 0.627451 0.627451 0.643137
v 50.3296 1.45056 0.326503 0.627451 0.627451 0.643137
v 50.1355 1.51076 0.238785 0.627451 0.627451 0.643137
v 50.254 1.43163 0.258244 0.627451 0.627451 0.643137
vn -0.507476 -0.860776 -0.0391344
vn -0.901704 -0.272801 0.335426
vn -0.359762 0.0431312 -0.932047
vn -0.285439 -0.20709 -0.935755
vn -0.270239 0.961205 0.0552803
vn 0.307397 0.141048 0.94107
vn 0.369879 -0.0850129 0.925182
vn -0.848221 -0.51216 0.13496
vn -0.959631 -0.280765 0.0167287
vn -0.654082 -0.653778 -0.380462
vn 0.534567 0.236657 -0.811315
vn 0.554115 0.216049 -0.803915
vn 0.494106 0.277245 -0.824011
vn 0.103285 -0.0156771 -0.994528
vn -0.851934 -0.517453 -0.0803194
vn 0.0693222 -0.897654 -0.435215
vn 0.752118 -0.615696 -0.235024
vn 0.994333 0.0269277 0.10284
vn 0.0550043 -0.355039 0.933232
vn 0.668743 0.708858 0.224285
vn -0.0485882 0.975548 0.214347
vn 0.778278 0.0497407 -0.625947
vn 0.983266 -0.149244 0.104468
vn 0.0945538 0.218129 -0.971329
vn -0.0550043 0.355039 -0.933232
vn -0.189114 0.260582 -0.946749
vn -0.415392 0.300332 -0.858633
vn -0.81033 0.327143 -0.486151
vn -0.46896 0.722876 -0.507471
vn -0.940937 0.24598 -0.232662
vn -0.902492 0.195763 -0.383648
vn -0.918556 0.205167 -0.337879
vn -0.906278 0.185283 -0.379909
vn -0.91824 0.188732 -0.348159
vn -0.929135 0.191961 -0.316004
vn -0.954147 0.216427 -0.206791
vn -0.624317 0.6661 -0.408092
vn -0.948403 0.254582 -0.188994
vn -0.6237 0.71768 -0.309732
vn -0.0945538 -0.218129 0.971329
vn -0.965785 0.146838 0.21377
vn -0.735945 -0.662955 0.137388
vn 0.189114 -0.260582 0.946749
vn 0.965785 -0.146838 -0.21377
vn 0.975211 -0.0601136 -0.212954
vn 0.415392 -0.300332 0.858633
vn 0.81033 -0.327143 0.486151
vn 0.46896 -0.722876 0.507471
vn 0.211337 -0.0321594 0.976884
vn -0.103285 0.0156771 0.994528
vn 0.575426 0.104318 0.811174
vn 0.611061 -0.0432756 0.790399
vn 0.938826 0.284736 -0.19373
vn -0.806234 -0.0942446 0.584042
vn 0.404838 -0.898127 -0.171682
vn 0.0651343 0.401279 0.913637
vn -0.211337 0.0321594 -0.976884
vn 0.984177 0.146338 0.0999033
vn 0.103285 -0.0156771 -0.994528
vn -0.611061 0.0432756 -0.790399
vn 0.707049 -0.00907267 0.707107
vn 0.81784 -0.0791108 -0.569982
vn 0.920955 0.0462081 0.386919
vn 0.921644 -0.0155821 0.387723
vn 0.916749 0.107822 0.384637
vn 0.806234 0.0942446 -0.584042
vn 0.743207 0.347282 -0.571873
vn -0.0651343 -0.401279 -0.913637
vn 0.900928 0.425187 0.086862
vn -0.221595 -0.713207 -0.665005
vn -0.312997 -0.948792 -0.0427296
vn -0.427083 -0.438069 -0.791009
vn -0.0328919 -0.0341344 0.998876
vn 0.221595 0.713207 0.665005
vn 0.312997 0.948792 0.0427296
vn -0.575426 -0.104318 -0.811174
vn -0.707049 0.00907267 -0.707107
vn -0.916749 -0.107822 -0.384637
vn -0.920955 -0.0462081 -0.386919
vn -0.921644 0.0155821 -0.387723
vn 0.058433 -0.0809982 0.995
vn 0.950311 0.309796 -0.0305895
vn -0.18047 0.628318 0.756735
vn 0.949184 -0.314051 0.0205236
vn 0.267727 -0.763192 0.588099
vn 0.30577 -0.947347 -0.0950758
vn -0.182182 0.473775 -0.861595
vn -0.308028 0.949978 0.051584
vn -0.223248 0.609726 -0.760523
vn 0.624317 -0.6661 0.408092
vn 0.946093 -0.244295 0.21267
vn 0.940937 -0.24598 0.232662
vn -0.151726 0.245834 0.957364
vn -0.0997296 0.404985 0.908868
vn -0.946093 0.244295 -0.21267
vn 0.086193 -0.443032 -0.892353
vn -0.30816 -0.881083 0.35879
vn 0.176089 -0.163144 -0.970761
vn -0.258447 -0.173624 0.950295
vn 0.882622 0.454776 -0.118986
vn 0.30816 0.881083 -0.35879
vn -0.882622 -0.454776 0.118986
vn 0.456711 -0.769643 0.446167
vn 0.120903 0.550573 0.825985
vn -0.70283 -0.0046938 0.711343
vn 0.456711 -0.769643 0.446167
vn 0.882622 0.454776 -0.118986
vn -0.26624 -0.584663 0.766345
vn 0.624317 -0.6661 0.408092
vn 0.948403 -0.254582 0.188994
vn -0.882622 -0.454776 0.118986
vn -0.120903 -0.550573 -0.825985
vn 0.441678 -0.811719 0.382143
vn -0.456711 0.769643 -0.446167
vn -0.441678 0.811719 -0.382143
vn 0.820038 0.169779 -0.546547
vn 0.441678 -0.811719 0.382143
vn 0.456711 -0.769643 0.446167
vn -0.107075 0.131156 0.985562
vn -0.269446 -0.957994 0.0982138
vn 0.152237 0.0371904 -0.987644
vn -0.957044 0.255039 -0.137917
vn 0.118726 -0.0892441 -0.988908
vn 0.6237 -0.71768 0.309732
vn 0.902492 -0.195763 0.383648
vn 0.918556 -0.205167 0.337879
vn 0.906278 -0.185283 0.379909
vn 0.91824 -0.188732 0.348159
vn 0.946093 -0.244295 0.21267
vn 0.929135 -0.191961 0.316004
vn 0.954147 -0.216427 0.206791
vn 0.957044 -0.255039 0.137917
vn 0.955317 -0.290413 -0.0550478
vn 0.776271 -0.589753 0.222696
vn -2.07087e-15 -0.0436194 0.999048
vn 6.12323e-17 0 1
vn 0 0.866025 0.5
vn -1.26439e-15 -0.707107 -0.707107
vn -6.12323e-17 -0.173648 -0.984808
vn 0.96797 -0.250945 -0.00779454
vn 0.642346 -0.766329 -0.0114419
vn 0.463766 -0.872838 0.151904
vn -0.96797 0.250945 0.00779454
vn 4.25729e-15 0.173648 0.984808
vn 0 1 0
vn -0.967498 0.252307 0.0169828
vn -0.955317 0.290413 0.0550478
vn 1.91609e-15 -0.766044 -0.642788
vn 0.955317 -0.290413 -0.0550478
vn 1.64204e-16 0.422618 -0.906308
vn -6.12323e-17 -0.258819 -0.965926
vn 0.967498 -0.252307 -0.0169828
vn 0.974984 -0.18283 -0.126408
vn 0.989736 -0.0951057 -0.106663
vn 0.962912 -0.260018 -0.0720538
vn 0.938889 -0.328735 -0.102084
vn -0.165045 -0.16967 -0.971582
vn -0.293969 -0.611467 -0.734636
vn -0.967498 0.252307 0.0169828
vn -0.974984 0.18283 0.126408
vn -0.989736 0.0951057 0.106663
vn -0.962912 0.260018 0.0720538
vn -0.776271 0.589753 -0.222696
vn 0.599157 -0.645671 -0.473412
vn 0.293969 0.611467 0.734636
vn -0.302072 -0.929056 0.213557
vn -0.33749 -0.82076 -0.460927
vn 0.846873 0.447394 0.28748
vn 0.343418 0.586013 -0.733929
vn -0.409764 -0.606689 0.681191
vn -0.438873 0.120838 -0.890387
vn -0.938889 0.328735 0.102084
vn -0.77398 0.619239 0.132279
vn -0.528708 0.766496 0.364625
vn -0.599157 0.645671 0.473412
vn -0.642346 0.766329 0.0114419
vn -0.465249 0.882201 -0.0725534
vn -0.463766 0.872838 -0.151904
vn -0.459321 0.857901 -0.230285
vn -0.271318 0.844939 -0.460939
vn 0.528708 -0.766496 -0.364625
vn 0.997051 -0.0535641 0.0549601
vn 0.758254 0.543208 -0.360522
vn 0.465249 -0.882201 0.0725534
vn 0.188519 -0.177023 0.965983
vn -0.853896 -0.320865 -0.409764
vn 0.550761 0.475903 -0.685696
vn -0.409119 0.0486457 -0.911183
vn -0.441659 0.863256 0.244391
vn -0.22913 0.973279 -0.0150816
vn 0.00617077 0.921477 -0.388384
vn -0.0283633 0.987669 -0.153964
vn -0.402808 0.327436 0.854711
vn 0.651789 -0.618959 0.438247
vn -0.715395 0.56926 -0.405158
vn -0.075282 -0.821777 0.564815
vn -0.0149111 0.567287 0.823385
vn 0.441659 -0.863256 -0.244391
vn 0.078265 0.462472 -0.883173
vn 0.808601 0.0586737 0.585425
vn 0.0389044 0.970077 0.239659
vn 0.0259949 0.464756 -0.885057
vn -0.91677 -0.167894 0.362414
vn -0.0608584 -0.463375 0.88407
vn -0.808601 -0.0586737 -0.585425
vn 0.22913 -0.973279 0.0150816
vn 0.655262 -0.287029 0.698746
vn 0.0703708 0.352356 -0.933216
vn -0.0306213 -0.934332 -0.355087
vn -0.655262 0.287029 -0.698746
vn 0.0218891 0.884879 0.465305
vn 0.0306213 0.934332 0.355087
vn 0.0389044 0.970077 0.239659
vn -0.456061 -0.876251 -0.155536
vn 0.880269 -0.418453 -0.223658
vn 0.458431 0.827639 0.323814
vn 0.24685 0.88011 0.40555
vn 0.456061 0.876251 0.155536
vn 0.0663679 0.974593 -0.213923
vn 0.335674 0.941978 0
vn -0.281765 0.30795 -0.908722
vn 0.0536779 -0.201536 0.978009
vn -0.754781 -0.211278 0.621021
vn -0.997051 0.0535641 -0.0549601
vn -0.144584 0.0515226 -0.98815
vn -0.023429 -0.867079 0.497619
vn 0.886432 -0.437019 -0.152487
vn -0.439697 -0.897975 0.0175149
vn 0.0167957 -0.355684 0.934455
vn 0.0520362 -0.498139 -0.865534
vn -0.173882 -0.486635 -0.856126
vn 0.181905 -0.493144 -0.850717
vn -0.00617077 -0.921477 0.388384
vn -0.636124 -0.37106 -0.676506
vn 0.934777 -0.195484 -0.29661
vn 0.271318 -0.844939 0.460939
vn 0.023429 0.867079 -0.497619
vn -0.11724 0.834663 -0.538137
vn -0.023429 -0.867079 0.497619
vn 0.271318 -0.844939 0.460939
vn 0.459321 -0.857901 0.230285
vn -0.920084 -0.389005 0.0460436
vn -0.36586 0.811384 -0.455853
vn -0.893033 -0.168184 0.41738
vn 0.642395 -0.134246 -0.754524
vn 0.928782 0.349502 -0.123338
vn -0.962113 0.154804 0.22444
vn -0.023429 -0.867079 0.497619
vn 0.626873 -0.292869 0.721982
vn -0.657308 0.388402 0.645825
vn -0.0868471 0.49764 0.863025
vn 0.0403314 0.799511 -0.599296
vn 0.882839 0.215612 0.41726
vn 0.271318 -0.844939 0.460939
vn -0.023429 -0.867079 0.497619
vn 0.36586 -0.811384 0.455853
vn 0.848735 -0.343923 -0.401703
vn -0.0805957 -0.439877 0.894434
vn -0.0983596 0.600048 0.793894
vn 0.0805957 0.439877 -0.894434
vn -0.942741 0.229186 0.242309
vn 0.0983596 -0.600048 -0.793894
vn 0.11724 -0.834663 0.538137
vn 0.352361 -0.572632 -0.740226
vn 0.961531 -0.21329 0.173104
vn 0.582929 0.663877 0.468467
vn 0.248074 0.403612 -0.880657
vn 0.454878 -0.851155 -0.261956
vn -0.0945538 -0.218129 0.971329
vn -0.134914 0.914609 0.381168
vn -0.961531 0.21329 -0.173104
vn -0.753076 -0.267123 0.601267
vn 0.0507921 -0.913242 -0.404239
vn 0.494106 0.277245 -0.824011
vn 0.0805957 0.439877 -0.894434
vn -0.933889 -0.300303 0.194089
vn -0.0403314 -0.799511 0.599296
vn 0.439697 0.897975 -0.0175149
vn -0.886432 0.437019 0.152487
vn 0.316451 -0.948353 0.0220225
vn -0.729039 0.345451 -0.590903
vn 0.712259 0.698636 -0.0677893
vn 0.144584 -0.0515226 0.98815
vn 0.439697 0.897975 -0.0175149
vn 0.712259 0.698636 -0.0677893
vn 0.237357 0.666079 -0.707107
vn 0.686508 0.59771 -0.414066
vn 0.0805006 0.141675 0.986635
vn 0.250844 -0.898837 -0.359402
vn 0.933889 0.300303 -0.194089
vn -0.035409 0.454487 0.890049
vn -0.312154 0.688398 -0.654728
vn -0.0805006 -0.141675 -0.986635
vn -0.0228936 -0.30268 -0.952817
vn -0.937397 -0.342551 0.062811
vn 0.901704 0.272801 -0.335426
vn 0.951226 0.202632 -0.232613
vn 0.706687 0.0243706 -0.707107
vn -0.942384 -0.311634 0.121639
vn -0.941656 -0.331939 0.055674
vn -0.60329 -0.786533 -0.131937
vn 0.60329 0.786533 0.131937
vn 0.937397 0.342551 -0.062811
vn 0.300082 -0.806411 0.50956
vn 0.941656 0.331939 -0.055674
vn 0.0139193 0.109155 0.993927
vn 0.942384 0.311634 -0.121639
vn 0.953404 0.299751 -0.0342074
vn 0.945744 0.321268 -0.0485268
vn 0.957722 0.267359 0.106245
vn -0.888328 0.437683 0.138948
vn 0.197995 -0.688273 -0.69791
vn -0.60329 -0.786533 -0.131937
vn -0.725777 -0.0362801 0.686972
vn -0.833269 0.235935 0.499998
vn -0.0540118 -0.667534 0.742617
vn 0.526929 0.612671 0.58905
vn -0.945744 -0.321268 0.0485268
vn -0.313906 0.942004 0.118705
vn -0.17279 -0.39281 0.903241
vn 0.0779068 -0.987203 0.139141
vn -0.149803 0.298619 -0.942542
vn 0.0426608 -0.270844 -0.961678
vn 0.637954 0.172825 -0.750431
vn 0.957722 0.267359 0.106245
vn 0.933013 0.352575 0.0719467
vn 0.90368 0.279634 0.324297
vn 0.966514 0.109016 0.232304
vn 0.227258 0.0568102 -0.972176
vn 0.0104156 0.887862 -0.459992
vn -0.250697 0.594393 0.764099
vn -0.458431 -0.827639 -0.323814
vn 0.324806 -0.837624 0.439189
vn -0.24685 -0.88011 -0.40555
vn -0.740704 -0.380747 0.553524
vn -0.526929 -0.612671 -0.58905
vn 0.949515 -0.157744 -0.271179
vn -0.949515 0.157744 0.271179
vn 0.944098 -0.0847158 -0.318593
vn -0.789666 0.605871 -0.0966892
vn -0.606519 -0.440789 -0.661694
vn 0.606519 0.440789 0.661694
vn 0.794745 -0.359892 -0.488732
vn -0.729881 -0.0213475 0.683241
vn -0.315291 0.897357 -0.308776
vn 0.729881 0.0213475 -0.683241
vn 0.29316 0.649622 -0.701462
vn 0.606519 0.440789 0.661694
vn 0.313038 0.533405 0.785803
vn -0.933013 -0.352575 -0.0719467
vn -0.90368 -0.279634 -0.324297
vn 0.72683 -0.0663085 -0.68361
vn 0.734408 -0.111472 -0.669492
vn 0.7403 -0.156379 -0.653836
vn -0.0218891 -0.884879 -0.465305
vn -0.0333283 -0.833862 0.550966
vn -0.998524 -0.0413269 0.0352394
vn 0.528574 0.706411 -0.470736
vn -0.00664031 -0.551076 -0.834429
vn 0.00664031 0.551076 0.834429
vn -0.557233 -0.693208 0.457115
vn 0.744179 -0.560102 0.363982
vn -0.993906 -0.0751157 0.0806804
vn -0.435588 -0.881536 0.182092
vn 0.0149111 -0.567287 -0.823385
vn 0.946048 -0.164243 0.279317
vn -0.135182 0.932477 -0.334981
vn -0.221573 0.301072 0.927503
vn 0.401911 -0.0610039 -0.913644
vn -0.104771 0.158705 -0.981751
vn -0.630296 0.772464 -0.0776349
vn -0.451477 0.411918 0.791512
vn 0.0281861 0.534397 0.844764
vn 0.0798088 0.919475 -0.384962
vn 0.290897 0.861522 -0.416123
vn 0.660786 0.624153 -0.416886
vn -0.0278572 0.931687 -0.362191
vn -0.755783 0.56449 -0.331879
vn -0.17654 0.0486418 0.983091
vn -0.983266 0.149244 -0.104468
vn -0.401911 0.0610039 0.913644
vn -0.7403 0.156379 0.653836
vn -0.149609 -0.00719989 0.988719
vn -0.993445 -0.0508619 -0.102371
vn -0.706687 -0.0243706 0.707107
vn -0.951226 -0.202632 0.232613
vn 0.0107381 -0.768684 0.639539
vn -0.00236728 0.169461 0.985534
vn 0.999902 0.0139682 0
vn 0.00939306 -0.672397 -0.740131
vn -0.0012763 0.0913636 -0.995817
vn -0.0139097 0.99572 0.0913725
vn -0.1985 -0.978567 -0.0548138
vn -0.034273 -0.680944 -0.731533
vn 0.138877 -0.0440386 -0.98933
vn -0.734408 0.111472 0.669492
vn -0.72683 0.0663085 0.68361
vn 0.00607351 0.0684099 0.997639
vn 0.0456283 0.513942 -0.856611
vn -0.0882244 -0.99373 0.068679
vn 0.0131657 0.148294 -0.988856
vn 0.996082 -0.0884333 -0
vn 0.967957 -0.0869369 0.235588
vn 0.974587 -0.174035 0.141037
vn 0.18814 0.977666 -0.0936678
vn 0.152408 0.0537378 -0.986856
vn -0.214074 -0.538174 0.815194
vn -0.152408 -0.0537378 0.986856
vn -0.974587 0.174035 -0.141037
vn -0.996082 0.0884333 0
vn -0.967957 0.0869369 -0.235588
vn -0.999902 -0.0139682 -0
vn -0.286778 -0.091515 0.953616
vn 0.192947 0.768791 -0.609698
vn -0.108591 -0.941104 0.320204
vn 0.212618 -0.639369 -0.738919
vn 0.286778 0.091515 -0.953616
vn 0.957896 -0.0129391 0.286823
vn -0.957896 0.0129391 -0.286823
vn -0.966514 -0.109016 -0.232304
vn -0.870746 -0.0997276 -0.481514
vn -0.468211 -0.131088 0.873839
vn -0.957722 -0.267359 -0.106245
vn -0.401355 -0.421619 0.813112
vn 0.870746 0.0997276 0.481514
vn -0.469725 0.458362 0.754495
vn 0.491149 -0.128663 -0.861521
vn 0.145464 0.883153 -0.445961
vn 0.0561399 -0.344227 0.937206
vn -0.0180702 -0.143384 0.989502
vn -0.7403 0.156379 0.653836
vn -0.654738 -0.376474 0.655428
vn -0.149609 -0.00719989 0.988719
vn 0.96807 -0.204492 0.144996
vn 0.427252 -0.876549 0.221624
vn -0.427692 0.246008 -0.869804
vn 0.1985 0.978567 0.0548138
vn -0.858745 -0.32398 -0.396982
vn 0.248327 0.703206 -0.66621
vn -0.670065 -0.284046 -0.685807
vn -0.400565 -0.209852 -0.891913
vn 0.9152 0.329413 0.232155
vn 0.319941 -0.944183 0.0784617
vn 0.820594 0.317549 0.475172
vn 0.245386 0.162569 0.955697
vn -0.308408 0.283792 -0.907936
vn -0.973449 -0.217472 0.0714306
vn 0.426842 -0.839212 0.336941
vn 0.179913 -0.919833 -0.348623
vn -0.0216814 -0.849436 -0.527245
vn 0.046567 -0.493676 -0.868398
vn -0.228931 0.323638 -0.918068
vn -0.0229566 0.999572 -0.0181407
vn -0.625897 0.30826 -0.7164
vn -0.179913 0.919833 0.348623
vn 0.442421 0.392203 -0.806499
vn -0.979143 -0.00201906 -0.203163
vn -0.287738 0.00879697 0.957669
vn -0.0229566 0.999572 -0.0181407
vn 0.893194 0.0042815 0.449651
vn 0.688459 -0.593582 0.416755
vn -0.223035 -0.950957 -0.214328
vn -0.815598 0.327019 -0.477345
vn -0.488195 -0.0813425 0.868936
vn -0.625897 0.30826 -0.7164
vn 0.0770646 0.906761 0.414543
vn -0.929052 0.315207 -0.193665
vn 0.277438 -0.048311 -0.959528
vn -0.312997 -0.948792 -0.0427296
vn -0.362939 -0.923406 0.12489
vn -0.154394 0.229485 0.960989
vn 0.312997 0.948792 0.0427296
vn 0.362939 0.923406 -0.12489
vn 0.931752 -0.358101 0.0600234
vn -0.000146927 0.999957 -0.00922957
vn -0.30724 -0.508371 0.804464
vn 0.999548 0.000424299 0.0300577
vn -0.321416 -0.833006 0.450325
vn 0.000146927 -0.999957 0.00922957
vn -0.61947 -0.00733642 -0.784986
vn -0.229666 -0.0090166 -0.973228
vn 0.449671 -0.00817773 -0.893157
vn 0.165079 0.667348 0.72622
vn 0.882756 0.400656 0.245391
vn -0.000146927 0.999957 -0.00922957
vn -0.426842 0.839212 -0.336941
vn -0.319941 0.944183 -0.0784617
vn 0.884981 0.2315 -0.404
vn -0.427252 0.876549 -0.221624
vn 0.0103973 0.602657 0.797933
vn -0.785026 -0.596934 -0.165542
vn 0.146125 -0.534229 -0.832615
vn 0.4348 -0.721315 0.539124
vn -0.969753 0.00706176 0.243987
vn 0.987367 0.10893 -0.115068
vn 0.982298 0.0511287 -0.180213
vn 0.68753 -0.388562 -0.613451
vn -0.862611 -0.423556 -0.27659
vn 0.664012 -0.487006 0.567374
vn -0.688459 0.593582 -0.416755
vn -0.527039 -0.188779 0.828608
vn -0.426842 0.839212 -0.336941
vn 0.319754 0.928563 -0.188489
vn 0.847357 -0.19123 0.495397
vn 0.394481 -0.397842 -0.828316
vn 0.811359 -0.213247 0.544263
vn 0.821354 -0.199985 0.534213
vn -0.847357 0.19123 -0.495397
vn -0.664012 0.487006 -0.567374
vn -0.836534 0.179006 -0.517849
vn -0.401491 0.44288 0.801662
vn 0.836534 -0.179006 0.517849
vn 0.48768 0.674074 -0.554791
vn -0.521447 0.0301033 0.852753
vn 0.0202547 -0.934378 -0.355708
vn 0.401491 -0.44288 -0.801662
vn -0.836534 0.179006 -0.517849
vn 0.321416 0.833006 -0.450325
vn 0.337169 0.92149 -0.192806
vn 0.0616739 -0.225978 -0.972178
vn -0.456607 0.0594083 -0.887683
vn 0.636138 -0.32385 0.700321
vn 0.401788 -0.422701 0.812337
vn 0.158846 -0.337974 0.927654
vn -0.0691821 -0.309081 0.948516
vn 0.157733 -0.744708 0.648483
vn -0.375036 -0.740253 0.558008
vn -0.325453 0.668769 0.668453
vn -0.868003 0.0690888 -0.49173
vn 0.715852 -0.613715 -0.333032
vn 0.375036 0.740253 -0.558008
vn -0.258467 -0.736525 0.62508
vn -0.398671 -0.687322 0.607165
vn -0.137219 -0.719466 0.680838
vn -0.708412 -0.705766 -0.00680769
vn 0.812272 -0.3792 -0.443195
vn 0.575706 -0.327601 -0.74916
vn 0.251493 -0.226127 -0.941073
vn -0.362939 -0.923406 0.12489
vn -0.443821 -0.676675 0.587481
vn -0.409923 -0.70932 0.573436
vn -0.00275962 0.629646 0.776877
vn -0.669909 -0.721557 0.174864
vn -0.602197 -0.596803 0.530269
vn -0.884786 -0.420515 0.2008
vn -0.700495 0.647471 0.300146
vn 0.314555 -0.700052 -0.641079
vn 0.525429 -0.697529 -0.487214
vn 0.362939 0.923406 -0.12489
vn -0.950311 -0.309796 0.0305895
vn -0.957011 -0.287723 0.036669
vn -0.968775 -0.243099 0.0487621
vn -0.739655 -0.4962 0.454638
vn -0.932496 -0.0337266 0.359601
vn -0.588765 -0.164448 0.791399
vn -0.8637 0.0746859 0.498442
vn -0.764014 0.180427 0.619458
vn -0.455061 0.0223747 0.890179
vn -0.376939 0.115997 0.918946
vn -0.247172 0.185031 0.951141
vn 0.602197 0.596803 -0.530269
vn 0.494877 0.581726 -0.645516
vn 0.363707 0.535994 0.761858
vn 0.0150633 0.737003 0.675721
vn -0.494877 -0.581726 0.645516
vn -0.404692 0.81167 0.421208
vn -0.328937 -0.56217 -0.758792
vn -0.849199 0.481293 -0.217297
vn 0.443821 0.676675 -0.587481
vn 0.849199 -0.481293 0.217297
vn 0.602197 0.596803 -0.530269
vn 0.884786 0.420515 -0.2008
vn 0.494877 0.581726 -0.645516
vn 0.950311 0.309796 -0.0305895
vn 0.957011 0.287723 -0.036669
vn 0.739655 0.4962 -0.454638
vn 0.409923 0.70932 -0.573436
vn -0.239529 0.791118 0.562813
vn 0.258467 0.736525 -0.62508
vn 0.45692 0.603334 -0.653615
vn 0.877618 -0.425516 0.220731
vn -0.45692 -0.603334 0.653615
vn 0.313279 -0.796876 -0.516571
vn -0.775116 0.63054 0.0401773
vn -0.436371 -0.48827 -0.75576
vn 0.137219 0.719466 -0.680838
vn -0.96807 0.204492 -0.144996
vn -0.439724 0.121463 0.889882
vn -0.47078 -0.0498211 0.880843
vn 0.871445 -0.182043 0.455461
vn -0.871445 0.182043 -0.455461
vn 0.490368 0.302291 -0.81741
vn -0.430232 -0.729627 0.531549
vn 0.456991 -0.0359579 -0.888744
vn -0.531858 -0.558971 0.636144
vn -0.733136 -0.0720449 -0.676255
vn 0.817853 -0.144208 0.557065
vn -0.834053 0.475786 -0.279256
vn 0.531858 0.558971 -0.636144
vn 0.932496 0.0337266 -0.359601
vn 0.914353 -0.143655 -0.378578
vn 0.0729874 0.978109 -0.194871
vn -0.23002 0.585173 -0.777601
vn 0.8637 -0.0746859 -0.498442
vn 0.764014 -0.180427 -0.619458
vn 0.395898 0.513396 0.761373
vn -0.914353 0.143655 0.378578
vn 0.914353 -0.143655 -0.378578
vn 0.398285 0.150549 0.904823
vn -0.398285 -0.150549 -0.904823
vn 0.308431 -0.358675 0.881035
vn 0.550496 0.441521 -0.708529
vn 0.588765 0.164448 -0.791399
vn 0.968775 0.243099 -0.0487621
vn 0.0228155 0.540842 -0.840815
vn -0.0423364 0.842408 -0.537174
vn -0.094311 -0.0516489 0.994202
vn 0.988558 0.11323 0.0996579
vn -0.988558 -0.11323 -0.0996579
vn 0.109053 -0.992951 0.046425
vn 0.016553 -0.738131 0.674455
vn 0.144777 -0.526809 -0.837563
vn 0.402808 -0.327436 -0.854711
vn 0.908793 -0.123316 0.398608
vn -0.343797 0.32002 0.882831
vn 0.343797 -0.32002 -0.882831
vn -0.32759 0.840202 -0.43214
vn -0.765277 -0.640319 -0.0659069
vn -0.908793 0.123316 -0.398608
vn -0.980939 0.194139 -0.00828532
vn -0.129996 -0.939894 -0.315753
vn 0.139517 0.517342 -0.844329
vn 0.951498 -0.306154 -0.0303628
vn -0.566372 0.450413 0.690182
vn 0.299776 0.90041 0.31527
vn -0.139517 -0.517342 0.844329
vn 0.884784 0.420203 0.20146
vn -0.0691821 -0.309081 0.948516
vn -0.242364 -0.365454 0.898723
vn -0.238448 -0.276488 0.930965
vn 0.0691821 0.309081 -0.948516
vn 0.238448 0.276488 -0.930965
vn 0.242364 0.365454 -0.898723
vn 0.0355668 0.956499 0.28956
vn 0.670998 0.637239 0.379063
vn -0.266098 -0.270219 0.925296
vn -0.956524 0.192907 -0.218743
vn -0.706298 -0.598593 -0.377928
vn -0.0355668 -0.956499 -0.28956
vn 0.266098 0.270219 -0.925296
vn -0.157733 0.744708 -0.648483
vn -0.418912 0.56386 -0.711741
vn 0.709743 0.692236 0.130671
vn -0.4348 0.721315 -0.539124
vn -0.363379 0.614229 0.700484
vn -0.860651 -0.496438 0.113265
vn 0.418912 -0.56386 0.711741
vn 0.90235 0.170995 -0.395634
vn -0.709743 -0.692236 -0.130671
vn 0.566372 -0.450413 -0.690182
vn -0.418912 0.56386 -0.711741
vn -0.401788 0.422701 -0.812337
vn -0.158846 0.337974 -0.927654
vn 0.588781 0.000973258 -0.808292
vn 0.595763 0.298606 -0.745588
vn 0.372847 0.878529 -0.298615
vn -0.636138 0.32385 -0.700321
vn -0.800236 0.141543 -0.582742
vn -0.821354 0.199985 -0.534213
vn -0.17089 0.877631 0.44784
vn -0.469689 0.456236 0.755805
vn 0.268111 -0.784773 -0.558791
vn 0.397809 -0.60186 -0.692468
vn 0.527297 -0.29675 -0.796176
vn 0.800236 -0.141543 0.582742
vn 0.616988 -0.0508206 0.78533
vn 0.428646 -0.0168508 0.903315
vn -0.800236 0.141543 -0.582742
vn -0.616988 0.0508206 -0.78533
vn -0.406905 -0.4088 0.816891
vn -0.594793 -0.560146 -0.576591
vn -0.168462 -0.845351 -0.506955
vn 0.39509 0.727539 0.560885
vn 0.774143 -0.0822216 0.627648
vn -0.361738 0.756218 0.545233
vn -0.595393 -0.43129 0.677861
vn 0.48386 -0.562443 -0.670475
vn -0.774143 0.0822216 -0.627648
vn 0.224029 -0.17344 -0.959025
vn 0.253999 0.96042 -0.114358
vn 0.406905 0.4088 -0.816891
vn 0.843101 -0.459119 0.279981
vn -0.224029 0.17344 0.959025
vn -0.186859 0.167128 0.968066
vn -0.171027 -0.975763 0.136515
vn -0.557505 0.784322 -0.272079
vn -0.970714 0.047885 -0.235419
vn 0.224029 -0.17344 -0.959025
vn 0.247172 -0.185031 -0.951141
vn 0.186859 -0.167128 -0.968066
vn 0.211713 -0.232017 -0.949392
vn -0.903672 0.323502 -0.280577
vn -0.658855 -0.751374 0.0367009
vn 0.221573 -0.301072 -0.927503
vn 0.129476 -0.956192 0.262552
vn -0.526743 0.791163 -0.310811
vn 0.209653 0.95958 -0.187755
vn -0.211713 0.232017 0.949392
vn 0.593433 0.802355 -0.0637487
vn 0.953747 0.261167 0.148859
vn -0.343797 0.32002 0.882831
vn 0.77654 -0.549905 0.307556
vn 0.211713 -0.232017 -0.949392
vn -0.221573 0.301072 0.927503
vn -0.929651 -0.290072 -0.227173
vn 0.41943 -0.849246 0.320718
vn -0.815411 0.455448 -0.357311
vn 0.2929 -0.207798 -0.93329
vn -0.2929 0.207798 0.93329
vn -0.223515 0.934173 -0.278141
vn 0.658395 -0.663981 0.354464
vn 0.954379 0.00427136 0.298567
vn -0.606519 -0.440789 -0.661694
vn -0.456323 -0.641154 0.617001
vn 0.698285 -0.687807 -0.198292
vn 0.825711 -0.352401 -0.44047
vn -0.698285 0.687807 0.198292
vn 0.551514 0.340357 0.76157
vn -0.313038 -0.533405 -0.785803
vn 0.736126 -0.610339 0.292582
vn 0.67309 0.61465 -0.411285
vn 0.0711876 0.499692 0.863273
vn -0.0281861 -0.534397 -0.844764
vn -0.0445729 0.866198 -0.497709
vn 0.15632 0.425315 0.891443
vn 0.537653 0.0598542 0.841039
vn 0.712838 0.083322 0.696361
vn 0.615199 0.0419677 0.787254
vn 0.721039 0.0211897 0.69257
vn -0.326524 -0.898964 0.29197
vn -0.721039 -0.0211897 -0.69257
vn -0.589937 0.474895 0.653031
vn -0.519747 0.620332 0.587411
vn 0.726397 -0.0410261 0.686049
vn 0.630912 -0.356088 -0.689312
vn 0.683676 -0.0588832 -0.727406
vn 0.589937 -0.474895 -0.653031
vn -0.989068 0.147412 -0.00376614
vn -0.0281861 -0.534397 -0.844764
vn -0.736126 0.610339 -0.292582
vn 0.313038 0.533405 0.785803
vn 0.0281861 0.534397 0.844764
vn -0.551514 -0.340357 -0.76157
vn -0.726397 0.0410261 -0.686049
vn -0.721039 -0.0211897 -0.69257
vn -0.712838 -0.083322 -0.696361
vn -0.615199 -0.0419677 -0.787254
vn 0.003949 -0.150238 -0.988642
vn -0.537653 -0.0598542 -0.841039
vn -0.960419 0.274801 -0.0455961
vn -0.428646 0.0168508 -0.903315
vn 0.003949 -0.150238 -0.988642
vn 0.107524 0.982982 -0.148948
vn 0.994195 -0.105714 0.0200359
vn -0.003949 0.150238 0.988642
vn 0.003949 -0.150238 -0.988642
vn -0.994195 0.105714 -0.0200359
vn 0.932489 -0.356526 0.0579038
vn -0.441074 -0.887544 0.133113
vn -0.834703 0.0387496 -0.549336
vn 0.512567 0.419406 -0.749249
vn -0.0618382 0.984617 0.163416
vn 0.834703 -0.0387496 0.549336
vn -0.550525 -0.08391 0.830591
vn 0.364526 -0.708829 -0.603889
vn -0.304374 -0.863775 0.401559
vn -0.870746 -0.0997276 -0.481514
vn -0.45336 0.814551 0.3619
vn -0.669772 0.0014658 0.742566
vn 0.49523 -0.761897 -0.417445
vn -0.737747 -0.115069 -0.665198
vn 0.737747 0.115069 0.665198
vn 0.149698 0.932948 -0.327411
vn 0.500194 0.568565 -0.6531
vn -0.254943 0.959888 0.116702
vn 0.995064 0.0021111 0.0992175
vn -0.995064 -0.0021111 -0.0992175
vn 0.0881498 -0.47806 -0.873892
vn -0.0126888 -0.988861 0.148298
vn -0.0984254 0.148825 0.983953
vn -0.00459535 0.999681 0.0248166
vn 0.840171 -0.127759 0.527058
vn 0.438237 -0.412561 -0.798587
vn -0.521073 0.0792039 0.849829
vn 0.513057 0.502179 -0.696124
vn 0.858125 -0.145188 0.492486
vn -0.840171 0.127759 -0.527058
vn -0.858125 0.145188 -0.492486
vn 0.633538 -0.0963477 0.767689
vn -0.633538 0.0963477 -0.767689
vn 0.758969 -0.115381 -0.640823
vn 0.742979 -0.201107 -0.638387
vn -0.758969 0.115381 0.640823
vn -0.430381 0.780659 0.453149
vn 0.874515 -0.162352 0.457017
vn -0.874515 0.162352 -0.457017
vn -0.367229 0.393868 0.842621
vn 0.405438 -0.27241 -0.87259
vn -0.445497 0.103586 0.88927
vn 0.460511 -0.0176675 -0.887478
vn -0.939971 -0.265022 0.214982
vn 0.939971 0.265022 -0.214982
vn -0.110035 0.831711 0.544196
vn -0.0515551 -0.512462 -0.857161
vn -0.274988 0.215192 -0.937056
vn -0.341164 0.715393 -0.609771
vn 0.256329 -0.132453 0.957471
vn 0.891904 -0.164971 0.421061
vn -0.891904 0.164971 -0.421061
vn 0.286871 -0.513373 -0.808798
vn 0.378717 -0.23637 -0.89482
vn -0.41588 0.066501 0.906985
vn -0.378717 0.23637 0.89482
vn 0.451984 0.355609 -0.818079
vn 0.992836 -0.0545072 0.106329
vn -0.992836 0.0545072 -0.106329
vn -0.0779061 -0.970025 0.230178
vn 0.00376726 -0.875166 -0.483809
vn 0.0738803 0.979432 -0.187765
vn 0.0939079 -0.194275 -0.976442
vn -0.119301 -0.402638 0.907552
vn -0.0538863 0.589999 0.805604
vn 0.980168 0.0170316 0.197434
vn -0.980168 -0.0170316 -0.197434
vn 0.129785 0.697722 -0.704513
vn -0.0375209 -0.962328 0.269289
vn 0.198142 -0.100127 -0.975046
vn 0.160495 -0.65263 -0.740483
vn -0.192209 -0.160765 0.968096
vn -0.197112 0.186452 0.962488
vn -0.0375989 -0.0816659 0.99595
vn 0.0375989 0.0816659 -0.99595
vn 0.086174 0.992677 0.0846508
vn -0.995409 -0.0847211 -0.0445254
vn 0.481458 -0.874831 -0.0535585
vn 0.64304 -0.764867 -0.0384416
vn 0.764909 0.638991 0.0812726
vn -0.64304 0.764867 0.0384416
vn -0.172616 -0.981142 -0.0869682
vn 0.479599 0.549973 -0.68375
vn -0.479599 -0.549973 0.68375
vn -0.511036 -0.458371 -0.727144
vn -0.825188 0.0176862 -0.564582
vn -0.369196 0.833359 0.411348
vn -0.316158 -0.618576 -0.719311
vn 0.745112 0.156305 0.648365
vn 0.301824 0.628275 0.717059
vn -0.794505 0.602937 -0.0723146
vt 49.8323 2.64834
vt 49.833 2.6499
vt 49.824 2.65414
vt -0.081017 0.0653854
vt 0.0918314 0.0188539
vt 0.0674825 0.0192044
vt -0.0901326 0.0556185
vt -0.0926195 0.0653854
vt -0.0676854 0.0555922
vt 0.0925725 0.0186543
vt 0.0585 -0.0991313
vt 0.0389675 -0.0754956
vt 0.0377236 -0.0766841
vt 0.0585 0.0738328
vt 0.0389453 0.0738328
vt 0.0377236 -0.0991313
vt 0.0585 0.194215
vt 0.0377236 0.194215
vt 0.0377236 0.0542349
vt 0.0585 0.0454296
vt 0.0370599 0.0454296
vt -0.0585 0.00179541
vt -0.0585 -0.00301146
vt -0.0395552 -0.00301146
vt -0.0389453 0.00179541
vt -0.0585 0.0678357
vt -0.0585 -0.135722
vt -0.0445326 -0.135722
vt -0.0395552 0.0678357
vt -0.0585 -0.151653
vt -0.0370599 -0.151653
vt -0.0354346 -0.0716396
vt -0.0585 -0.0342602
vt -0.0444986 -0.0405535
vt -0.0445326 -0.0342602
vt 49.851 2.56544
vt 49.8853 2.56528
vt 49.8856 2.58483
vt 49.8539 2.55074
vt 49.8838 2.5599
vt 49.8634 2.59537
vt 0.0570012 0.0518418
vt 0.0882447 0.0518418
vt 0.102608 0.026466
vt 0.0924259 0.00277794
vt -0.0377911 -0.0426681
vt -0.0214187 -0.0419667
vt -0.026958 -0.00934315
vt -0.0137725 -0.0520443
vt -0.0434494 -0.00934315
vt -5.49474 0.06042
vt -5.50702 0.088095
vt -5.48084 0.114283
vt -5.51188 0.0691528
vt -5.51721 0.06042
vt -5.51638 0.0629763
vt -5.45579 0.114283
vt -5.49474 0.120788
vt -5.54583 0.0446651
vt -5.51721 0.120788
vt 5.45579 0.0417139
vt 5.48084 0.0417139
vt 5.46022 0.0170274
vt 5.42864 0.00881576
vt -9.75892 0.56915
vt -9.73448 0.56915
vt -9.75452 0.552481
vt -9.92058 0.475506
vt -9.85371 0.5218
vt -9.9227 0.47386
vt -49.8474 0.00261603
vt -49.8875 0.0534551
vt -49.8875 0.0273877
vt -49.8823 0.00261603
vt 0.0434494 -0.271082
vt 0.026958 0.0556989
vt 0.0254269 0.0554282
vt 0.0434494 0.0584011
vt 0.026958 0.0584011
vt 0.0254269 -0.271082
vt -0.0418152 0.012025
vt -0.0434494 0.0024
vt -0.0254269 0.00545346
vt -0.0254269 0.0024
vt -0.0243682 0.012025
vt 0.0418152 0.167839
vt 0.0243682 0.167839
vt 0.0238466 0.161687
vt 0.0378618 0.151375
vt 0.0222694 0.155119
vt -0.852793 -2.97679e-15
vt -0.854352 0.014205
vt -0.856027 0.00645412
vt -0.862276 0.014205
vt -0.861319 0.00963388
vt -0.8544 2.22045e-16
vt -0.124745 0.014425
vt -0.124745 -1.19522e-15
vt -0.111774 -3.63425e-15
vt -0.10871 0.00359608
vt -0.10871 0.014425
vt 0.124745 -0.256803
vt 0.124745 -0.252339
vt 0.116701 -0.252004
vt 0.111774 -0.256803
vt 0.328148 0.0110755
vt 0.259461 0.0110755
vt 0.303436 1.55431e-15
vt 0.329397 2.84495e-16
vt 0.327327 0.00424649
vt -49.8663 0.312496
vt -49.8823 0.312496
vt -49.8823 -0.118252
vt -49.8665 -0.185097
vt -49.8587 -0.183189
vt -49.8663 -0.150915
vt 2.1972 -0.0033476
vt 2.19972 -0.0402857
vt 2.19719 -0.035315
vt 1.80537 0.0302899
vt 1.80948 0.0492024
vt 1.8236 0.0408569
vt 1.82065 0.0597807
vt 1.83041 0.0478563
vt 2.19185 0.0283742
vt 2.18346 0.0236221
vt 2.15989 0.0478563
vt 1.82682 -0.00931032
vt 1.8236 0.0239251
vt 2.15556 0.0597807
vt 1.83126 0.0162679
vt -0.905613 0.0150572
vt -0.90396 -6.1201e-15
vt -0.91086 -1.83187e-15
vt -0.914013 0.0150572
vt 0.779421 0.0193329
vt 0.76871 0.0182038
vt 0.769232 0.0220707
vt 0.778527 -8.74301e-16
vt 0.775341 -1.8735e-15
vt 0.773779 0.0255571
vt -0.15258 0.00288311
vt -0.14995 -1.47278e-15
vt -0.151455 -2.22738e-15
vt -0.152962 0.00169036
vt -0.201706 0.0615707
vt -0.203577 0.0625706
vt -0.203457 0.0648324
vt -0.202388 0.0661757
vt -0.180523 0.057004
vt -0.180287 0.0582342
vt -0.178246 0.0588151
vt -0.177203 0.0587327
vt -0.179719 0.0513308
vt -0.163068 0.0526243
vt -0.173915 0.0373392
vt -0.169752 0.0316977
vt -0.0427122 0.00877163
vt -0.0434218 0.00954115
vt -0.0438912 0.0141725
vt -0.0396383 0.0242083
vt -0.0295227 0.041481
vt -0.0353131 0.00242349
vt 0.175708 0.02862
vt 0.156681 0.02862
vt 0.172823 0.0319157
vt 0.177143 0.0323827
vt 0.197118 0.0336874
vt 0.0449909 -4.14946e-15
vt 0.0286509 0.00210096
vt -0.0335957 0.00210096
vt -0.0522152 -4.72365e-15
vt -0.119363 0.00233562
vt -0.269578 0.0148228
vt -0.204197 9.99895e-15
vt -0.112612 7.72993e-15
vt -0.288315 0.0148228
vt -0.0773735 0.0114413
vt -0.113567 -2.55685e-14
vt -0.106423 -2.81225e-14
vt -0.0485794 0.0114413
vt 0.0592064 -1.52326e-14
vt 0.0611703 0.00842424
vt 0.070628 0.00842424
vt 0.0877279 0.00395308
vt 0.0526286 -1.54772e-14
vt 0.0800427 0.00164948
vt 0.0851875 0.0107953
vt 0.0895477 0.0095054
vt 0.0831834 0.0106779
vt 0.089493 0.00202382
vt 0.0859705 0.0344483
vt 0.151126 0.0124413
vt 0.116377 0.0180061
vt 0.0965216 0.0259949
vt 0.153344 0.0051352
vt 0.16265 0.00222881
vt 0.08486 0.0317994
vt -0.0614922 0.0230178
vt -0.115334 0.0171402
vt -0.102739 -0.000164146
vt 0.0935182 1.1182e-14
vt 0.065108 1.22194e-14
vt 0.0763599 0.0101192
vt 0.0949019 0.00315897
vt 0.0951434 0.000296873
vt 1.70706 0.0464174
vt 1.70381 0.0274131
vt 1.71045 0.0428737
vt 1.71866 -4.23273e-16
vt 1.72065 0.0326737
vt 1.71944 1.54043e-15
vt 1.72511 0.0326737
vt 1.70167 0.0216058
vt 1.70218 0.0209574
vt 1.71045 0.0496287
vt 0.127805 -0.0626684
vt 0.127805 0.411765
vt 0.126217 0.405299
vt 0.112866 -0.0626684
vt 0.112866 0.405299
vt 0.112866 -0.0490832
vt 0.112866 -0.0600169
vt 0.126197 -0.0590104
vt 0.126167 -0.0591918
vt 0.126217 -0.0600169
vt 0.130157 -0.0490832
vt 0.735302 0.0182386
vt 0.729981 0.0241105
vt 0.725691 0.0208214
vt 0.725198 0.0171734
vt 0.734001 -0.00699351
vt 0.73413 -0.00712442
vt -0.112866 0.412327
vt -0.130157 0.412327
vt -0.130157 0.0013554
vt -0.112866 0.0013554
vt -0.112866 -0.0540882
vt -0.112866 0.00282843
vt -0.130137 0.00238811
vt -0.130157 0.00282843
vt -0.130865 -0.0540882
vt -0.143943 0.00271992
vt -0.144304 0.00159468
vt -0.142882 -1.29931e-15
vt -0.141462 -1.19002e-15
vt -0.190289 0.0580856
vt -0.190932 0.0624299
vt -0.191941 0.0611626
vt -0.192054 0.0590289
vt -0.170305 0.0537773
vt -0.167173 0.0554083
vt -0.168157 0.055486
vt -0.170082 0.0549379
vt -0.169546 0.0484253
vt -0.153838 0.0496455
vt -0.164071 0.0352256
vt -0.160144 0.0299035
vt 8.84174 -2.30838e-15
vt 9.35529 9.96429e-16
vt 8.89342 0.0151835
vt 9.37891 0.0203417
vt 8.90448 0.0203417
vt 8.86475 0.0118918
vt -9.35527 0.0748094
vt -8.84172 0.0746774
vt -8.892 0.0755763
vt -8.60563 0.163126
vt -8.61039 0.14371
vt -9.35541 0.0755763
vt 0.000963594 0.0419674
vt -0.211508 0.21503
vt -0.0147684 0.0625724
vt -0.201943 0.21503
vt 0.00126713 0.0422283
vt 0.088555 0.00173263
vt 0.0885509 0.00213284
vt 0.0607929 0.0100198
vt 0.045784 0.00885895
vt -0.127805 -0.0609537
vt -0.112866 -0.0528727
vt -0.128983 -0.055905
vt -0.130051 -0.0582737
vt -0.127805 -0.073159
vt -0.130865 -0.0528727
vt -0.130396 -0.0559814
vt -0.112866 -0.0609537
vt -0.00627924 4.54606e-16
vt 0.0450874 2.97071e-15
vt 0.0403381 0.00843775
vt 0.0434726 0.00868018
vt -0.0135053 0.0254959
vt -0.0373263 0.366633
vt -0.0270736 0.321341
vt -0.0205497 0.364208
vt -0.0373263 0.0282175
vt -0.0270736 0.0473068
vt -0.000209063 -0.0137405
vt -0.0214822 0.366633
vt -0.0373263 0.017409
vt -0.0214822 0.017409
vt -0.0204295 0.0268267
vt -0.0373263 0.0374234
vt -0.0201963 0.0180007
vt -0.0193122 0.0374234
vt -1.90965 0.00956397
vt -1.87861 0.0201591
vt -1.88951 -3.13638e-15
vt -1.86342 0.0576363
vt -1.84144 0.0576363
vt -1.9095 -2.498e-15
vt 9.44574 0.0107713
vt 9.91371 0.0107713
vt 9.86403 -0.015339
vt 9.94271 0.0224764
vt 9.92074 0.0191471
vt 9.43328 -0.0154556
vt 9.38264 -0.031781
vt 9.90858 -0.00690866
vt 9.50977 0.0191471
vt 9.45307 0.0141865
vt 9.457 0.0195361
vt 9.51026 0.0256522
vt 9.94245 0.0256522
vt 9.35769 -0.031781
vt 0.298955 -0.0665147
vt 0.304218 -0.0453466
vt 0.0524651 -0.0453466
vt 0.320262 -0.0749519
vt 0.320262 -0.0516998
vt -0.000491883 -0.0665147
vt -0.000491883 -0.0504834
vt -9.14186 0.182933
vt -9.14429 0.172994
vt -9.35766 0.109321
vt -9.38261 0.109327
vt -0.006656 3.26876e-15
vt -0.0161567 0.0335214
vt 0.0354189 0.018867
vt 0.0356111 7.89126e-15
vt 0.0230001 0.0850258
vt -0.0264616 0.0711669
vt 0.0186182 0.0703242
vt 0.0274983 0.0753664
vt 0.0439307 0.0742183
vt -0.0268776 0.0707766
vt -0.0373263 -0.127323
vt -0.0209551 -0.110933
vt -0.0210136 -0.00583469
vt -0.0373263 0.0256781
vt -0.0193122 -0.127323
vt -0.0187582 0.0256781
vt -0.00725673 0.0263466
vt 0.0206657 -3.28659e-14
vt 0.0327028 0.104406
vt 0.00672893 0.129752
vt -0.000776765 -3.29327e-14
vt 0.0290288 0.129752
vt -0.115482 0.119581
vt -0.138079 0.0740835
vt -0.136079 0.0633767
vt -0.137782 0.119581
vt -0.0963754 0.00780639
vt -0.229439 0.0652829
vt -0.264571 0.0575318
vt -0.189482 0.0395205
vt -0.154818 0.0466164
vt -0.160901 0.0260551
vt 0.0373263 0.116301
vt 0.0215408 0.131943
vt 0.016743 0.116924
vt 0.0373263 0.209111
vt 0.0187582 0.209111
vt 0.0168313 0.116301
vt -0.016743 -0.0747906
vt -0.0243782 0.0325518
vt -0.0373263 0.0182326
vt -0.0373263 -0.0775876
vt -0.0168313 -0.0775876
vt -1.98968 -0.00871314
vt -1.95812 0.0231046
vt -1.99595 0.0231046
vt -2.00858 0.00546602
vt -2.00812 -0.023893
vt -1.99788 -0.023893
vt 0.0909367 0.0707365
vt 0.0906374 0.0455495
vt 0.101443 0.0592227
vt 0.0650166 0.037939
vt 0.0749519 -0.00484795
vt 0.0516998 -0.00484795
vt 0.100552 0.071069
vt 0.333307 0.015925
vt 0.33926 0.056144
vt 0.301433 0.056144
vt 0.277246 0.0220486
vt 0.355741 0.0293503
vt 0.340828 0.107268
vt 0.337228 0.0983463
vt 0.386903 0.0748191
vt 0.391795 0.0831287
vt -0.166133 0.0143194
vt -0.122904 0.0205282
vt -0.129929 3.87017e-15
vt -0.161386 4.92661e-16
vt -0.164648 0.0205282
vt 0.0762811 0.0823554
vt 0.079121 0.0823554
vt 0.0848827 0.0937489
vt 0.0762811 0.14052
vt 0.0848827 0.148714
vt 0.328859 0.0236103
vt 0.342946 0.0569827
vt 0.337186 0.0295227
vt 0.268448 0.0062022
vt 0.278531 0.0204166
vt 0.300507 0.0204166
vt 0.33285 0.0231743
vt 0.326268 -0.000113531
vt 0.353978 0.0390481
vt 0.392768 0.0866151
vt 0.37005 0.0480282
vt 0.38914 0.0883336
vt -0.219232 0.230541
vt -0.0172748 0.10009
vt -0.189917 0.24071
vt 0.0431578 0.0168197
vt 0.0376143 1.66967e-14
vt 0.0519238 0.0122979
vt -0.219279 0.24071
vt -0.251914 0.21468
vt -0.235693 0.217412
vt -0.179727 0.124097
vt -0.179593 0.139731
vt -0.094836 0.0628338
vt -0.107633 0.0811182
vt 0.0259728 0.00656044
vt 0.0179971 1.22415e-14
vt 0.0197353 0.0745436
vt -0.0284903 0.0750232
vt -0.0280493 0.0754369
vt 0.0126503 0.0868407
vt 0.028977 0.0759654
vt -0.169216 0.0321448
vt -0.269103 0.0634861
vt -0.243206 0.0691999
vt -0.164107 0.0494134
vt 0.0321119 0.128283
vt 0.0171853 -3.42958e-14
vt -0.00769213 0.0279274
vt -0.000823371 -3.48326e-14
vt 0.00713266 0.137537
vt 0.0307706 0.137537
vt -0.122411 0.126755
vt -0.102158 0.00827478
vt -0.144244 0.0671793
vt -0.146363 0.0785285
vt -0.146049 0.126755
vt -0.0759304 0.287831
vt -0.0956472 0.287831
vt -0.0956472 0.197815
vt -0.0759304 0.181658
vt -0.095488 0.195021
vt -0.0956472 0.194412
vt -0.0956472 0.181658
vt 0.249366 0.0849088
vt 0.223347 0.0670846
vt 0.249197 0.0622276
vt 0.205166 0.0703686
vt 0.255626 0.0664429
vt 0.263969 0.173733
vt 0.201342 0.0716964
vt -0.0956472 -0.00054454
vt -0.0759304 -0.00054454
vt -0.0759304 0.022818
vt -0.0956472 0.0309935
vt -0.07886 0.0309935
vt -0.0762811 -0.116188
vt -0.0611836 -0.0900727
vt -0.0606907 -0.0860551
vt -0.0611836 -0.13467
vt -0.0776425 -0.0837122
vt -0.079121 -0.116188
vt -0.0607756 -0.0837122
vt 0.0759304 0.0245915
vt 0.0956472 0.0245915
vt 0.0956472 0.31028
vt 0.0759304 0.31028
vt -0.0759304 -0.216185
vt -0.0759304 -0.20178
vt -0.0956472 -0.20178
vt -0.0956472 -0.216185
vt 0.0759304 -0.0280399
vt 0.0956472 -0.0280399
vt 0.0956472 0.229956
vt 0.0759304 0.229956
vt -0.07886 -0.0536158
vt -0.0783852 -0.0142588
vt -0.0956472 -0.0311324
vt -0.0954276 -0.0287982
vt -0.102737 -0.0142588
vt -0.103136 -0.0265264
vt -0.0956472 -0.0536158
vt 0.0759304 -0.0844889
vt 0.0956472 -0.0844889
vt 0.0956472 0.00888594
vt 0.0783852 0.0153023
vt 0.0759304 0.00931563
vt 0.102737 0.0153023
vt 0.143605 0.00521338
vt 0.144664 0.00484453
vt 0.142571 0.011737
vt 0.141766 0.012009
vt 0.153443 0.00210265
vt 0.0818053 -0.00287468
vt 0.073586 0.00281329
vt 0.0817187 -0.00175628
vt -0.0319462 0.0115141
vt -0.0414068 0.0133703
vt -0.0409639 0.00900108
vt -0.0316594 0.0168476
vt -0.0402945 0.00827513
vt -0.0373946 0.022838
vt -0.0309616 0.0181554
vt -0.0333142 0.00228631
vt -0.0278516 0.039133
vt 0.0749588 0.240645
vt 0.0561608 0.240645
vt 0.0561608 0.0758377
vt 0.0749588 0.0743554
vt 0.0561505 0.0743554
vt -0.0749588 0.0127279
vt -0.0749588 -0.0729686
vt -0.0561608 -0.0729686
vt -0.0561608 0.0127279
vt 0.0515048 0.00661815
vt 0.0479167 0.0182195
vt -0.0483847 0.0314505
vt -0.19811 0.0341178
vt -0.198259 0.0475109
vt -0.236171 0.0494058
vt 0.052199 0.0174795
vt -0.112415 0.0345904
vt -0.255091 0.041357
vt 0.0866219 -0.00186166
vt -0.253833 0.0487321
vt 0.0423283 -0.0408883
vt 0.0523165 -0.0315057
vt 0.0896433 -0.0408883
vt 0.0758851 -0.0303464
vt 0.0757739 -0.0101765
vt 0.0749588 0.00456446
vt 0.0501949 0.00456446
vt 0.0732607 -0.0190326
vt 0.0749588 -0.0190326
vt -0.0749588 -0.0129141
vt -0.0488333 -0.0129141
vt -0.0501949 0.00725618
vt -0.0749588 0.00725618
vt -0.0732607 0.0663534
vt -0.0496424 0.0408135
vt -0.0561608 0.0515011
vt -0.0749588 0.325235
vt -0.0749588 0.0663534
vt -0.0561608 0.325235
vt -0.0530082 -0.0685565
vt -0.0472308 -0.060958
vt -0.0474659 -0.0606744
vt -0.0488333 -0.0606744
vt -0.0749588 -0.0901879
vt -0.0561608 -0.0848466
vt -0.0561608 -0.0748511
vt -0.0749588 -0.0606744
vt -0.0561505 -0.0901879
vt -0.119881 -0.118188
vt -0.119914 -0.117638
vt -0.120237 -0.117817
vt -0.120237 -0.118188
vt -0.0488333 -0.0129141
vt -0.0474659 -0.0129141
vt -0.0474753 -0.0134645
vt -0.047743 -0.0290655
vt -0.119881 -0.118188
vt -0.118937 -0.118188
vt -0.118937 -0.133763
vt 0.0202405 -1.2209e-14
vt 0.0246938 0.00852925
vt 0.00596931 0.00737592
vt 0.0345627 0.0173653
vt 0.0323635 0.0239288
vt -0.000729673 0.000813628
vt -0.000484121 -1.10559e-14
vt 0.00585142 0.00772775
vt 0.120237 0.179115
vt 0.118937 0.160355
vt 0.119881 0.160355
vt 0.0910204 0.179115
vt 0.0910204 0.160355
vt 0.120237 0.160355
vt -0.0910204 0.00920927
vt -0.120237 0.00920927
vt -0.120237 -0.00799451
vt -0.0910204 -0.0106865
vt -0.120429 -0.0106865
vt 0.00596931 0.00737592
vt -0.00407777 0.0339909
vt -0.00266545 0.0263836
vt 0.00487751 0.00762735
vt -0.0127089 0.0631194
vt -0.0107794 0.0561967
vt -0.0341494 0.0165034
vt -0.0159402 0.0534906
vt 0.0109176 -0.00739185
vt -0.0910204 -0.118188
vt -0.0910204 -0.0546121
vt -0.118937 -0.0593983
vt -0.115742 -0.0546121
vt -0.118937 -0.118188
vt -0.0680743 0.014
vt -0.0663599 0.014
vt -0.0627966 0.023511
vt -0.065488 0.0285971
vt 0.112841 0.0286518
vt 0.090866 0.0360743
vt 0.0910581 0.0245235
vt 0.0899735 0.0250634
vt 0.10979 0.0169869
vt 0.112194 0.0161499
vt -0.108805 0.01617
vt -0.0580115 0.0217149
vt -0.0969236 -0.000154854
vt 0.0910204 -0.108975
vt 0.120429 -0.108975
vt 0.120429 -0.0488501
vt 0.0910204 -0.0481363
vt 0.120481 -0.0481363
vt -0.0910204 0.193041
vt -0.120481 0.193041
vt -0.120371 0.170086
vt -0.0910204 0.167533
vt -0.120497 0.167533
vt -0.0307207 0.0586159
vt -0.00210903 0.0707096
vt -0.0250206 0.0692941
vt -0.0252473 0.069973
vt -0.013593 0.0788444
vt -0.0135201 0.085749
vt 0.00769566 0.085749
vt 0.0140721 0.085749
vt 0.0366365 0.0184072
vt 0.0311958 0.0227262
vt 0.021455 -1.31848e-14
vt 0.022326 0.00491701
vt -0.0158188 0.0851107
vt -0.000513169 -1.16005e-14
vt 0.00360151 0.00376369
vt -0.0203831 0.0658385
vt -0.0165973 0.0640454
vt 0.0118666 0.0804126
vt -0.0325639 0.0621329
vt -0.0255054 0.0767792
vt -0.019129 0.0767792
vt 0.00208683 0.0767792
vt -0.0910204 0.0151009
vt -0.12028 0.0140779
vt -0.115742 2.75474e-15
vt -0.119237 0.000467822
vt -0.119237 -0.0152709
vt -0.117745 -0.0146885
vt -0.120497 0.0151009
vt -0.0910204 -7.35523e-16
vt 0.000642624 0.0718727
vt 0.0298449 0.0842161
vt 0.0289782 0.0852515
vt 0.00335029 0.0852515
vt -0.0397644 0.0681161
vt -0.0227083 0.0498391
vt -0.0172676 0.052692
vt -0.0141364 0.0681161
vt 0.0681686 0.0677177
vt 0.0623531 0.0583253
vt 0.0671957 0.0638948
vt 0.08673 0.248961
vt 0.0681686 0.248961
vt 0.0714198 0.0683554
vt 0.0663599 0.0625564
vt 0.0680743 0.0625564
vt 0.08673 0.0683554
vt -0.08673 -0.0566014
vt -0.08673 -0.0841879
vt -0.0810442 -0.0611156
vt -0.0714198 -0.0841879
vt -0.0814634 -0.0598321
vt -0.0817689 -0.0566014
vt -0.0681686 0.250649
vt -0.08673 0.250649
vt -0.08673 0.0998569
vt -0.0681686 0.0998569
vt -0.0939539 0.0349029
vt -0.120001 0.0108502
vt -0.112792 4.35103e-14
vt 0.251149 0.0434006
vt -0.107169 0.0477018
vt 0.0887178 0.0316512
vt -0.120629 0.0123779
vt -0.0586311 4.35737e-14
vt -0.0902745 0.00756284
vt -0.0619491 0.0377956
vt -0.129678 0.0428395
vt 0.247194 0.0411572
vt -0.0817689 -0.0252992
vt -0.063006 -0.0433547
vt -0.0663033 -0.03836
vt -0.0681686 -0.0337607
vt -0.08673 0.00683603
vt -0.08673 -0.0252992
vt -0.0681686 0.00683603
vt 0.0674712 0.00543964
vt 0.0614226 1.06998e-14
vt 0.0699669 1.15914e-14
vt 0.165762 0.027
vt 0.167116 0.0305497
vt 0.16304 0.0301091
vt 0.18596 0.0317806
vt 0.147813 0.027
vt 0.0424442 -4.93529e-15
vt -0.0492596 -5.04284e-15
vt -0.031694 0.00198203
vt 0.0270292 0.00198203
vt -0.112607 0.00220341
vt -0.106238 8.40647e-15
vt -0.192639 9.79078e-15
vt -0.271996 0.0139838
vt -0.254319 0.0139838
vt -0.0729939 0.0107937
vt -0.0458296 0.0107937
vt -0.100399 -2.64931e-14
vt -0.107139 -2.55555e-14
vt -0.180421 0.0333524
vt -0.240652 0.039016
vt -0.222803 0.0466092
vt 0.0677327 0.00610208
vt -0.0947258 0.033825
vt -0.045646 0.0296703
vt -0.239465 0.0459737
vt 0.0452045 0.0171882
vt 0.0843727 -0.036036
vt 0.0845692 -0.0385739
vt 0.0399324 -0.0385739
vt -0.187037 0.0448216
vt 0.0492444 0.0164901
vt 0.0558551 -1.51424e-14
vt 0.0827622 0.00372932
vt 0.0666301 0.00794739
vt 0.0577078 0.00794739
vt 0.0496496 -1.44971e-14
vt 0.075512 0.00155612
vt 0.0844273 0.00190927
vt 0.084479 0.00896736
vt 0.0803655 0.0101842
vt 0.0784749 0.0100735
vt 0.236933 0.0409439
vt 0.233202 0.0388275
vt 0.0725458 0.0251826
vt -0.118553 0.0276726
vt -0.122338 0.0404146
vt -0.101103 0.0450017
vt -0.107078 0.00100918
vt -0.0553124 4.16227e-14
vt -0.078121 0.031327
vt -0.106408 4.12565e-14
vt 0.15286 0.0112354
vt 0.152744 0.0139723
vt 0.147772 0.0139723
vt 0.133135 -3.18495e-14
vt 0.134266 -3.23908e-14
vt -0.0593366 0.0153826
vt -0.0614226 0.00737065
vt -0.0591044 0.00831264
vt -0.0721455 0.0118301
vt -0.0699669 0.00737065
vt -0.0566485 0.0148548
vt -0.053768 0.0117925
vt -0.0531657 0.0136293
vt -0.152815 -0.283792
vt -0.135403 -0.289833
vt -0.133505 -0.283634
vt -0.0540808 0.0226049
vt -0.0724438 0.0226049
vt -0.14689 -0.264443
vt -0.154957 -0.289833
vt 0.0540808 0.178245
vt 0.0467489 0.149963
vt 0.0651119 0.149963
vt 0.0724438 0.178245
vt -0.0496094 -0.00359603
vt -0.0651119 -0.129992
vt -0.0467489 -0.129992
vt -0.0312464 -0.00359603
vt 0.147729 0.0233447
vt 0.128025 0.0233447
vt 0.135403 -0.0190033
vt 0.154957 -0.0190033
vt -0.0312464 0.0808085
vt -0.124476 0.447984
vt -0.136399 0.422619
vt -0.143799 0.448192
vt -0.128025 0.460248
vt -0.147729 0.460248
vt -0.0496094 0.0808085
vt 0.167942 0.154628
vt 0.0992723 0.0510182
vt 0.0973787 0.0510492
vt -0.233865 0.118591
vt -0.232909 0.119195
vt 0.0578778 0.0610451
vt -0.184681 0.149697
vt -0.0269962 0.165993
vt 0.0867433 0.0565307
vt -0.161897 0.164107
vt 0.192397 0.165993
vt 0.0279865 0.0118369
vt 0.0337289 0.0208567
vt 0.0354958 0.0186624
vt 0.0356619 0.0208567
vt 0.0327852 0.0116214
vt 0.0386944 7.72581e-15
vt -0.0313222 0.00797445
vt -0.0334752 0.00401897
vt -0.0311884 7.1308e-15
vt 0.0399685 0.00179424
vt 0.038422 0.00797445
vt -0.247897 0.125706
vt 0.103221 0.0541122
vt 0.0714594 0.069441
vt 0.100325 0.0649266
vt 0.105229 0.0540793
vt 0.203941 0.175952
vt 0.181523 0.163024
vt -0.168449 0.175952
vt -0.197266 0.157727
vt -0.146773 0.172524
vt 0.0984122 0.175952
vt -0.238769 0.131479
vt -0.142724 0.175952
vt 0.0982401 0.1918
vt 0.131443 0.322564
vt 0.13101 0.321069
vt 0.0267638 -0.0174355
vt 0.0451418 -0.0174355
vt 0.0523536 0.0834019
vt 0.1127 0.321069
vt -0.0451418 -0.0641477
vt -0.0267638 -0.0641477
vt -0.0272446 -0.0367596
vt -0.0456226 -0.0367596
vt -0.142724 0.08798
vt -0.091593 0.131387
vt -0.111816 0.131387
vt -0.168449 0.08798
vt -0.0246306 0.0148107
vt 0.0932822 0.00670065
vt 0.0483178 -3.51386e-14
vt 0.0824149 -3.50345e-14
vt 0.161909 0.0148107
vt 0.13621 0.00447609
vt 0.162032 0.0119095
vt 0.142321 -3.58324e-14
vt 0.131521 -3.56382e-14
vt -0.0227465 0.00642605
vt 0.119611 -0.0592413
vt 0.101639 -0.0630758
vt 0.11186 -0.129364
vt 0.101193 -0.0592413
vt 0.13101 -0.134602
vt 0.1127 -0.134602
vt 0.0987309 0.0139723
vt -0.0232364 0.0139723
vt 0.0491118 -3.21895e-14
vt -0.0228628 0.0123096
vt 0.047787 -0.000816835
vt 0.07607 -3.18565e-14
vt -0.0276771 0.00987615
vt -0.0336872 0.0184098
vt -0.0503229 0.0112622
vt -0.0456226 -0.00801948
vt -0.0462776 0.0639683
vt -0.0648886 0.0639683
vt -0.0272446 -0.00801948
vt -0.0648886 0.0400557
vt -0.0462776 0.0400557
vt -0.101193 0.267483
vt -0.119611 0.267483
vt -0.121059 0.272679
vt 0.211197 0.104828
vt 0.18885 0.0860197
vt 0.192964 0.113101
vt 0.176345 0.12395
vt 0.199072 0.12395
vt 0.192397 0.083
vt 0.206341 0.117602
vt -0.0269962 0.083
vt 0.0389495 0.0577592
vt 0.0451108 0.0577592
vt 0.0417723 0.0487041
vt 0.0401351 0.0469447
vt 0.298979 0.0378321
vt 0.266136 0.0292901
vt 0.265261 0.0156532
vt 0.269084 0.0108214
vt 0.37613 0.0378321
vt -0.0950362 0.0164284
vt 0.143662 0.0385853
vt 0.1426 0.0368592
vt -0.140887 0.0462236
vt -0.10901 0.0171793
vt -0.16255 0.0440692
vt 0.14309 0.040191
vt -0.0930579 0.0139452
vt -0.163615 0.0462236
vt 0.17317 0.0078876
vt 0.13731 0.0218676
vt 0.139128 0.0227632
vt 0.309615 0.010114
vt 0.271859 0.0160609
vt 0.261095 0.0227632
vt 0.310136 0.0227632
vt 0.315109 0.0227632
vt 0.315433 0.0190853
vt 0.31476 0.0183244
vt 0.214966 -0.0212931
vt 0.224226 -0.020489
vt -0.0348289 0.228257
vt -0.0348289 0.159944
vt -0.0158203 0.169845
vt -0.0119977 0.159944
vt -0.0158203 0.228257
vt -0.0348289 -0.00220373
vt -0.0107444 -0.00220373
vt -0.0119977 0.0236569
vt -0.0348289 0.0236569
vt 0.223869 0.111118
vt 0.206549 0.116517
vt 0.202436 0.0894353
vt 0.218722 0.124658
vt 0.211016 0.131387
vt 0.183769 0.131387
vt 0.203941 0.08798
vt 0.0984122 0.08798
vt 0.0412864 0.0612248
vt 0.0425432 0.0497613
vt 0.0442786 0.0516263
vt 0.0478175 0.0612248
vt 0.316917 0.0401021
vt 0.28523 0.0114707
vt 0.281177 0.0165924
vt 0.282105 0.0310475
vt 0.398697 0.0401021
vt -0.0986413 0.0147819
vt 0.151156 0.0390707
vt 0.126256 0.0464741
vt 0.129178 0.048997
vt 0.152281 0.0409005
vt -0.146185 0.048997
vt -0.173432 0.048997
vt -0.172303 0.0467134
vt -0.106552 0.0232424
vt -0.115551 0.01821
vt 0.149401 0.048997
vt -0.0628968 0.0163055
vt -0.0600474 0.0157461
vt -0.0626507 0.0088114
vt -0.0563557 0.0144471
vt -0.0569941 0.0125001
vt -0.065108 0.00781289
vt -0.0935182 0.00781289
vt -0.0213511 0.0617893
vt 0.0153206 0.0713929
vt 0.0064014 0.0620031
vt -0.0162252 0.0494183
vt 0.0246764 0.0661999
vt 0.0169682 0.061006
vt -0.0166863 0.0488032
vt -0.0348289 -0.0565089
vt -0.0158203 -0.0565089
vt -0.0158203 0.0799543
vt -0.0343114 0.0857849
vt -0.0163395 0.0810488
vt -0.013669 0.0842491
vt -0.0348289 0.0857849
vt -0.0348289 -0.0144249
vt -0.0158203 0.00114936
vt -0.0189288 0.00503468
vt -0.0343114 -0.0144249
vt -0.0124375 -0.00307885
vt -0.0348289 0.00503468
vt -0.0348289 -0.059029
vt -0.0183136 -0.0802633
vt -0.0158203 -0.0797226
vt -0.0108878 -0.0597842
vt -0.010867 -0.0786485
vt -0.0348289 -0.109623
vt -0.0189288 -0.109623
vt -0.0107444 -0.059029
vt -0.0700722 0.202668
vt -0.0507697 0.196445
vt -0.0467851 0.199425
vt -0.0700722 0.167083
vt -0.0502609 0.167083
vt -0.0424487 0.202668
vt -0.0700722 -0.0754317
vt -0.0483018 -0.0623179
vt -0.0502609 -0.0606838
vt -0.0444095 -0.0754317
vt -0.0444095 -0.0655644
vt -0.0700722 -0.0606838
vt 0.0551277 -0.0272028
vt 0.040003 -0.0380038
vt 0.0409581 -0.0421571
vt 0.040479 -0.0959402
vt 0.0424487 -0.048332
vt 0.0700722 -0.0959402
vt 0.0700722 -0.048332
vt 0.0700722 0.197717
vt 0.040479 0.197717
vt 0.0444095 0.173081
vt 0.0700722 0.161961
vt 0.0444095 0.161961
vt 0.145549 0.0231797
vt 0.227864 -0.0225707
vt 0.170322 0.0183159
vt 0.276677 -0.0183318
vt 0.255889 -0.014449
vt 0.303143 0.00362845
vt 0.230032 -0.0148709
vt 0.316719 -0.00294886
vt 0.312597 0.0206374
vt 0.323071 0.00282335
vt 0.334359 0.0202305
vt 0.334015 0.024129
vt 0.147476 0.024129
vt -0.0104835 0.00351177
vt -0.00213782 0.00151027
vt -0.00541172 1.60093e-15
vt -0.0073709 2.1259e-15
vt -0.0759917 0.0373971
vt -0.0250887 0.0417344
vt -0.025581 0.0381627
vt -0.045167 7.80279e-15
vt -0.0692916 1.0044e-14
vt -0.0596744 0.00558199
vt -0.0817305 0.0417344
vt -0.0284423 0.0350319
vt -0.0450646 0.0035683
vt -0.0144765 0.0427925
vt 0.026157 0.0701719
vt 0.0162399 0.0756765
vt -0.0226321 0.0654967
vt 0.0246107 0.0046069
vt 0.03001 -3.62557e-16
vt 0.0376255 0.0197821
vt 0.0357526 0.0221081
vt 0.0237178 9.61037e-16
vt 0.0378016 0.0221081
vt -0.0330597 0.0111693
vt 0.0410161 0.0111693
vt 0.0340624 0.0311936
vt -0.0278533 0.0311936
vt 0.0410161 8.12653e-15
vt -0.0330597 7.75205e-15
vt -0.0354837 0.00426011
vt -0.0332015 0.00845292
vt 0.0423667 0.00190189
vt 0.0407273 0.00845292
vt 0.0407273 0.0166896
vt -0.0312385 0.0116439
vt -0.029568 0.00913074
vt -0.0243545 0.00547135
vt -0.00580414 8.2948e-15
vt 0.0318149 7.72819e-15
vt 0.03418 0.000312803
vt 0.0405411 0.0140438
vt -0.0332015 0.0166896
vt -0.107212 0.035301
vt -0.0868001 0.043942
vt -0.0812192 0.040872
vt -0.0515708 1.55639e-14
vt -0.0527622 0.0181457
vt -0.0615215 0.0177268
vt -0.067258 0.00633639
vt -0.0429873 0.0167984
vt -0.0578369 0.0280402
vt -0.0674567 0.0280402
vt -0.0653694 9.02056e-15
vt 0.0634436 0.185029
vt 0.048698 0.185029
vt 0.048698 0.145684
vt 0.0634436 0.134355
vt 0.0428405 0.134355
vt -0.0634436 -0.00307657
vt -0.048698 -0.00307657
vt -0.048698 0.0944802
vt -0.0634436 0.0944802
vt -0.0311884 0.010537
vt 0.0268489 0.0230651
vt 0.0362194 0.0176643
vt -0.0281539 0.0222079
vt 0.0252337 0.024906
vt 0.0367822 0.0230651
vt 0.0396995 0.0199584
vt 0.0386944 0.010537
vt 0.0965863 -0.0529433
vt 0.0672707 -0.0529433
vt 0.0664226 -0.106392
vt 0.0965863 -0.109477
vt 0.0655661 -0.109477
vt -0.0965863 0.00282843
vt -0.0965863 -0.0357643
vt -0.0666921 -0.0325591
vt -0.0655661 -0.0357643
vt -0.0666921 0.00282843
vt -0.0965863 0.156113
vt -0.0666921 0.156113
vt -0.0672707 0.202368
vt -0.0666921 0.204747
vt -0.0965863 0.202368
vt -0.0965863 -0.0821879
vt -0.0666921 -0.0821879
vt -0.0666921 -0.0744178
vt -0.0965863 -0.0744178
vt 0.0768438 0.0692459
vt 0.0690135 0.068864
vt 0.0812827 0.0322734
vt 0.0747577 0.0735532
vt 0.0817305 0.0212
vt 0.0778202 0.0253175
vt 0.0315804 0.0264985
vt 0.0853685 0.0285084
vt 0.0674826 0.0735532
vt 0.0250887 0.0212
vt 0.0243094 0.0291726
vt 0.024088 0.0228843
vt 0.0661428 0.0342293
vt 0.0527907 0.0129503
vt 0.0377794 0.0271891
vt 0.0659877 0.0284972
vt 0.0571248 0.0106613
vt 0.0396131 0.0342293
vt 0.191791 0.0124164
vt 0.189327 0.00832788
vt 0.171235 4.16334e-17
vt 0.1523 -2.498e-16
vt 0.0654768 0.0174119
vt 0.193879 0.0174119
vt 0.177741 0.00569019
vt 0.175386 0.000461515
vt 0.167096 -4.54498e-16
vt 0.159681 -3.50414e-16
vt 0.184397 0.0761548
vt -0.0662242 0.0476005
vt 0.184751 0.0479907
vt -0.155542 0.0761548
vt -0.168505 0.0623153
vt -0.160134 0.0546627
vt 0.209437 0.057889
vt -0.0634436 0.0311127
vt -0.0634436 -0.0212132
vt -0.0446759 -0.0094564
vt -0.0428405 -0.0212132
vt -0.0422652 0.027154
vt -0.0407908 0.0311127
vt -0.0634436 0.0613584
vt -0.0634436 -0.143143
vt -0.048698 -0.123545
vt -0.0407908 -0.143143
vt -0.048698 0.0613584
vt -0.0407908 0.0462461
vt -0.0634436 0.0462461
vt -0.0634436 -0.117188
vt -0.0407908 -0.117188
vt -22.1758 0.447776
vt -22.228 0.443911
vt -22.2129 0.467056
vt -22.1696 0.462699
vt -22.1321 0.448319
vt -22.1122 0.339587
vt -22.1302 0.317398
vt -22.1374 0.414688
vt -22.3537 0.31205
vt -22.221 0.465932
vt -22.1269 0.43009
vt -22.1179 0.300642
vt -22.2818 0.308572
vt -22.3347 0.320125
vt 0.0743705 0.0412359
vt 0.0631203 0.0747875
vt 0.0786405 0.053017
vt 0.0807257 0.0430522
vt 0.0690795 0.0311163
vt 0.070908 0.0342799
vt 0.0153628 0.0284016
vt 0.0222892 0.0355218
vt 0.0807177 0.0747875
vt 0.0816758 0.054568
vt 0.0674567 0.00884602
vt 0.0578369 0.00884602
vt -0.0474864 -0.0457202
vt -0.0232116 -0.0457202
vt -0.024845 0.130065
vt -0.0232116 0.133057
vt -0.0474864 0.139314
vt 0.0474864 0.146374
vt 0.0474864 0.170145
vt 0.023392 0.165946
vt 0.0250853 0.145775
vt 0.0240552 0.142113
vt -0.0936303 0.10359
vt -0.0520421 0.0923427
vt -0.140078 0.101892
vt 0.0560598 0.0903966
vt -0.0202349 0.0900153
vt -0.147296 0.10359
vt 0.0474864 -0.025293
vt 0.0474864 0.0769818
vt 0.0232116 0.0721948
vt 0.0221084 0.0769818
vt 0.0232116 -0.025293
vt -0.0474864 0.178816
vt -0.0474864 0.155642
vt -0.0227848 0.1637
vt -0.0219161 0.155642
vt -0.0221084 0.178816
vt -0.0474864 0.0672802
vt -0.0254683 -0.189181
vt -0.0223117 -0.18788
vt -0.0474864 -0.198257
vt -0.0219161 0.0672802
vt 0.020696 0.141502
vt 0.0240552 0.142113
vt 0.0204651 0.12935
vt 0.0193178 0.129296
vt 0.061945 0.0262652
vt 0.043954 0.0218713
vt 0.0498025 0.0122172
vt 0.049075 0.0393759
vt 0.0410747 0.0236742
vt 0.0532846 0.0271879
vt 0.0538913 0.0100578
vt 0.0615 0.0347487
vt 0.0410535 0.0205161
vt 0.0455101 0.0407034
vt -0.0958422 0.018808
vt -0.124213 0.018808
vt -0.124621 0.0101081
vt -0.0958422 -0.0014
vt -0.131631 -0.0014
vt -0.0958422 0.0577879
vt -0.121957 0.0577879
vt -0.121957 -0.19417
vt -0.120871 -0.194544
vt -0.0958422 -0.205197
vt -0.124213 -0.205197
vt -0.103547 0.0107157
vt 0.151592 0.00744359
vt 0.14558 0.0181564
vt -0.106378 0.0181564
vt -0.1069 0.018678
vt -0.109508 0.0131289
vt -0.107297 0.00353024
vt -0.0958422 8.32667e-16
vt -0.0958422 0.0086267
vt -0.121957 0.000737722
vt -0.125802 0.0086267
vt -0.121957 1.36696e-15
vt -0.176376 0.07102
vt -0.162856 0.0804541
vt 0.10266 0.0770739
vt -0.189034 0.110668
vt -0.173748 0.101583
vt 0.113443 0.0975867
vt 0.0112841 0.102457
vt 0.0141372 0.110668
vt 0.112872 0.07102
vt 0.114564 0.105881
vt 0.121766 0.100335
vt 0.157494 0.00452255
vt 0.155463 0.0216539
vt 0.175922 0.00476441
vt 0.143205 0.0188117
vt 0.147296 0.0231489
vt -0.112872 -9.18536e-16
vt -0.116079 0.0139167
vt -0.111591 0.0106226
vt -0.111739 0.0231489
vt -0.105491 0.00452255
vt -0.111591 0.0231489
vt 0.176376 -1.23165e-15
vt 0.0936303 0.0231489
vt 0.111591 0.10288
vt 0.111591 0.10359
vt 0.111739 0.10359
vt -0.0675765 0.031509
vt -0.0648401 0.00023189
vt -0.0719016 0.0227017
vt -0.076659 0.0115307
vt -0.0787999 0.0172764
vt -0.0707482 0.031509
vt 0.0360948 0.163606
vt 0.0652092 0.157393
vt 0.0652092 0.186838
vt 0.0360948 0.195003
vt 0.0631995 0.198221
vt 0.0626339 0.200745
vt 0.0348076 0.200745
vt 0.0349978 0.157393
vt -0.0258035 0.0863565
vt -0.032367 0.0768415
vt -0.0343731 0.0779847
vt 0.0271047 0.0165004
vt 0.0418883 -1.05384e-14
vt 0.029908 -4.72018e-15
vt 0.0577396 0.0165004
vt 0.0444234 0.000511714
vt 0.0580826 0.000803761
vt 0.0575154 -2.87097e-15
vt 0.0444098 -6.55205e-15
vt 0.0148161 0.00922405
vt -0.0146252 0.0972767
vt 0.00929619 0.0689514
vt -0.00161401 0.0658125
vt -0.0239998 0.0881185
vt -0.0687308 0.0293335
vt -0.0812586 0.0122225
vt -0.0684734 -8.73954e-15
vt -0.0848204 0.0217819
vt -0.0848902 0.0225028
vt -0.0761285 0.0333996
vt -0.0841617 0.0280651
vt -0.0389263 0.0333996
vt -0.0661645 -8.58341e-15
vt -0.0389944 0.0293335
vt 0.0934065 0.0924286
vt 0.0954656 0.0922651
vt 0.0902246 0.0783211
vt 0.085139 0.0702583
vt 0.0246029 0.197628
vt 0.0690925 0.135646
vt 0.212997 0.0887155
vt 0.201412 0.0793506
vt 0.196437 0.0841776
vt 0.197387 0.0911402
vt 0.191053 0.0838685
vt 0.0351811 -0.0804198
vt 0.0627766 -0.0812149
vt 0.0642246 -0.0496462
vt 0.0626339 -0.0817065
vt 0.036841 -0.0442316
vt 0.0633082 -0.0442316
vt 0.0348076 -0.0817065
vt -0.0349978 -0.0867885
vt -0.0349978 -0.049057
vt -0.0652092 -0.0570522
vt -0.063407 -0.0468121
vt -0.0652092 -0.0867885
vt -0.0346027 -0.0468121
vt -0.129372 0.0150101
vt -0.099527 0.0219309
vt -0.100392 0.0238067
vt -0.130612 0.0238067
vt -0.0991351 0.0150101
vt -0.133681 0.0197111
vt -0.129372 0.222172
vt -0.0959279 0.211686
vt -0.0971353 0.217164
vt -0.0958422 0.198455
vt -0.0958422 0.210982
vt -0.130191 0.222122
vt -0.133664 0.220975
vt -0.127714 0.20713
vt -0.0991351 0.222172
vt -0.130114 0.222782
vt -0.125802 0.198455
vt -0.10124 -0.0581121
vt -0.131697 -0.0581121
vt -0.128341 -0.0931879
vt -0.131697 -0.091734
vt -0.10124 -0.0931879
vt 0.221842 0.028838
vt 0.223663 0.0293161
vt 0.225676 0.0328928
vt 0.224382 0.0280129
vt 0.225789 0.0338465
vt 0.10124 0.184055
vt 0.128341 0.184055
vt 0.128036 0.184645
vt 0.10124 0.188058
vt 0.130316 0.188058
vt -0.176528 0.041515
vt -0.185501 0.0379853
vt -0.183255 0.0425711
vt -0.191469 0.0439533
vt -0.177045 0.00378699
vt -0.185501 0.00436338
vt -0.170795 0.00107109
vt -0.179157 0.0442382
vt -0.170752 0.00424243
vt 0.131562 -0.179611
vt 0.113131 -0.114866
vt 0.0958422 -0.141144
vt 0.107706 -0.0663896
vt 0.0958422 -0.190908
vt 0.131631 -0.190908
vt 0.130612 0.0586173
vt 0.100392 0.0586173
vt 0.0974372 0.00911776
vt 0.0658292 -0.0765069
vt 0.0658292 -0.0279147
vt 0.0539225 -0.0279147
vt 0.0496581 -0.0765069
vt -0.0371955 0.0977924
vt -0.0371955 0.100463
vt -0.0415221 0.103196
vt -0.0658292 0.229678
vt -0.0658292 0.09489
vt -0.0398517 0.09489
vt -0.0539225 0.229678
vt -0.0658292 1.26739e-14
vt -0.0496581 1.14414e-14
vt -0.0368687 0.0660909
vt -0.0658292 0.0970657
vt -0.0370362 0.0970657
vt 0.16217 0.000288995
vt 0.17861 0.00785649
vt 0.175068 0.0151312
vt 0.180935 0.0117135
vt 0.182904 0.0164263
vt 0.175773 0.0164263
vt 0.144123 0.0137698
vt 0.155257 0.0118554
vt -0.0658292 0.0178143
vt -0.0658292 -0.00610114
vt -0.0473983 -0.00610114
vt -0.0398517 0.0178143
vt 0.0658292 -0.0249929
vt 0.0371955 -0.0235312
vt 0.0371061 -0.0245396
vt 0.0658292 0.00577891
vt 0.0371955 0.00431295
vt 0.0370362 0.00577891
vt 0.0370425 -0.0249929
vt -0.0977979 0.0347191
vt -0.0996583 0.0339316
vt -0.0986504 0.0338372
vt -0.0946336 0.0346981
vt -0.0430132 0.0625918
vt -0.0578141 0.0356134
vt -0.0647223 0.0430128
vt -0.0575217 0.0715326
vt 0.0708802 0.0715326
vt 0.0539602 0.0668258
vt 0.102367 0.0625907
vt -0.0591808 0.069012
vt 0.102307 0.0661009
vt 0.237628 0.0264051
vt 0.230558 0.0209389
vt -0.0576792 1.55865e-15
vt -0.0656543 0.0372839
vt 0.25806 1.75207e-15
vt 0.246715 0.00330664
vt 0.24526 6.8695e-16
vt -0.0448519 1.13451e-15
vt 0.176854 0.012899
vt 0.116641 0.000484061
vt 0.143893 0.0271493
vt 0.163321 0.0271493
vt -0.0471345 0.0674836
vt -0.0542657 0.0674836
vt -0.055831 0.0651056
vt -0.0605273 0.0430718
vt -0.0589881 0.0485244
vt -0.0590315 0.0500895
vt -0.0596709 0.0470896
vt -0.0802805 0.0405711
vt -0.0916344 0.0353409
vt -0.0766219 0.0385585
vt 0.0285744 6.96708e-15
vt 0.0279912 0.000868094
vt 0.0348269 0.0058677
vt 0.038422 0.015745
vt -0.0206944 0.00448872
vt -0.0244977 0.00699866
vt 0.0382463 0.0132489
vt 0.025587 6.79773e-15
vt 0.0602782 6.6093e-15
vt -0.0054756 7.64902e-15
vt -0.0244766 0.00621498
vt -0.0278943 0.0086139
vt 0.0607305 0.0032134
vt -0.0294703 0.0109848
vt -0.0313222 0.015745
vt 0.0558969 -0.0753242
vt 0.0558969 -0.0605
vt 0.0260737 -0.0620615
vt 0.0259597 -0.0605
vt 0.0261129 -0.0745621
vt 0.025929 -0.0753242
vt -0.0179654 0.00288714
vt -0.0741645 0.0269978
vt -0.067233 0.0287004
vt -0.0729776 0.0295303
vt -0.0884378 0.0113895
vt -0.0951433 0.0295303
vt -0.0889815 0.0265375
vt -0.00955563 0.00741572
vt -0.00581362 -4.38424e-15
vt -0.0768352 1.38778e-15
vt -0.0736439 0.00601996
vt -0.0558969 0.127454
vt -0.0262573 0.127454
vt -0.0262573 0.183866
vt -0.0558969 0.188607
vt -0.0261316 0.187028
vt -0.0259597 0.188607
vt -0.0558969 -0.00175736
vt -0.0558969 -0.027374
vt -0.0262573 -0.022829
vt -0.025929 -0.027374
vt -0.0262573 -0.00175736
vt 0.0558969 0.18413
vt 0.0262573 0.18413
vt 0.0262573 0.128363
vt 0.0558969 0.128363
vt -0.0646565 -0.0141723
vt -0.0367955 -0.0101934
vt -0.0473983 -0.000223583
vt -0.0367955 -0.0141723
vt -0.0658292 -0.000223583
vt -0.0658292 -0.00383617
vt 0.239284 0.000358162
vt 0.237681 -0.00328375
vt 0.237768 -0.00322705
vt 0.24126 -0.00322705
vt -0.13404 -0.0293252
vt -0.10124 -0.0293252
vt -0.120132 -0.0213483
vt -0.10124 0.00656712
vt -0.12735 0.00266825
vt -0.130316 0.00656712
vt -0.130455 0.00508541
vt -0.133873 -0.0261449
vt -0.134253 -0.0302209
vt -0.0351335 -0.0159491
vt -0.0367955 0.008588
vt -0.0367955 0.00848425
vt -0.0630015 -0.0159491
vt -0.0646565 0.00848425
vt -0.0368366 -0.171728
vt -0.0351335 0.0908164
vt -0.0630015 0.0908164
vt -0.0647047 -0.171728
vt 0.230576 0.0751288
vt 0.232689 0.0853143
vt 0.245214 0.0879465
vt 0.221848 0.0550009
vt 0.213317 0.057754
vt 0.245503 0.0877529
vt -0.0703929 0.00474736
vt -0.0461106 0.017384
vt -0.0637752 0.0230132
vt -0.0512221 0.0256512
vt 0.0371955 0.195153
vt 0.0371955 0.151474
vt 0.0658292 0.158047
vt 0.0647047 0.148393
vt 0.0658292 0.195946
vt 0.0370425 0.195946
vt 0.0371574 0.195387
vt 0.0368366 0.148393
vt -0.10051 0.033571
vt -0.101143 0.0333028
vt -0.100676 0.033403
vt -0.0460198 1.24119e-15
vt -0.0610588 0.0405781
vt -0.061938 0.0351735
vt -0.0609592 0.0410455
vt -0.0544143 1.70176e-15
vt -0.0122377 0.00818532
vt -0.0634274 0.0270758
vt -0.0206382 0.00561751
vt -0.074435 0.00191318
vt -0.0143102 0.00191318
vt -0.0688468 0.0278587
vt -0.0695346 0.0278587
vt -0.0118489 0.00594326
vt -0.00577655 0.000578666
vt -0.0124067 -9.41087e-17
vt -0.0763167 0.00875033
vt -0.0834319 0.0107448
vt -0.0724798 0.0278587
vt -0.0700602 0.0276351
vt -0.00548455 -1.61747e-15
vt -0.0704596 0.0278587
vt -0.0889331 0.0256276
vt 0.0544312 0.0238006
vt 0.0287923 0.0238006
vt 0.0278257 0.0157559
vt 0.0459362 0.0027899
vt 0.0225833 0.0027899
vt 2.04376 0.0255653
vt 2.03675 0.0335989
vt 1.72807 0.0335989
vt 1.71427 0.0247884
vt 1.71509 0.0234062
vt 1.71725 0.0255653
vt 1.73596 0.0451443
vt 1.73543 0.0447725
vt 2.0492 0.0543594
vt 2.04537 0.0543594
vt 1.71876 0.029649
vt -0.0225833 -0.359489
vt -0.0225833 -0.0508121
vt -0.0459362 -0.0508121
vt -0.0459362 -0.359489
vt 1.85402 0.0460916
vt 1.84123 0.0273828
vt 1.83956 0.0474589
vt 1.86526 0.057621
vt 2.16179 0.057621
vt 2.15936 0.0501549
vt 1.82188 0.0314279
vt 1.82065 0.0203403
vt 1.81713 0.0262757
vt 1.86753 0.0501549
vt 2.15556 0.0203403
vt 2.1499 0.0273828
vt 2.16378 0.0563006
vt 1.84636 0.0522231
vt -0.0459362 0.153355
vt -0.0225833 0.153355
vt -0.0320099 0.173765
vt -0.0562762 0.175742
vt -0.0320099 0.175742
vt 0.0562762 -0.0413511
vt 0.0320099 -0.0413511
vt 0.0320099 -0.32686
vt 0.0562762 -0.333188
vt 0.03105 -0.333188
vt 0.155146 0.0200312
vt 0.152014 0.0256125
vt 0.135748 0.0256125
vt 0.110039 0.000456661
vt 0.163479 0.0114751
vt -0.0544312 0.0139877
vt -0.0562762 3.91701e-15
vt -0.03105 8.37091e-15
vt -0.0295783 0.0118523
vt -0.0287923 0.0139877
vt 0.0761324 -0.133971
vt 0.0961538 -0.125784
vt 0.0915774 -0.108812
vt 0.100452 -0.133971
vt 0.0959625 -0.0964818
vt 0.0944088 -0.0965421
vt 0.0761324 -0.108812
vt -0.0761324 -0.0187938
vt -0.0761324 0.0169706
vt -0.0915774 0.0169706
vt -0.0917399 -0.0187938
vt -17.7982 0.0284125
vt -17.8026 0.0302891
vt -17.8071 0.0508462
vt -17.8411 0.0668375
vt -17.8042 0.0668375
vt -17.8146 0.060833
vt -17.8306 0.0184073
vt -17.8628 0.0240238
vt -17.8565 0.0282655
vt -17.8398 0.0598881
vt 0.0761324 0.167202
vt 0.101417 0.167202
vt 0.100452 0.179732
vt 0.0761324 0.179732
vt 2.07342 0.0513574
vt 2.0468 0.0752401
vt 2.06824 0.0506688
vt 2.04674 0.0629544
vt 2.04403 0.0629544
vt 2.0698 0.0392304
vt 2.07334 0.0510352
vt -0.0961596 0.160439
vt -0.0918141 0.160439
vt -0.0927378 0.165477
vt -0.0761324 -0.0835229
vt -0.0917399 -0.0835229
vt -0.0978357 -0.105718
vt -0.0961596 -0.0832012
vt -0.0761324 -0.137402
vt -0.0959077 -0.137402
vt -0.0918141 -0.0832012
vt 0.00425196 0.00760273
vt -0.0579 0.0170499
vt -0.0376923 0.0168892
vt -0.0595743 0.0229053
vt -0.0480903 0.0240938
vt -0.0755962 0.00220431
vt -0.0773062 0.00550712
vt -0.0921414 5.38458e-15
vt -0.0876002 0.00403882
vt -0.0670454 3.69496e-15
vt -0.00857339 0.0153638
vt -0.0955716 0.000277592
vt -0.0761324 0.0186448
vt -0.0959077 0.0186448
vt -0.0958851 0.0185612
vt -0.101417 -0.00238351
vt -0.0761324 -0.00238351
vt -0.0972193 0.0107105
vt -0.0988953 0.0117571
vt 5.08092 -0.0188122
vt 5.10917 -0.0043372
vt 5.102 -0.0118712
vt 5.08097 -0.0188824
vt 2.0827 0.0673792
vt 2.07541 0.0464397
vt 2.07635 0.0552041
vt 2.07473 0.067504
vt 0.330293 0.0217335
vt 0.329221 0.0233928
vt 0.339787 0.0298931
vt 0.343181 0.0304611
vt 0.343948 0.0304611
vt 0.329237 0.0198332
vt 0.522951 0.0304611
vt 0.531127 0.0198332
vt 0.228125 0.0704188
vt 0.242322 0.072599
vt 0.242108 0.0747625
vt 0.229858 0.0793353
vt 0.22644 0.0786172
vt 0.209109 0.0611686
vt 0.218162 0.0627593
vt 0.215673 0.0548037
vt -0.050319 0.0207986
vt -0.0519502 0.0234369
vt -0.0601653 0.0217106
vt -0.0657058 0.00641797
vt 0.241923 0.0758536
vt 0.22932 0.0800829
vt 0.218924 0.0535443
vt 0.245805 0.0776173
vt 0.215153 0.0528958
vt 0.244577 0.0740704
vt -0.210363 0.0482853
vt -0.212963 0.0482853
vt -0.211896 0.0452713
vt -0.210797 0.0452713
vt -0.105285 0.208645
vt -0.129281 0.208645
vt -0.128202 0.194355
vt -0.105285 0.194355
vt -0.131697 0.211517
vt -0.131697 0.208917
vt -0.130605 0.209079
vt -0.0573076 -0.122572
vt -0.0573076 -0.150028
vt -0.0413503 -0.137396
vt -0.034815 -0.150028
vt -0.035807 -0.141758
vt -0.0396765 -0.122572
vt -0.131697 0.0193296
vt -0.102367 0.0214513
vt -0.105285 0.0254558
vt -0.128202 0.0254558
vt -0.131697 0.0108894
vt -0.10124 0.0169894
vt -0.10124 0.0108894
vt -0.18585 0.0152163
vt -0.19815 0.0152163
vt -0.194995 0.011866
vt -0.188974 0.011866
vt 0.13404 -0.0637866
vt 0.129281 -0.0478121
vt 0.105285 -0.0478121
vt 0.102367 -0.0506437
vt 0.10124 -0.0537988
vt 0.10124 -0.0637866
vt -0.215271 0.0359382
vt -0.218552 0.045926
vt -0.21985 0.0448483
vt -0.215271 0.045926
vt -0.204469 0.00573645
vt -0.194684 0.0065369
vt -0.220211 0.0355684
vt -0.220095 0.0352412
vt -0.180549 0.0371987
vt -0.190682 0.0416127
vt -0.190682 0.0065369
vt -0.196856 1.76803e-14
vt -0.181059 2.25514e-15
vt -0.188974 0.045926
vt -0.194995 0.045926
vt -0.215271 0.011866
vt -0.215271 0.0152163
vt -0.217549 0.0152163
vt -0.218552 0.011866
vt 47.3765 0.102234
vt 47.395 0.13817
vt 47.4041 0.136673
vt 47.4156 0.114896
vt 47.4158 0.113993
vt 47.3789 0.101711
vt 47.413 0.122013
vt 0.0263935 0.0683162
vt 0.037656 0.070597
vt 0.0376114 0.0689101
vt 0.0354256 0.06618
vt 0.0205482 0.070597
vt -0.0573076 0.0585723
vt -0.0573076 -0.128844
vt -0.0389161 -0.128044
vt -0.0396765 -0.128844
vt -0.036753 0.0585723
vt -0.036753 -0.130187
vt -0.0573076 -0.00153465
vt -0.0358557 -0.00153465
vt -0.0360115 0.00787442
vt -0.0573076 0.0121336
vt -0.034815 0.0121336
vt 0.562994 0.0210232
vt 0.554328 0.0322888
vt 0.364585 0.0322888
vt 0.359614 0.0265724
vt 0.356685 0.0210232
vt -0.036753 0.320483
vt -0.0573076 0.320483
vt -0.0573076 0.207828
vt -0.036753 0.207828
vt 0.0573076 -0.00407101
vt 0.0573076 0.0063452
vt 0.036753 0.0063452
vt 0.036753 -0.00407101
vt -0.0573076 -0.145986
vt -0.036753 -0.145986
vt -0.036753 0.0895833
vt -0.0573076 0.0895833
vt 0.0573076 0.123678
vt 0.036753 0.123678
vt 0.036753 0.091073
vt 0.0573076 0.0799843
vt 0.036624 0.0812869
vt 0.0358557 0.0799843
vt -1.79043 0.0227805
vt -1.78343 0.0386939
vt -1.79302 0.0367528
vt -1.79683 0.0351461
vt 0.0973412 0.0199851
vt -0.085878 0.0693086
vt 0.0593524 0.0228823
vt -0.257707 0.0569735
vt -0.257282 0.0617616
vt -0.285323 0.0693086
vt -0.057935 0.017899
vt -0.136607 0.0153025
vt -0.260811 0.0441119
vt -0.240525 0.0360136
vt -0.0843182 0.0615591
vt -0.294381 0.0642584
vt 0.0213379 0.0079478
vt 0.0639205 0.0103768
vt -0.0451168 0.00940474
vt 0.0966225 0.0194062
vt 0.144008 0.0424923
vt 0.108818 0.0542913
vt 0.131155 0.0700152
vt 0.141206 0.0674593
vt -0.227195 0.0913075
vt -0.264352 0.0967247
vt -0.23842 0.10531
vt -0.298013 0.0767313
vt -0.231524 0.10511
vt 0.517656 0.0375028
vt 0.328897 0.0374186
vt 0.328674 0.0384949
vt 0.617564 -0.00951551
vt 0.617892 -0.0135186
vt 0.398731 -0.0135186
vt 0.353736 -0.00548017
vt 0.349883 -0.00397311
vt 0.381995 -0.00962054
vt 0.329237 0.0394478
vt 0.531127 0.0394478
vt 0.646892 0.00100148
vt 0.623535 -0.000980378
vt 0.857303 -8.90954e-14
vt 0.869692 0.043996
vt 0.862998 0.043996
vt 0.841982 0.00168
vt 0.843379 -9.00391e-14
vt 0.00703411 0.0162434
vt -0.00549157 0.0301639
vt -0.00412079 0.0308028
vt 0.00981318 0.0204043
vt 0.0115399 0.0190655
vt 0.00695557 0.0144318
vt -0.0117641 0.0332429
vt -0.0132973 0.03542
vt -0.0133807 0.0316359
vt 0.010402 0.0216285
vt -0.00676242 0.0344378
vt -0.00419913 0.0284747
vt -0.0143919 0.0240752
vt -0.0115729 0.0211443
vt 0.0194229 0.0047374
vt 0.0166452 2.82933e-15
vt 0.027998 5.3256e-16
vt 0.0328779 0.00420185
vt -0.00954444 0.0362021
vt -0.0141247 0.0362021
vt -1.90464 0.0372549
vt -1.88923 0.04375
vt -1.89786 0.0241473
vt 0.0636433 0.00559569
vt 0.0636451 0.0109367
vt 0.0415594 0.0109367
vt 0.0400362 0.00559569
vt 0.0391935 0.0072013
vt 0.921874 0.0466358
vt 0.908741 -9.53126e-14
vt 0.899525 0.0182732
vt 0.893981 -9.60343e-14
vt 0.894185 0.0184049
vt 0.875798 0.0218678
vt 0.875794 0.0221684
vt 0.886755 0.0491531
vt 0.913611 0.0466358
vt -0.0640256 0.26785
vt -0.0640256 0.0410948
vt -0.0435042 0.0611307
vt -0.0429339 0.0138868
vt -0.0636433 0.00942927
vt -0.0400362 0.00942927
vt -0.0435042 0.26785
vt 0.373516 0.0369174
vt 0.355809 0.0328045
vt 0.358709 0.0188127
vt 0.375921 0.00956676
vt 0.359384 0.000283311
vt 0.374961 -0.00580898
vt 0.422655 -0.0143297
vt 0.42527 -0.0101224
vt 0.382237 -0.00255428
vt 0.662801 -0.0143297
vt 0.660839 -0.0100174
vt 0.355302 0.0152147
vt 0.356685 0.0418146
vt 0.357798 0.00317069
vt 0.668014 -0.0128497
vt 0.66681 -0.00148222
vt 0.562994 0.0418146
vt 0.560932 0.0370009
vt 0.351365 0.0342095
vt 0.351827 0.0319793
vt 0.686567 0.000775595
vt -0.0256347 0.00723517
vt -0.019595 0.00723517
vt -0.0292347 0.00318445
vt 1.01448 0.226405
vt 1.01869 0.238783
vt 1.02047 0.239473
vt 1.00881 0.230979
vt 0.921874 0.02332
vt 0.913611 0.02332
vt 1.02651 0.239473
vt 0.12459 0.038213
vt 0.13376 0.0241012
vt 0.122492 0.029706
vt -0.038105 0.187488
vt -0.0345044 0.191684
vt -0.036841 0.191843
vt -0.0344881 0.197228
vt -0.063407 0.158355
vt -0.0346027 0.158355
vt -0.0345245 0.184894
vt -0.0357573 0.197959
vt -0.0633082 0.191843
vt -0.0387622 0.0524147
vt -0.0636451 0.0571837
vt -0.0640596 0.0255531
vt -0.0486245 0.0216551
vt -0.06287 0.00665108
vt -0.0484033 0.00665108
vt -0.0415594 0.0571837
vt 0.0158515 0.00602099
vt 0.0117451 0.00961885
vt 0.0438157 0.00575967
vt 0.0449642 0.00532053
vt 0.0156558 0.00568908
vt 0.116021 -0.0899879
vt 0.142935 -0.0899879
vt 0.13357 -0.0624136
vt 0.116021 -0.0624136
vt -0.131864 0.188943
vt -0.116021 0.176066
vt -0.13357 0.202668
vt -0.134089 0.203783
vt -0.116021 0.202668
vt -0.139102 0.176066
vt 0.142935 0.209433
vt 0.116021 0.209433
vt 0.141421 0.208877
vt 0.116021 0.183851
vt 0.143141 0.183851
vt 0.142876 0.209052
vt -10.4495 0.0551734
vt -10.5128 0.0594085
vt -10.4812 0.0548823
vt -10.4549 0.0505398
vt -10.5083 0.0498075
vt -10.5131 0.0594058
vt -10.5173 0.0545441
vt -10.526 0.0185005
vt -10.5188 0.0265095
vt -10.5256 0.0175754
vt -10.4479 0.0468089
vt 0.954954 0.20714
vt 0.964563 0.218776
vt 0.957115 0.222177
vt 0.869692 0.022
vt 0.965181 0.219264
vt 0.946613 0.213874
vt 0.862998 0.022
vt -0.0435042 -7.81493e-16
vt -0.0435042 0.0107204
vt -0.0640256 0.00728233
vt -0.0420048 0.0199808
vt -0.0613262 0.0199808
vt -0.0626252 0.0159316
vt -0.0640256 -6.33174e-17
vt -0.0842331 0.146355
vt -0.0842331 0.212471
vt -0.102131 0.179329
vt -0.104396 0.212471
vt -0.104316 0.211688
vt -0.102647 0.146355
vt -0.0842331 0.0207614
vt -0.101042 0.0207614
vt -0.102362 0.00793114
vt -0.0842331 -1.56125e-16
vt -0.104396 -3.67761e-16
vt 0.0420793 -0.0971786
vt 0.062044 -0.0971786
vt 0.0619739 -0.0039275
vt 0.0420048 0.00191865
vt 0.0613262 0.00191865
vt 0.0420793 0.190635
vt 0.0420992 0.0654092
vt 0.06287 0.182016
vt 0.0418531 0.064297
vt 0.062044 0.190635
vt 0.0418531 0.192996
vt 0.06287 0.05205
vt 0.0484033 0.05205
vt -0.116021 -0.0397946
vt -0.137442 -0.0452389
vt -0.137442 -0.0892106
vt -0.116021 -0.108077
vt -0.139102 -0.0397946
vt -0.139013 -0.0409302
vt -0.143141 -0.108077
vt 0.116054 0.0513496
vt 0.120326 0.0447752
vt 0.0366445 0.0859226
vt 0.0250583 0.0965461
vt 0.0280968 0.0845411
vt 3.01464 0.101076
vt 2.91121 0.0223662
vt 2.93168 0.0188824
vt 3.01586 0.0776876
vt 2.87112 0.000164333
vt 3.02077 0.088581
vt 3.02111 0.0905219
vt 2.89242 0.0200326
vt 0.622041 0.0415199
vt 0.623705 0.0473419
vt 0.632476 0.0473419
vt -0.176766 0.0171318
vt -0.242877 0.0163273
vt -0.205475 0.00695267
vt -0.238115 0.00754002
vt -0.166605 0.0352367
vt -0.170856 0.014068
vt -0.156385 0.0226593
vt -0.172684 0.0135153
vt -0.182779 0.010791
vt -0.22847 0.064192
vt -0.221003 0.0542894
vt -0.263126 0.0317692
vt -0.250403 0.0290036
vt -0.155535 0.026826
vt -0.149656 0.0266545
vt -0.142914 0.030657
vt -0.0842331 0.00721249
vt -0.101852 0.00721249
vt -0.101042 -0.0504252
vt -0.101852 -0.0555619
vt -0.0842331 -0.0504252
vt 0.101852 0.145766
vt 0.101852 0.184545
vt 0.0842331 0.184545
vt 0.0842331 0.145766
vt -0.0842331 -0.0598121
vt -0.102376 -0.0604263
vt -0.101852 -0.0681285
vt -0.0842331 -0.0745541
vt -0.102647 -0.0598121
vt -0.101852 -0.0745541
vt -0.0285314 0.0773766
vt -0.0194853 0.0727455
vt -0.0179042 0.0805134
vt 4.65966e-05 0.0753779
vt -0.00614232 0.0827062
vt -0.00286987 0.0518065
vt 0.000204742 0.0572024
vt -0.0198391 0.0858682
vt -0.0617961 0.016943
vt -0.0617961 2.21004e-15
vt -0.0426216 8.32667e-17
vt -0.0406258 0.0117229
vt -0.0383524 0.016943
vt 0.0224532 0.0137206
vt 0.0279288 0.000175002
vt 0.0336973 0.00133939
vt 0.0484826 0.0155664
vt 0.0361289 0.0155664
vt 0.0372989 0.0107954
vt 0.0458135 -7.95718e-15
vt 0.048577 0.0112434
vt 0.0139774 0.00870193
vt 0.049551 0.0112889
vt 0.0336618 -8.69964e-15
vt -0.0617961 0.00337501
vt -0.0617961 -0.0630365
vt -0.041933 -0.0516202
vt -0.0383524 -0.0630365
vt -0.0411846 0.00337501
vt -9.92737 0.0289875
vt -9.92513 0.0383126
vt -9.88397 0.0537874
vt -9.85803 0.0520504
vt -9.85665 0.0450213
vt -9.87683 0.0506754
vt 0.0617961 0.179252
vt 0.0421332 0.179252
vt 0.0426216 0.0931133
vt 0.0421332 0.0922694
vt 0.0617961 0.0931133
vt -0.0617961 -0.0307186
vt -0.0617961 -0.117321
vt -0.0448753 -0.0966949
vt -0.0411846 -0.117321
vt -0.0438942 -0.0307186
vt 0.0617961 0.0095635
vt 0.0421332 0.0095635
vt 0.0421332 -0.104972
vt 0.0617961 -0.104972
vt -0.0421332 0.249715
vt -0.0438942 0.168662
vt -0.0425795 0.161604
vt -0.0617961 0.249715
vt -0.0617961 0.168662
vt -0.0421332 0.159208
vt -3.54283 0.220326
vt -3.54995 0.218445
vt -3.52268 0.163414
vt -3.55 0.220326
vt -3.51645 0.159846
vt -3.5248 0.164625
vt -3.52268 0.163414
vt -3.5225 0.163051
vt -3.52242 0.159799
vt -0.0568616 -3.86149e-15
vt -0.0386178 0.000405159
vt -0.0386178 0.0618217
vt -0.0386178 -1.1241e-15
vt -0.0568616 0.0764028
vt -0.0334939 0.0764028
vt 0.0334939 0.00143229
vt 0.0334939 -0.0961879
vt 0.0568616 -0.0961879
vt 0.0568616 0.00143229
vt 0.0568616 0.199355
vt 0.0568616 0.208645
vt 0.0386178 0.202482
vt 0.0334939 0.208645
vt 0.0386178 0.199355
vt -0.0568616 -0.0678121
vt -0.0568616 -0.0731879
vt -0.0386178 -0.0710652
vt -0.0386178 -0.0731879
vt -0.0386178 -0.0678121
vt -0.0386178 0.0155563
vt -0.0568616 0.0155563
vt -0.0568616 -0.0169706
vt -0.0386178 -0.0169706
vt -3.75447 0.233545
vt -3.71587 0.155003
vt -3.72441 0.158671
vt -3.7526 0.119784
vt -3.75867 0.125135
vt -3.75601 0.129537
vt -3.75833 0.22713
vt -3.74826 0.118772
vt -3.74673 0.129757
vt -3.72428 0.153296
vt -3.76056 0.130889
vt -3.76299 0.233545
vt 16.1662 0.0808985
vt 16.1677 0.0768417
vt 16.0993 0.0332456
vt 16.074 0.0329011
vt 16.2537 0.0808985
vt 16.2542 0.0731228
vt 16.3196 0.030375
vt 16.3051 0.0304689
vt 16.3185 0.014715
vt 16.299 0.0146738
vt 16.2059 0.013586
vt 16.2129 0.0183727
vt 16.0827 0.0301399
vt 16.314 0.00681807
vt 2.83188 0.0737975
vt 2.84979 0.0835669
vt 2.84515 0.0732902
vt 2.84636 0.091507
vt 2.85011 0.085398
vt 2.76574 0.0178136
vt 2.7409 0.0101363
vt 2.74394 0.0135651
vt 2.75186 0.0178932
vt 2.76728 0.0188911
vt 2.83647 0.0672275
vt 0.588401 0.0446621
vt 0.586831 0.0391698
vt 0.596676 0.0446621
vt 0.155112 -1.66568e-14
vt 0.169577 -1.72987e-14
vt 0.157592 0.0493271
vt 0.13265 0.0657777
vt 0.150875 0.0657777
vt 5.58121 -1.0969e-13
vt 5.72067 0.302812
vt 5.69303 0.17276
vt 5.73889 0.302812
vt 5.59743 -1.0969e-13
vt 12.1552 0.0894954
vt 12.1625 0.10396
vt 11.9974 0.10396
vt 11.9966 0.102249
vt 11.9972 0.080827
vt -0.00346658 0.0874361
vt 0.0121713 0.0817459
vt 0.0148236 0.0941779
vt 0.00803197 0.104404
vt -0.0160638 0.104404
vt 0.109549 0.0771036
vt 0.102037 0.0900202
vt -0.166603 0.0809015
vt 0.113135 0.0889252
vt 0.102885 0.096817
vt -0.166901 0.0874361
vt -0.1697 0.0905999
vt -0.0603938 -0.063836
vt -0.0603938 0.0234766
vt -0.0796312 0.0234766
vt -0.0796312 -0.063836
vt -0.0796312 0.121212
vt -0.0796312 0.0540187
vt -0.0636872 0.0600245
vt -0.0603938 0.0540187
vt -0.0633979 0.121212
vt -0.0796312 0.0645995
vt -0.0796312 -0.0515634
vt -0.0658854 -0.042243
vt -0.0633979 -0.0515634
vt -0.0658854 0.0645995
vt -21.0675 -0.00412889
vt -21.0744 -0.00417722
vt -21.0937 0.100911
vt -21.0844 0.110071
vt -22.3426 2.88658e-14
vt -22.3307 0.0096688
vt -22.3872 0.0761635
vt -22.2707 3.06422e-14
vt -22.3191 0.00974895
vt -22.3306 0.152575
vt -22.3401 0.124004
vt -22.3309 0.13679
vt -22.3121 0.00979769
vt -22.1068 0.0112208
vt -22.4078 0.0765689
vt -22.1066 9.32587e-15
vt -22.3169 0.152575
vt -0.0530218 -0.128782
vt -0.0392818 -0.128377
vt -0.0426094 -0.0129743
vt -0.0567221 -0.000451771
vt -0.0397266 -0.000451771
vt -0.0652063 -0.178007
vt -0.0658854 0.0263122
vt -0.0796312 -0.179019
vt -0.0651636 0.0335337
vt -0.078232 -0.182818
vt -0.0658854 0.0332844
vt -0.0603938 0.0448451
vt -0.0796312 0.0448451
vt -0.0796312 0.0332844
vt -0.0796312 0.0262527
vt -0.0397266 0.170414
vt -0.0571821 0.170414
vt -0.0571821 0.0633943
vt -0.0397266 0.042309
vt -0.0567221 0.042309
vt -0.062081 0.0363349
vt -0.062081 0.00382242
vt -0.0499143 0.00382242
vt -0.0481952 0.0363931
vt -20.8641 0.317892
vt -20.8605 0.320365
vt -20.8744 0.405745
vt -20.8611 0.316323
vt -20.8915 0.411479
vt -20.8793 0.422942
vt -20.9147 0.436508
vt -20.8737 0.286716
vt -20.8843 0.314189
vt -21.0692 0.316655
vt -20.9213 0.43717
vt -21.0849 0.298405
vt -0.062081 -0.145142
vt -0.0510126 -0.145142
vt -0.0510126 0.0431827
vt -0.062081 0.0463539
vt -0.0499143 0.0463539
vt 0.062081 -0.185133
vt 0.062081 -0.0119248
vt 0.0510126 -0.0174332
vt 0.0510126 -0.185133
vt -0.524791 0.206215
vt -0.524746 0.210263
vt -0.535969 0.210263
vt -0.556469 0.198896
vt -0.479741 0.00692781
vt -0.473999 0.0260678
vt -0.297028 0.202972
vt -0.301607 0.203358
vt -0.357002 0.15379
vt -0.575193 0.20696
vt -9.66603 0.149019
vt -9.60367 0.166576
vt -9.27029 0.166576
vt -9.67274 0.158824
vt -9.71543 0.138452
vt -9.11295 0.150441
vt -9.17656 0.149019
vt -9.73448 0.121798
vt -9.75892 0.121798
vt -9.74045 0.133469
vt -9.10956 0.130079
vt -9.17569 0.148192
vt -0.00187282 -0.0431408
vt 0.0368415 0.0134538
vt 0.08358 0.0134538
vt 0.101195 0.00988443
vt 0.0698729 -0.00165285
vt 0.0534982 -0.000476871
vt 0.0593264 0.115285
vt 0.0537538 -0.00165285
vt 0.0656214 0.115285
vt -0.00419046 -5.70128e-16
vt 0.112824 -4.35849e-15
vt 0.110731 0.00190875
vt -0.0024444 0.00190875
vt -22.1042 0.162809
vt -22.1059 0.159944
vt -22.1059 0.159887
vt -22.2482 0.169312
vt -22.2459 0.156407
vt -22.1059 0.159823
vt -22.3306 0.07632
vt -22.3169 0.07632
vt -22.1052 0.158918
vt -22.1048 0.169312
vt -22.1045 0.158222
vt 0.0741169 0.03512
vt 0.0738667 0.034
vt 0.0834151 0.034
vt 0.0836653 0.03512
vt -20.864 0.14985
vt -20.8605 0.146286
vt -20.8612 0.147191
vt -20.8612 0.147255
vt -20.8613 0.149919
vt 0.0577442 1.78156e-15
vt 0.0577266 6.83785e-05
vt 0.0672751 6.83785e-05
vt 0.0672926 -5.06539e-16
vt -0.0479965 -0.0450443
vt -0.0479965 -0.04238
vt -0.0571821 -0.0449871
vt -0.0571821 -0.0450443
vt -0.0738667 0.0675832
vt -0.0379024 5.92408e-16
vt -0.0502657 4.09221e-15
vt -0.0748555 0.0724618
vt -0.0832219 0.0666297
vt -0.0834151 0.0675832
vt -0.0756277 0.0762717
vt -0.0571821 0.0925346
vt -0.0571821 -0.0475391
vt -0.0479965 -0.00991132
vt -0.0479965 0.0898394
vt -0.0397266 -0.0475391
vt -0.0479965 0.0925346
vt 0.065926 0.0175574
vt 0.179101 0.0175574
vt 0.140056 0.006
vt 0.171224 0.0114035
vt 0.0457211 0.006
vt 0.040685 0.0100505
vt 0.0672993 0.0163155
vt 0.219686 -0.0537538
vt -0.269785 -0.0537538
vt -0.163014 -0.0700171
vt 0.158154 -0.0700171
vt -0.269785 -0.0698729
vt -0.20952 -0.0727924
vt -0.272184 -0.070842
vt 0.219686 -0.0735588
vt -0.274035 -0.0708821
vt -9.06324 0.15679
vt -8.74208 0.15679
vt -8.74555 0.157147
vt -9.06007 0.157147
vt 11.4705 0.0909808
vt 11.4671 0.0844296
vt 11.4636 0.084238
vt 11.4172 0.0878859
vt 0.0951136 0.0387565
vt 0.117911 -0.0621544
vt 0.120252 -0.00885357
vt 0.0951136 -0.24536
vt 0.121783 -0.24536
vt 0.11666 0.0555891
vt 49.8791 0.0304731
vt 49.8597 0.0263467
vt 49.8596 0.00154499
vt 49.8823 -0.0199401
vt 49.8523 -0.0132698
vt 49.8593 0.0304731
vt 49.8474 -0.0199401
vt -0.216903 0.0943259
vt -0.218419 0.0991603
vt -0.224925 0.099349
vt -0.241699 0.0937955
vt 0.127275 0.0429643
vt 0.133585 0.0603312
vt 0.117108 0.0613894
vt 0.110078 0.0529562
vt 0.102659 0.0512182
vt 0.105643 0.0502175
vt 0.135856 0.0400871
vt -0.0873481 -0.110725
vt -0.0689933 -0.110725
vt -0.0689933 -0.0451289
vt -0.0873481 -0.025276
vt -0.0677916 -0.025276
vt -0.0873481 0.208645
vt -0.0873481 0.163467
vt -0.0689933 0.168539
vt -0.0677916 0.163467
vt -0.0689933 0.208645
vt 0.264876 0.139351
vt 0.254807 0.129044
vt 0.24715 0.173567
vt 0.241306 0.103667
vt 0.189117 0.0743959
vt 0.259234 0.189798
vt 0.264735 0.132453
vt 0.169075 0.0855231
vt 0.17667 0.0880959
vt 0.178643 0.189798
vt 0.185035 0.179267
vt 0.182316 0.0533165
vt -0.0689933 -1.07304e-05
vt -0.0689933 0.0184996
vt -0.0873481 0.0184996
vt -0.0873481 -1.07304e-05
vt 0.0689933 0.208645
vt 0.0689933 0.117091
vt 0.0873481 0.117091
vt 0.0873481 0.208645
vt 0.0689933 -0.0871879
vt 0.0873481 -0.0871879
vt 0.0873481 -0.0248121
vt 0.0689933 -0.0248121
vt 0.0951136 0.172804
vt 0.112543 0.172804
vt 0.112543 0.209748
vt 0.0951136 0.217377
vt 0.121783 0.217377
vt -0.0951136 -0.0028345
vt -0.112543 -0.0028345
vt -0.112543 -0.0199947
vt -0.0951136 -0.0199947
vt -0.0951136 -0.233162
vt -0.0951136 0.0744533
vt -0.103054 0.0744533
vt -0.112543 -0.233162
vt -0.112543 0.0821439
vt 5.39685 0.285672
vt 5.35694 0.162704
vt 5.38103 0.194949
vt 5.26529 -1.02807e-13
vt 5.27263 -1.03251e-13
vt 5.37079 0.162982
vt 5.38228 0.195594
vt 5.36742 0.156902
vt 5.41302 0.285672
vt 0.154066 0.00406702
vt 0.144082 0.0529904
vt 0.148672 0.046535
vt 0.14579 0.0535932
vt 0.141307 0.0620544
vt 0.126175 0.0590279
vt 0.159978 -1.6518e-14
vt 0.154912 -1.66152e-14
vt 0.125141 0.0620544
vt -0.0691781 0.235015
vt -0.0691781 0.129355
vt -0.0503492 0.138817
vt -0.0497635 0.129355
vt -0.0503492 0.235015
vt -0.0691781 0.0805633
vt -0.0691781 -0.0391336
vt -0.051 -0.03788
vt -0.0503492 -0.0391336
vt -0.051 0.0805633
vt -0.0691781 -0.112154
vt -0.051 -0.112154
vt -0.051 -0.0431352
vt -0.0691781 -0.0418121
vt -0.0497635 -0.0418121
vt 0.0691781 -0.0316294
vt 0.0691781 -0.0238352
vt 0.051 -0.0238352
vt 0.051 -0.0316294
vt -0.177385 0.322184
vt -0.247829 0.208206
vt -0.244789 0.245447
vt -0.183029 0.347981
vt -0.174317 0.335588
vt -0.174282 0.343815
vt -0.259188 0.343462
vt -0.252045 0.350857
vt -0.181869 0.355688
vt -0.249717 0.205887
vt -0.259234 0.361231
vt -0.178643 0.361231
vt 0.258883 0.00695926
vt 0.259619 0.0102465
vt 0.266424 0.0102465
vt -0.0870795 0.0488023
vt -0.0468161 6.76542e-15
vt -0.0655376 0.00382127
vt -0.180807 7.20257e-15
vt -0.165134 0.00816063
vt -0.0963533 0.0439735
vt -0.0327879 -0.140531
vt -0.0327879 -0.0848121
vt -0.0501314 -0.0899162
vt -0.0483955 -0.0848121
vt -0.0501314 -0.140531
vt -0.0327879 0.245721
vt -0.0483955 0.245721
vt -0.0483955 0.160355
vt -0.0327879 0.160355
vt 0.0501314 -0.16218
vt 0.0501314 -0.0624895
vt 0.0327879 -0.101067
vt 0.0327879 -0.0524364
vt 0.0483955 -0.0524364
vt 0.0323186 -0.165188
vt 0.0327879 -0.165188
vt 0.0327879 -0.16218
vt 0.0327879 0.148075
vt 0.0323186 0.148075
vt 0.0327879 0.142032
vt -0.0821504 0.0460399
vt -0.0875811 0.0415412
vt -0.0536578 -0.00266015
vt -0.0506531 -0.00279106
vt -0.0452927 1.84436e-14
vt -0.170573 5.68989e-15
vt -0.163298 0.0021168
vt -0.114713 6.14092e-15
vt -0.0441661 6.29705e-15
vt -0.176845 0.330193
vt -0.237957 0.228733
vt -0.196712 0.256431
vt -0.167345 0.303947
vt -0.16445 0.316593
vt -0.232798 0.203426
vt -0.164417 0.324353
vt -0.168531 0.340784
vt -0.175684 0.3379
vt -0.233801 0.19642
vt -0.233209 0.197379
vt -0.235582 0.194233
vt -0.24456 0.340784
vt -0.244541 0.33316
vt 0.251343 0.00966648
vt 0.244923 0.00966648
vt 0.244229 0.00656534
vt 0.170485 0.0765679
vt 0.178851 0.167739
vt 0.168163 0.164006
vt 0.16891 0.0578052
vt 0.182933 0.0628678
vt 0.160336 0.0786997
vt 0.168531 0.179055
vt 0.240966 0.162039
vt 0.247762 0.122514
vt 0.249883 0.131463
vt 0.160322 0.0786949
vt 0.24975 0.124956
vt 0.24456 0.179055
vt 0.173667 0.0517249
vt 0.227647 0.0977995
vt 0.23336 0.104819
vt 0.167071 0.163137
vt 0.0323443 0.211645
vt 0.0323443 0.12598
vt 0.0490647 0.12598
vt 0.0490647 0.211645
vt -0.0490647 0.0169706
vt -0.0490647 -0.0486147
vt -0.0326348 -0.0472486
vt -0.0323443 -0.0486147
vt -0.0326348 0.0169706
vt 0.0490647 -0.103188
vt 0.0490647 -0.0722579
vt 0.0326698 -0.0722579
vt 0.0323482 -0.103174
vt 0.0323443 -0.103188
vt -0.0326348 0.000514719
vt -0.0326348 0.026726
vt -0.0326698 0.0264566
vt -0.0490647 0.000514719
vt -0.0490647 0.0264566
vt -0.0490647 0.206373
vt -0.0490647 0.172355
vt -0.0326348 0.172355
vt -0.0326348 0.206373
vt -0.0772972 0.0413354
vt -0.109122 0.0621747
vt -0.110338 0.0545103
vt -0.153549 0.0621747
vt -0.144355 0.0545103
vt -0.223855 0.00911096
vt -0.190731 0.00813454
vt -0.222181 0.00618804
vt -0.100614 3.75221e-15
vt -0.105066 0.00813454
vt -0.0919941 0.0361666
vt -0.205327 4.02456e-15
vt -0.144858 0.0586554
vt -0.193705 4.06619e-15
vt -0.209605 0.00583777
vt -0.13231 0.0454098
vt -0.17772 3.76782e-15
vt -0.102945 0.0586554
vt -0.0982928 0.0454098
vt -0.0729219 0.0389956
vt -0.0797587 0.0268756
vt -0.211184 0.00859524
vt -0.204346 0.0435715
vt -0.205569 0.0566513
vt -0.205526 0.0565955
vt -0.225699 0.0510518
vt -0.215537 0.0605585
vt -0.233747 0.0182857
vt -0.246689 0.0284759
vt -0.145101 0.0228208
vt -0.134825 0.0289217
vt -0.205122 0.0564762
vt -0.225825 0.0512924
vt -0.230466 0.0127605
vt -0.315195 0.0923344
vt -0.409448 0.0844611
vt -0.3907 0.0923344
vt 0.0698465 -0.113188
vt 0.0698465 -0.0154491
vt 0.054243 -0.0181854
vt 0.054243 -0.112767
vt 0.053862 -0.0154491
vt 0.0542334 -0.113188
vt 0.111986 0.040027
vt 0.109485 0.048443
vt 0.0912739 0.0574884
vt 0.0253987 0.0841323
vt 0.0885306 0.0578152
vt 0.121727 0.0249565
vt 0.121164 0.0378422
vt 0.115997 0.0384219
vt 0.10974 0.030919
vt 0.0269693 0.0876531
vt 0.0236399 0.0910812
vt 0.023058 0.083754
vt 0.0296742 0.0880841
vt -0.0698465 -0.0678676
vt -0.0535902 -0.0678676
vt -0.053862 0.00054304
vt -0.0698465 0.00054304
vt -0.325579 0.0205801
vt -0.329531 0.0256034
vt -0.487668 0.0541279
vt -0.507819 0.0585344
vt -0.509497 0.0575021
vt -0.414142 0.0978744
vt -0.510674 0.0445183
vt -0.289379 0.0787248
vt -0.301655 0.0734511
vt -0.424363 0.0800591
vt -0.326963 0.0881952
vt -0.322249 0.0978744
vt -0.515443 0.0510539
vt 0.0698465 0.179645
vt 0.0542334 0.179645
vt 0.054243 0.179575
vt 0.0698465 0.150355
vt 0.054243 0.150355
vt -0.0698465 0.150355
vt -0.054243 0.150355
vt -0.054243 0.308384
vt -0.0698465 0.311044
vt -0.0535902 0.311044
vt -0.054243 -0.113188
vt -0.054243 -0.0578121
vt -0.0698465 -0.0578121
vt -0.0698465 -0.113188
vt -0.0387232 0.287591
vt -0.0623476 0.287591
vt -0.0664663 0.266371
vt -0.0664663 0.0992812
vt -0.0613772 0.161941
vt -0.0451983 0.0992812
vt -0.0504632 0.13225
vt -0.0457211 0.0116278
vt -0.140056 0.0116278
vt -0.0999466 0.00582723
vt -0.108574 0.00062105
vt -0.10876 3.05615e-15
vt -0.0479893 0.0097685
vt 11.3078 0.0815288
vt 11.3174 0.0820844
vt 11.3075 0.0801999
vt -0.0604983 0.0393867
vt -0.0442582 0.0500978
vt -0.0451983 0.0512299
vt -0.0664663 0.0512299
vt -0.0664663 0.0393867
vt -0.0445819 0.0514302
vt 0.0951136 0.0481274
vt 0.124642 0.0910595
vt 0.109014 0.104069
vt 0.125062 0.100628
vt 0.111106 0.114181
vt 0.0951136 0.104069
vt 0.0297936 -1.75119e-13
vt 0.0930613 -1.74218e-13
vt 0.0737003 0.0129624
vt 0.0500027 0.359272
vt 0.049471 0.332715
vt 0.0422792 0.363193
vt 0.0298542 0.00494249
vt 0.083576 0.0269961
vt 0.00932977 0.364675
vt 0.0145207 0.35731
vt -0.0270086 0.349714
vt -0.0179052 0.294518
vt -0.0079138 0.196273
vt -0.0163803 0.285272
vt -0.0285762 0.36007
vt 0.0276126 0.00204465
vt -0.0171178 0.291693
vt -0.114956 0.0788506
vt -0.0619216 0.11446
vt -0.0665593 0.0818046
vt -0.0689738 0.0788506
vt -0.0664663 0.00502639
vt -0.0413967 0.00502639
vt -0.0604983 0.0505717
vt -0.0377942 0.0287407
vt -0.0522794 0.0568221
vt -0.0664663 0.0505717
vt -0.0951136 0.169061
vt -0.0951136 0.211279
vt -0.113611 0.200422
vt -0.109014 0.211279
vt -0.134435 0.192512
vt -0.12325 0.169061
vt -0.121876 -0.059121
vt -0.100602 -0.0567952
vt -0.103944 -0.0241564
vt -0.0978603 -0.059121
vt -0.121876 -0.0241564
vt -0.0951136 0.0290093
vt -0.12325 0.0290093
vt -0.125224 0.0260047
vt -0.119435 0.0106429
vt -0.103054 -0.0137275
vt -0.13071 0.0207328
vt -0.0951136 -0.0137275
vt -0.121876 4.18762e-15
vt -0.0920103 2.36443e-15
vt -0.0920103 0.0252051
vt -0.0978603 0.0300702
vt -0.121876 0.0300702
vt 0.121876 0.231825
vt 0.0920103 0.231825
vt 0.0920103 0.126965
vt 0.121876 0.126965
vt 0.0920103 -0.0579126
vt 0.0920103 -0.11441
vt 0.121876 -0.11441
vt 0.121876 -0.0579126
vt 0.266308 0.0126655
vt 0.215109 0.0508675
vt 0.231839 0.0478963
vt 0.144375 0.134944
vt 0.165241 0.128892
vt 0.238075 0.137268
vt 0.221735 0.128329
vt 0.305255 0.0181837
vt 0.292101 0.0261879
vt 0.25773 0.0326024
vt 0.236857 0.124115
vt 0.304292 0.0165672
vt -0.121876 7.10678e-05
vt -0.121876 -0.0156274
vt -0.0920103 -0.0128277
vt -0.0910442 -0.0156274
vt -0.0920103 7.10678e-05
vt -0.0910442 0.177857
vt -0.121876 0.0791094
vt -0.0976525 0.12251
vt -0.103944 0.0791094
vt -0.0936439 0.0988608
vt -0.121876 0.191544
vt -0.0904969 0.177801
vt -0.0910442 0.191544
vt 0.0413967 0.134528
vt 0.0664663 0.134528
vt 0.0354578 0.189908
vt 0.0664663 0.212247
vt 0.0354578 0.212247
vt 0.034966 0.189908
vt 0.0354578 -0.0951969
vt 0.0354578 -0.0954435
vt 0.034966 -0.0951969
vt -0.257046 0.035661
vt -0.263879 0.175083
vt -0.264715 0.174063
vt -0.285735 0.0662192
vt -0.277729 0.0209388
vt -0.222344 0.0197556
vt -0.164799 0.0220836
vt -0.209418 0.00816916
vt -0.0591987 0.0558474
vt -0.0614088 0.0526833
vt -0.161112 0.0212961
vt -0.128303 0.0963665
vt -0.126055 0.0880864
vt -0.195009 0.0522304
vt -0.0484406 0.0741204
vt -0.0528314 0.0649631
vt -0.229592 0.0125409
vt -0.24584 0.0265145
vt -0.232329 0.0261234
vt -0.0475662 0.0725011
vt 0.0227643 0.0207175
vt 0.00802554 -1.419e-15
vt 0.0118851 9.47159e-16
vt 0.0321991 -5.86683e-15
vt 0.0380892 0.0308506
vt 0.0275071 0.0149399
vt 0.0230043 -9.95731e-16
vt 0.973978 0.0220137
vt 0.948552 0.0220137
vt 1.00264 -0.00533598
vt 1.07193 -0.0144599
vt -49.4718 -1.11022e-14
vt -49.4951 0.00844941
vt -49.4799 0.0188281
vt -49.5362 -0.0360632
vt -49.4771 0.0197761
vt 49.8672 2.70949
vt 49.8735 2.70949
vt 49.8739 2.65373
vt 49.8457 2.59592
vt 49.8653 2.72207
vt 49.8661 2.7121
vt 49.8783 2.72349
vt 49.8394 2.60662
vt 49.8397 2.60675
vt 49.8492 2.58414
vt 49.8406 2.6076
vt 49.8772 2.72709
vt -0.0235447 -0.042465
vt -0.0234837 -0.0424595
vt -0.0234586 -0.0412455
vt -0.0235044 -0.0412295
vt -0.140037 0.0767806
vt -0.120217 0.0870869
vt -0.128345 0.0840081
vt -0.119719 0.0905437
vt -0.140111 0.0770158
vt -0.121041 0.0909118
vt -0.127769 0.0869132
vt -0.119829 0.0869645
vt 0.0664663 -0.0990761
vt 0.038122 -0.0217629
vt 0.035009 -0.0969699
vt 0.0381966 -0.0199611
vt 0.0381488 -0.0199689
vt 0.0664663 -0.0222882
vt 0.0623476 -0.00723785
vt 0.0354578 -0.0990761
vt 0.0358685 -0.0986252
vt 0.0387232 -0.00723785
vt 0.0354578 -0.0986696
vt -0.0569976 0.0450579
vt -0.0556073 0.0483578
vt -0.055983 0.0485292
vt -0.086983 -0.034213
vt -0.0569976 -0.034213
vt -0.086983 0.0485292
vt 0.086983 -0.126371
vt 0.086983 -0.0484968
vt 0.0551727 -0.0501766
vt 0.055983 -0.0484968
vt 0.0570331 -0.126371
vt 49.8098 2.67826
vt 49.8399 2.60925
vt 49.8386 2.60889
vt 49.8241 2.60339
vt 0.086983 0.166355
vt 0.086983 0.212122
vt 0.0570331 0.212122
vt 0.0569976 0.166355
vt 0.0569976 0.227615
vt 0.00711731 0.00658149
vt -0.0174025 3.64465e-15
vt -0.0156207 0.00661011
vt 0.00376487 0.0108565
vt 0.00813672 0.0113401
vt -0.0212178 7.32747e-15
vt 0.0094931 0.00996101
vt -0.184418 0.0709212
vt -0.170276 0.109775
vt -0.161582 0.111852
vt -0.19299 0.111852
vt -0.160185 0.110654
vt -0.178448 0.0487459
vt -0.195105 0.109775
vt 0.0566034 2.67147e-16
vt 0.0563208 0.0743541
vt 0.0563845 0.0740395
vt 0.0852589 -1.67227e-15
vt 0.056382 0.0743541
vt 0.0592434 0.0742785
vt -0.0519546 0.121936
vt -0.0263889 0.121936
vt -0.0315409 0.145015
vt -0.0519546 0.146764
vt -0.0235206 0.121834
vt -0.0263884 0.121911
vt -0.0519546 -0.0427985
vt -0.0519546 -0.0841454
vt -0.0363291 -0.0827558
vt -0.0263889 -0.0427985
vt 0.00573052 0.0611511
vt 0.00575474 0.0611491
vt 0.0162679 0.0213387
vt 0.00324038 -0.0175121
vt -0.0649089 0.0716444
vt -0.0847695 0.0508773
vt -0.0848827 0.0418524
vt -0.0804929 0.0734405
vt -0.0848827 0.0138879
vt -0.0818654 0.0343405
vt -0.0536138 0.0138879
vt -0.0533983 0.0310595
vt -0.0836016 0.0921048
vt -0.0776425 0.0796039
vt -0.0607756 0.0796039
vt -0.0561836 0.0861987
vt -0.0561836 0.290049
vt -0.0848827 0.282272
vt -0.0848827 0.297788
vt -0.0536138 0.297788
vt 0.16743 0.0793528
vt 0.183924 0.0769806
vt 0.16866 0.0797664
vt 0.17606 0.106734
vt 0.181565 0.00167139
vt 0.148978 0.0686334
vt 0.132315 0.0686334
vt 0.214009 0.0483914
vt 0.339011 0.0613561
vt 0.124055 0.0567388
vt 0.0968428 0.0175524
vt 0.338299 0.0368579
vt 0.0722575 0.06113
vt 0.0917508 0.053735
vt 0.0963621 0.0582048
vt 0.141351 0.17464
vt 0.143052 0.25383
vt 0.355043 0.0326448
vt 0.360691 0.0249286
vt 0.357473 0.024281
vt 0.160302 0.0800647
vt 0.36084 0.0434639
vt 0.15794 0.0725696
vt 0.35397 0.0135142
vt 0.352972 0.0136578
vt 0.326571 0.0324842
vt 0.32758 0.0324842
vt 0.3264 0.0280266
vt 0.324319 0.0240784
vt -0.0632895 -0.0748121
vt -0.0611184 -0.0952055
vt -0.0422473 -0.084595
vt -0.0402834 -0.0959639
vt -0.0422473 -0.0758926
vt -0.0420263 -0.0748121
vt -0.0955635 0.177288
vt -0.102622 0.106778
vt -0.145935 0.136239
vt -0.238499 0.0988223
vt -0.239817 0.0985421
vt -0.240416 0.100233
vt -0.239478 0.101004
vt -0.16999 0.127462
vt -0.180039 0.117127
vt -0.145616 0.215446
vt -0.0949837 0.189529
vt -0.15283 0.128141
vt -0.153794 0.136239
vt -0.0899541 0.165206
vt -0.178149 1.5439e-16
vt -0.0919511 -4.36283e-16
vt -0.137532 0.00924087
vt -0.0925031 0.0142251
vt -0.0893161 0.00117075
vt -0.155452 0.0100845
vt -0.086983 2.70021e-15
vt -0.0569976 6.04334e-16
vt -0.0569976 0.0781058
vt -0.0802976 0.0832883
vt -0.086983 0.0846615
vt -0.0756535 0.0918874
vt -0.0406771 0.0119
vt -0.051768 0.0453605
vt -0.0644471 0.0197562
vt -0.0631171 0.0100741
vt -0.109169 0.0125173
vt -0.0343007 0.0167971
vt -0.184985 0.123714
vt -0.144121 0.137058
vt -0.157012 0.143657
vt -0.10107 0.112496
vt -0.101654 0.11532
vt -0.185721 0.143657
vt -0.19474 0.1433
vt -0.135979 0.0362554
vt -0.12765 0.0320375
vt -0.118078 0.0404866
vt -0.0994807 0.0840047
vt -0.103111 0.090958
vt -0.119714 0.0510997
vt -0.247187 0.105678
vt -0.22866 0.110039
vt -0.128812 0.031412
vt -0.103088 0.0911898
vt -0.222415 0.0265623
vt -0.21865 0.032811
vt 0.0569976 0.000637394
vt 0.086983 0.000637394
vt 0.0592252 0.0173483
vt 0.086983 0.0226577
vt 0.0618293 0.0226577
vt 0.0569976 0.0173362
vt -0.0618293 0.0346395
vt -0.086983 0.0346395
vt -0.0679735 0.006
vt -0.086983 -0.00853849
vt -0.0621516 0.006
vt -0.0679735 -0.0583268
vt -0.058123 -0.0639077
vt -0.0621516 -0.0583268
vt -0.0569387 0.0115578
vt -0.0289554 0.0077801
vt -0.027425 0.0102511
vt -0.0569387 -0.0299365
vt -0.034307 -0.0251037
vt -0.0343754 0.00353755
vt -0.0308989 -0.0299365
vt -0.0274085 0.0115578
vt -0.0569387 -0.00701067
vt -0.0274085 -0.00701067
vt -0.036859 0.0064476
vt -0.0569387 0.0064476
vt -0.104916 0.0801667
vt -0.103461 0.0983932
vt -0.0963467 0.0842231
vt -0.0885744 0.0820053
vt -0.105407 0.0789555
vt -0.118699 0.0409249
vt -0.120425 0.0302241
vt -0.121521 0.0296339
vt -0.111729 0.0378998
vt -0.209826 0.0250588
vt -0.210235 0.026368
vt -0.131033 0.0296679
vt -0.248704 0.160313
vt -0.25044 0.160576
vt -0.249731 0.16421
vt -0.248942 0.165173
vt 0.159525 0.126707
vt 0.143418 0.118729
vt 0.202933 0.0479882
vt 0.140018 0.12555
vt 0.241717 0.0190495
vt 0.247826 0.0328921
vt 0.226124 0.0457116
vt 0.224599 0.129498
vt 0.136203 0.127305
vt 0.138586 0.124472
vt 0.216019 0.126144
vt 0.228445 0.122682
vt -0.101349 -0.0295149
vt -0.101349 -0.161016
vt -0.0781468 -0.157761
vt -0.0777466 -0.15947
vt -0.0768412 -0.161016
vt -0.0781468 -0.0295149
vt -0.108449 0.0743873
vt -0.0650696 0.0743873
vt -0.0627918 0.0771742
vt -0.0622531 0.0809676
vt -0.0682747 0.101362
vt -0.0503864 0.078075
vt 0.101349 0.272161
vt 0.0765219 0.272161
vt 0.0773292 0.161377
vt 0.101349 0.153771
vt 0.0768412 0.153771
vt -0.101349 -0.0598405
vt -0.0781468 -0.0598405
vt -0.0781468 0.0858244
vt -0.101349 0.0935383
vt -0.0765219 0.0935383
vt -0.0781468 0.143813
vt -0.101349 0.143813
vt -0.101349 0.124656
vt -0.0781468 0.124656
vt 0.0478325 -0.000318275
vt 0.134066 0.154949
vt 0.131946 0.142687
vt 0.156286 0.154949
vt 0.150904 0.139937
vt 0.187791 -0.00443278
vt 0.0482018 -0.00443278
vt 0.0593403 0.00758198
vt 0.198648 0.002285
vt 0.177675 0.0111899
vt -0.0569387 -0.0447137
vt -0.0343696 -0.0447137
vt -0.0343696 0.0838227
vt -0.034243 0.0942143
vt -0.0292234 0.0999182
vt -0.0308989 0.101386
vt -0.0569387 0.101386
vt 0.0569387 0.176245
vt 0.0569387 0.243495
vt 0.0343696 0.238316
vt 0.036859 0.243495
vt 0.0343696 0.176245
vt 0.0315614 0.249599
vt -0.0343696 0.104752
vt -0.0569387 0.104752
vt -0.0569387 -0.0109474
vt -0.0343696 -0.0109474
vt 0.0569387 0.00103528
vt 0.0343696 0.00103528
vt 0.0343696 -0.0255692
vt 0.0569387 -0.0255692
vt -0.0343696 0.0639604
vt -0.0343696 0.15136
vt -0.0569387 0.15136
vt -0.0569387 0.0639604
vt -0.182373 0.0188048
vt -0.181643 0.0170133
vt -0.247708 0.009269
vt -0.35998 0.0188048
vt -0.254043 0.009269
vt -0.248886 0.00913088
vt -0.369773 0.009269
vt 0.00652973 0.00615938
vt 0.00355177 0.0102419
vt -0.0147365 0.00623595
vt -0.0200168 5.84515e-15
vt -0.0164175 4.41053e-15
vt 0.00693722 0.0106165
vt -0.0101635 0.135689
vt -0.0101635 0.220536
vt -0.0242528 0.208711
vt -0.0242528 0.135689
vt -0.00828253 0.224597
vt -0.242652 0.0335316
vt -0.196178 0.0575612
vt -0.191341 0.0484699
vt -0.224774 0.0198283
vt -0.242739 0.0386049
vt -0.262008 0.0197536
vt -0.249922 0.0424399
vt -0.243122 0.0464291
vt -0.269561 0.0624709
vt -0.251876 0.153209
vt 0.0169692 -0.0966316
vt 0.0054493 -0.0476972
vt 0.00270629 -0.0966316
vt -0.449259 5.83006e-14
vt -0.489604 0.052885
vt -0.452011 0.0497426
vt -0.436814 -0.00293431
vt -0.439092 0.00765712
vt -0.378988 0.0497426
vt -0.44854 -0.00094315
vt -0.358687 0.0571753
vt -0.490574 0.0571753
vt 0.0101635 0.194566
vt 0.0242528 0.200115
vt 0.0169692 0.207395
vt 0.0242528 0.126742
vt 0.00270629 0.207395
vt 0.00761143 0.201409
vt 0.0101635 0.126742
vt 0.115348 0.00784707
vt -0.118382 0.00716594
vt -0.112125 5.45258e-14
vt -0.122988 0.00484337
vt 0.113048 5.44703e-14
vt -0.726779 0.135203
vt -0.758434 0.196468
vt -0.718172 0.272949
vt -0.765915 0.150667
vt -0.630065 0.347987
vt -0.377208 0.0506167
vt -0.432766 0.0117142
vt -0.42383 5.43177e-14
vt -0.408491 5.68434e-14
vt -0.338384 0.053939
vt -0.462805 0.053939
vt -0.462055 0.0506167
vt -0.339604 0.0177403
vt -0.348843 0.00874434
vt -0.233687 0.00874434
vt -0.219626 0.0177403
vt -0.219053 0.0104597
vt 0.322802 0.00278285
vt 0.229022 0.00278285
vt 0.2353 2.51882e-14
vt 0.323755 2.44249e-14
vt 0.0453628 0.0822574
vt 0.0316829 0.0805189
vt 0.0316829 -0.0132617
vt 0.0453628 -0.0170239
vt 0.0316324 0.0822574
vt 0.0315738 -0.0170239
vt -0.0969146 0.213165
vt -0.0807571 0.200097
vt -0.106555 0.174299
vt 0.27544 0.213165
vt 0.262129 0.200097
vt 0.347992 2.38976e-14
vt 0.328508 0.0177211
vt 0.249418 2.65621e-14
vt -0.131446 0.168819
vt 0.229227 0.0177211
vt -0.0453628 -0.194892
vt -0.0315738 -0.194892
vt -0.0316829 -0.00911915
vt -0.0453628 -0.000812119
vt -0.0316829 -0.000812119
vt -0.0453628 -0.246495
vt -0.0316829 -0.246495
vt -0.0316829 0.0871208
vt -0.0453628 0.124
vt -0.0316324 0.124
vt 0.0316829 0.00305406
vt 0.0316829 -0.0334298
vt 0.0453628 -0.0334298
vt 0.0453628 0.00305406
vt -0.0453628 0.0493554
vt -0.0316829 0.0493554
vt -0.0316829 0.392242
vt -0.0453628 0.392242
vt 0.254895 0.201099
vt -0.0914289 0.201099
vt -0.0827011 0.185159
vt -0.124006 0.159263
vt -0.108499 0.159361
vt 0.260185 0.185159
vt 0.193859 0.0183687
vt 0.263026 0.177353
vt -0.0373866 0.0240674
vt -0.0367727 0.0124566
vt -0.0493478 0.00279889
vt -0.0837464 -3.14766e-15
vt -0.0488378 0.0427929
vt -0.123628 -3.20924e-15
vt 0.0460025 0.108807
vt 0.104034 0.138005
vt 0.101203 0.135789
vt 0.0829201 0.123895
vt -0.0482706 0.12868
vt -0.0482706 0.193642
vt -0.0732828 0.153161
vt -0.0413889 0.249518
vt -0.0492637 0.257653
vt -0.0722011 0.250826
vt -0.0475143 0.228146
vt -0.0502528 0.220177
vt -0.0727294 0.141701
vt -0.0722768 0.250605
vt -0.0727702 0.228097
vt -0.0411656 0.24662
vt -0.0708894 0.122106
vt -0.0479275 0.125025
vt 0.035182 -0.0957619
vt 0.0581785 -0.0931293
vt 0.0575858 -0.0914984
vt 0.0336325 -0.0914984
vt -0.0252448 -3.72532e-15
vt 0.00964782 0.0104007
vt -0.0144433 0.0183431
vt -0.0432697 0.0183431
vt -0.0716525 -3.747e-15
vt -0.0144433 0.00954
vt -0.0435856 0.0298675
vt -0.0432697 0.00954
vt 3.99813 0.0347148
vt 3.93941 0.0347148
vt 3.94612 0.0295892
vt 3.98016 0.019408
vt 4.00552 0.0199972
vt 4.01114 0.0214052
vt 19.7295 0.0898103
vt 19.7962 0.0875101
vt 19.7881 0.0949227
vt 19.7967 0.0909052
vt 19.7294 0.0949227
vt 0.280725 0.131517
vt 0.293984 0.140499
vt 0.32068 0.11113
vt 0.192266 0.20609
vt 0.328169 0.083855
vt 0.331336 0.0968786
vt 0.342714 0.0653906
vt 0.332186 0.0710103
vt 0.194566 0.21819
vt 0.165661 0.206151
vt 0.182131 0.11289
vt 0.188088 0.121678
vt 0.307573 0.0376038
vt 0.158576 0.21819
vt 0.315191 0.0268915
vt 0.0813546 0.086032
vt 0.148138 0.086032
vt 0.134211 0.113159
vt 0.0680785 0.113159
vt 0.0641151 0.0958121
vt 0.149924 0.104504
vt 0.173433 0.100863
vt 0.163163 0.105977
vt 0.0680918 0.0391006
vt 0.0813546 0.0468767
vt 0.0350362 0.189645
vt 0.0350362 0.106355
vt 0.0567429 0.122862
vt 0.0563326 0.106355
vt 0.0567429 0.189645
vt 0.0350362 -0.0841879
vt 0.0567429 -0.0841879
vt 0.0567429 -0.0450326
vt 0.0350362 -0.0361008
vt 0.0563642 -0.0361008
vt -0.0350362 -0.0347792
vt -0.0563642 -0.0347792
vt -0.0563326 -0.130953
vt -0.0350362 -0.130953
vt 0.0604859 0.0903887
vt 0.0738649 0.0985032
vt 0.0738649 0.0504162
vt 0.150392 0.106754
vt 0.157154 0.0985032
vt 0.0642375 0.0368873
vt 0.170945 0.0994509
vt 0.064225 0.106754
vt 0.0282886 4.07313e-15
vt 0.0562114 0.0124634
vt 0.0482751 0.0147057
vt 0.0677876 2.5431e-15
vt 0.0586586 0.0110214
vt -0.00857561 0.0147057
vt 0.0651761 0.0632462
vt 0.0684795 0.0642815
vt 0.0664303 0.0657948
vt 0.0547568 0.036468
vt 0.180931 0.036468
vt 0.147733 0.0185887
vt 0.178896 0.0243447
vt 0.0886602 0.0162016
vt -0.185408 0.020361
vt -0.182929 0.00392375
vt -0.177421 0.00624755
vt -0.21138 0.020361
vt -0.204801 0.00166079
vt -0.214911 0.0149387
vt -0.254257 0.0138902
vt -0.184504 0.00459985
vt -0.225141 -0.0138835
vt -0.20256 -0.00435744
vt -0.285846 0.020361
vt -0.261791 -0.00398663
vt -0.229446 -0.000721014
vt -0.284455 0.00533966
vt -0.270413 -0.0167132
vt -0.176233 0.0155367
vt -0.26077 -0.0167132
vt -0.260049 0.020361
vt -0.0422473 -0.00351472
vt -0.0638071 -0.00685108
vt -0.0632895 -0.00848528
vt -0.0638071 -0.00351472
vt -0.0420263 -0.00848528
vt -0.0422473 -0.00767672
vt 0.0422473 0.0112774
vt 0.0350448 -0.020905
vt 0.0586722 -0.020905
vt 0.0638071 0.0221731
vt 0.0422473 0.0221731
vt 0.0638071 0.00203875
vt -0.0336325 0.238213
vt -0.0575858 0.238213
vt -0.0589199 0.202198
vt -0.0586722 0.144669
vt -0.0350448 0.144669
vt -0.0352586 0.194315
vt 0.335322 0.0132018
vt 0.32364 0.00554681
vt 0.33604 0.00680079
vt 0.31672 0.00549676
vt 0.337507 0.00958487
vt 0.337681 0.015561
vt -0.152487 0.1116
vt -0.138315 0.0948946
vt -0.130416 0.140988
vt -0.151978 0.197837
vt -0.152786 0.190964
vt -0.145295 0.168678
vt 0.185545 0.00835867
vt 0.0893734 0.00771437
vt 0.102912 0.0230154
vt 0.210909 0.0184042
vt 0.195895 0.0230154
vt 0.213895 0.0444663
vt 0.21108 0.0166774
vt 0.0785165 -9.38485e-15
vt 0.0730004 0.00613068
vt 0.235802 0.0444663
vt 0.0938909 -1.01134e-14
vt 0.074005 0.00847163
vt 0.200628 -1.34615e-14
vt 0.171306 -1.16296e-14
vt -0.0476422 -0.0154537
vt -0.0494019 -0.0621858
vt -0.0284336 -0.0451661
vt -0.0270966 -0.00966147
vt -0.0470594 -0.00966147
vt -0.0284336 -0.0901879
vt -0.0494019 -0.0901879
vt -0.164854 0.00931264
vt -0.165841 -3.80251e-15
vt -0.162767 0.00181773
vt -0.162694 -3.61169e-15
vt -0.164286 0.00931264
vt 0.0635766 0.02184
vt 0.0660303 0.029083
vt 0.053411 0.0182088
vt 0.123515 0.0284403
vt 0.135846 0.0393632
vt 0.134636 0.0290677
vt 0.134309 0.0286033
vt 0.0992435 0.0304431
vt 0.0279367 0.0393632
vt 0.0284336 0.145355
vt 0.0494019 0.145355
vt 0.0494019 0.238339
vt 0.0284336 0.253061
vt 0.0484622 0.253061
vt 0.0284336 -0.117564
vt 0.0484622 -0.117564
vt 0.0479953 -0.0603054
vt 0.0284336 -0.0485863
vt 0.047359 -0.0468121
vt 0.02839 -0.0468121
vt -0.0470594 0.0901301
vt -0.0270966 0.0901301
vt -0.02839 0.191788
vt -0.047359 0.191788
vt 0.320524 0.01952
vt 0.320752 0.0173107
vt 0.315492 0.0153868
vt 0.310458 0.0153504
vt 0.323467 0.022463
vt 0.275883 0.21663
vt 0.0954603 0.438137
vt 0.282987 0.23974
vt 0.081246 0.440474
vt 0.150902 0.192059
vt 0.100326 0.303698
vt 0.0915061 0.451432
vt 0.28713 0.213545
vt 0.26834 0.0992508
vt 0.258659 0.111864
vt 0.264753 0.09397
vt 0.165988 0.112231
vt 0.12644 0.212632
vt 0.239385 0.0986602
vt 0.0614847 0.451432
vt 0.191528 0.107509
vt 0.121967 0.000801859
vt 0.122213 -4.96547e-14
vt 0.0925649 -4.7462e-14
vt 0.0919455 0.000801859
vt -0.302938 0.0498806
vt -0.316351 0.0234403
vt -0.341516 0.0258375
vt -0.345426 0.0388061
vt -0.345695 0.0498806
vt -0.370818 0.0588374
vt -0.371105 0.0592088
vt -0.36649 0.0661931
vt -0.341817 0.0716972
vt -0.340986 0.0718061
vt -0.188768 0.0845991
vt -0.123321 5.22499e-15
vt -0.120976 0.0080367
vt -0.12214 0.00939776
vt -0.128177 0.00939776
vt -0.136866 6.18255e-15
vt 0.678146 0.018807
vt 0.677227 0.0203444
vt 0.676757 0.0203444
vt 0.66268 0.0102632
vt 0.681093 0.00552753
vt 0.658004 0.00552753
vt -1.6292 0.000123906
vt -1.63587 4.55191e-15
vt -1.62957 0.0124925
vt -1.62353 0.0124925
vt -1.62935 4.32987e-15
vt 2.05931 0.00121592
vt 1.84471 0.00121592
vt 1.87394 -0.0114597
vt 2.05022 -0.0114597
vt 1.83893 -0.00180382
vt 1.84865 -0.00643816
vt 2.07575 -0.00400441
vt -0.681207 0.0211519
vt -0.681093 0.0213121
vt -0.658004 0.0213121
vt -0.654206 0.0191315
vt -0.684795 0.011
vt -0.645378 0.011
vt 0.684795 0.0218273
vt 0.645378 0.0218273
vt 0.6488 0.00632984
vt 0.666076 -5.62744e-15
vt 0.633976 0.0140466
vt 0.698537 -2.78944e-15
vt 2.22162 0.1272
vt 2.22405 0.141832
vt 2.00283 0.141832
vt 1.99168 0.1272
vt 0.0757749 0.0262463
vt 0.0613445 0.0266196
vt 0.0669434 0.0314442
vt 0.0593474 0.0203785
vt 0.073689 0.0314442
vt 0.468958 0.0282613
vt 0.464005 0.0227756
vt 0.465337 0.0296966
vt 0.464454 0.0335674
vt -0.0750131 -0.00439273
vt -0.056805 -0.00439273
vt -0.056805 0.00265528
vt -0.0750131 0.00988552
vt -0.056265 0.00918583
vt -0.0558943 0.00988552
vt -0.0750131 0.0071096
vt -0.0750131 0.000286246
vt -0.056805 0.00313928
vt -0.056643 0.000286246
vt -0.056805 0.0071096
vt 0.47118 0.0294413
vt 0.468481 0.0154204
vt 0.481571 0.012763
vt 0.367232 0.151443
vt 0.451259 0.0793486
vt 0.379489 0.151346
vt 0.372796 0.163079
vt 0.320204 0.163079
vt 0.337416 0.150608
vt 0.460829 -1.72085e-15
vt 0.316838 0.0111718
vt 0.492734 0.025127
vt 0.489642 0.0387376
vt 0.469662 0.0360936
vt 0.305871 -3.18495e-15
vt 0.49335 0.0268388
vt 0.450295 0.0850898
vt -0.0750131 0.118255
vt -0.056805 0.118255
vt -0.056805 0.213512
vt -0.0750131 0.272519
vt -0.056643 0.272519
vt -0.0750131 0.076987
vt -0.0750131 -0.0639596
vt -0.056805 -0.0639596
vt -0.056805 0.076987
vt -0.0750131 -0.0433023
vt -0.056805 -0.0433023
vt -0.056805 -0.0134744
vt -0.0750131 -0.0134744
vt -0.122942 0.132765
vt -0.0888088 0.0427718
vt -0.0958587 0.0500804
vt -0.139295 0.142
vt -0.145103 0.187453
vt -0.147229 0.196798
vt -0.143912 0.161922
vt -0.154419 0.193182
vt -0.0887718 0.040354
vt -0.0955419 0.0483341
vt -0.150118 0.112665
vt -0.145296 0.106981
vt -0.144761 0.19029
vt -0.153831 0.198181
vt -0.0750131 0.0531137
vt -0.0750131 -0.0985892
vt -0.056805 -0.0934122
vt -0.0563553 -0.097306
vt -0.0558943 -0.0985892
vt -0.056805 0.0531137
vt 0.0539499 0.0202477
vt 0.0578487 0.0198432
vt 0.0503877 0.0171781
vt 0.125618 0.0276461
vt 0.126037 0.0269742
vt 0.143479 0.0272375
vt 0.093626 0.0287199
vt 0.116524 0.0268305
vt 0.147016 0.0328152
vt 0.147889 0.0334884
vt 0.146837 0.0319963
vt 0.0263554 0.0371351
vt 0.124446 0.0269501
vt 0.150462 0.0371351
vt 0.362352 0.153848
vt 0.361389 0.151699
vt 0.331573 0.150863
vt 0.434744 -6.38378e-16
vt 0.288557 -1.24206e-15
vt 0.310995 0.0114271
vt 0.30208 0.153848
vt 0.424639 0.0804708
vt 0.457463 0.0155307
vt 0.454312 0.0120406
vt 0.266969 0.226169
vt 0.0863265 0.425879
vt 0.0861669 0.411182
vt 0.26659 0.189675
vt 0.27259 0.190635
vt 0.0580044 0.425879
vt 0.0719526 0.413519
vt 0.0946468 0.286507
vt 0.141609 0.165104
vt 0.164768 0.0851243
vt 0.169023 0.083349
vt 0.182048 0.0809408
vt 0.119283 0.200596
vt 0.264521 0.17709
vt 0.115063 0.000756471
vt 0.086741 0.000756471
vt 0.0873254 -4.59147e-14
vt 0.115295 -4.65253e-14
vt -0.350383 0.0554285
vt -0.321685 0.0677416
vt -0.322469 0.0676389
vt -0.178083 0.0798104
vt -0.345745 0.0624463
vt 0.195742 0.00746069
vt 0.200292 0.00255877
vt 0.202241 0.00566869
vt 0.197768 -8.83321e-15
vt 0.0880367 0.00746069
vt 0.224681 0.0419493
vt 0.201794 0.0101829
vt 0.115722 0.0329114
vt 0.0694494 0.00513779
vt 0.147773 0.0419493
vt 0.137308 0.0419493
vt 0.117259 0.0318624
vt 0.0740722 -1.03008e-14
vt 0.232135 0.0419493
vt -0.0757858 1.45717e-16
vt -0.056839 0.000183862
vt -0.0574033 0.0541491
vt -0.0568071 -2.38698e-15
vt -0.0757858 0.0541491
vt 0.0521733 0.0118086
vt 0.0266873 4.31512e-15
vt 0.0455426 0.0138733
vt -0.0080902 0.0138733
vt 0.0521935 0.0119941
vt 0.0619543 2.8727e-15
vt 0.228846 0.0113805
vt 0.194424 0.0598719
vt 0.187693 0.0382007
vt 0.206463 0.00974263
vt 0.107046 0.0598719
vt 0.12516 0.0344777
vt 0.231158 0.0120875
vt -0.0757858 -0.0842332
vt -0.0757858 -0.116477
vt -0.0574033 -0.116477
vt -0.0571744 -0.0842332
vt -0.0571744 -0.118324
vt 0.181373 0.0142856
vt 0.162931 0.0219795
vt 0.216498 0.0298965
vt 0.20609 0.0634642
vt 0.198745 0.056813
vt 0.133114 0.0529056
vt 0.238142 0.0217692
vt 0.147801 0.0153333
vt 0.113469 0.0634642
vt 0.128908 0.0472408
vt 0.162704 0.00621863
vt 0.194977 0.00858022
vt 0.159292 0.00680213
vt -0.0757858 -0.0219236
vt -0.0571744 -0.0219236
vt -0.0571744 0.0407197
vt -0.0757858 0.043824
vt -0.0562355 0.043824
vt 0.0757858 -0.0358121
vt 0.0538386 -0.0358121
vt 0.0568071 -0.0628546
vt 0.0757858 -0.0781879
vt 0.0568071 -0.0781879
vt -0.0757858 0.198645
vt -0.0757858 0.191589
vt -0.0562355 0.191589
vt -0.0538386 0.198645
vt 0.107283 0.0261692
vt 0.109739 0.0191339
vt 0.139371 0.0175366
vt 0.17069 0.0344037
vt 0.16877 0.0229667
vt 0.0516573 0.0344037
vt 0.0819283 0.0163087
vt 0.108203 0.0162771
vt 0.0710162 0.029445
vt 0.0490184 0.323533
vt 0.0571233 0.310431
vt 0.0360585 0.342807
vt 0.0398861 0.342635
vt 0.0841533 0.0295912
vt 0.0471723 0.338936
vt 0.0877937 -1.64754e-13
vt 0.0611405 0.0154113
vt 0.0281072 -1.65155e-13
vt 0.0843143 0.0290315
vt 0.0260496 0.00192892
vt 0.0247994 0.00876409
vt -0.053015 0.131288
vt -0.0387163 0.131288
vt -0.0408328 0.413418
vt -0.053015 0.413418
vt 0.053015 0.140584
vt 0.0387463 0.140584
vt 0.0387463 0.000581585
vt 0.053015 -1.22732e-16
vt 0.0387163 -5.75495e-16
vt 0.0488826 0.1337
vt 0.046076 0.12723
vt 0.00450273 0.129139
vt -0.0342336 0.157602
vt -0.173203 0.136357
vt -0.139331 0.152984
vt -0.358687 0.02862
vt -0.490574 0.02862
vt -0.440453 0.0459404
vt -0.055814 0.170655
vt -0.0481451 0.177713
vt -0.0344078 0.178316
vt -0.151528 0.155839
vt -0.369292 0.0380739
vt -0.496764 0.047475
vt -0.141299 0.158003
vt -0.0276882 0.177239
vt -0.0654326 0.174055
vt 0.0434679 0.120028
vt 0.0461156 0.126132
vt 0.00628301 0.130955
vt -0.367512 0.0398902
vt -0.338384 0.027
vt -0.331712 0.0286255
vt -0.294343 0.0377294
vt -0.462805 0.027
vt -0.453844 0.0494337
vt -0.026121 0.167207
vt -0.0324533 0.159418
vt -0.0324602 0.168223
vt -0.0454199 0.167654
vt -0.330335 0.029688
vt -0.142951 0.147018
vt -0.468645 0.0447878
vt -0.170848 0.138261
vt -0.053015 0.0277176
vt -0.053015 -0.0438766
vt -0.0408328 -0.0438766
vt -0.0387463 0.0277176
vt -0.0387463 -0.0591404
vt -0.0387463 -0.14065
vt -0.053015 -0.14065
vt -0.053015 -0.18872
vt -0.0387463 -0.18872
vt 0.0657611 0.339655
vt 0.0657611 -0.0450727
vt 0.0800298 -0.0450727
vt 0.0800298 0.339655
vt 0.299054 0.337107
vt 0.337426 0.0556121
vt 0.337065 0.211401
vt 0.361898 0.0292223
vt 0.248791 0.230777
vt 0.265156 0.227853
vt 0.344851 0.0261898
vt 0.320621 0.304699
vt 0.305553 0.374965
vt 0.0729898 0.148156
vt 0.0729898 0.334944
vt 0.0548111 0.334944
vt 0.0548111 0.148156
vt 0.0729898 0.0304938
vt 0.0548111 0.0304938
vt 0.0548111 -0.253604
vt 0.0729898 -0.253604
vt -0.0729898 0.0420861
vt -0.0729898 -0.0723064
vt -0.0548111 -0.0723064
vt -0.0548111 0.0420861
vt 0.326555 0.053612
vt 0.341489 0.027013
vt 0.341145 0.0263006
vt 0.234709 0.217714
vt 0.254285 0.225853
vt 0.335273 0.019747
vt 0.288184 0.335107
vt 0.302473 0.287452
vt 0.317985 0.199435
vt 0.327925 0.0191815
vt 0.288258 0.35374
vt -0.116341 6.23807e-15
vt -0.121819 0.00789589
vt -0.120922 0.00886581
vt -0.114013 0.00886581
vt -0.113985 0.00807533
vt -0.125648 5.37764e-15
vt 0.415148 0.0200369
vt 0.41477 0.0187712
vt 0.41477 0.0191465
vt 0.410329 0.023587
vt -0.071809 -0.0676989
vt -0.0897854 -0.0680742
vt -0.0902406 -0.076838
vt -0.0897854 -0.0676989
vt -0.071809 -0.0820073
vt -0.0924902 -0.0820073
vt -0.071809 -0.0163955
vt -0.071809 -0.00948457
vt -0.0897854 -0.0101157
vt -0.0897995 -0.00948457
vt -0.0897854 -0.0163955
vt -1.52891 0.00311763
vt -1.53042 0.0117854
vt -1.53733 0.0117854
vt -1.5289 0.00280098
vt -1.54003 0.00644199
vt -1.54022 0.0058418
vt -1.53018 5.55112e-16
vt -1.54037 0.00577027
vt -1.54328 3.33067e-15
vt 1.74029 0.00114709
vt 1.94274 0.00114709
vt 1.93417 -0.010811
vt 1.7321 -0.010811
vt 1.72869 -0.00491218
vt 1.95826 -0.00377774
vt -0.071809 0.020293
vt -0.071809 0.04167
vt -0.0906151 0.0307304
vt -0.0924902 0.04167
vt -0.0911146 0.020293
vt 0.28401 -0.000289545
vt 0.279367 -0.0071748
vt 0.396392 -0.0071748
vt 0.427914 0.00184732
vt 0.430107 0.00789105
vt 0.410357 -0.000289545
vt 0.268439 -0.00349238
vt 0.236594 0.0270862
vt 0.436394 0.00897501
vt 0.214197 0.0295389
vt 0.402344 -0.00649735
vt 0.430107 0.0221994
vt 0.428791 0.0295389
vt 0.42522 0.0270862
vt 0.440057 0.0212391
vt 0.268673 -0.0033425
vt 0.38811 -0.0033425
vt 0.373954 -0.00676868
vt 0.253244 -0.0032947
vt 0.202073 0.0278669
vt 0.221257 0.0240333
vt 0.37957 -0.00612957
vt 0.263554 -0.00676868
vt 0.40452 0.0278669
vt 0.409724 0.0240333
vt 0.071809 0.201252
vt 0.071809 0.0749051
vt 0.0897854 0.0818149
vt 0.0911146 0.0749051
vt 0.0897854 0.201252
vt -0.071809 0.248669
vt -0.0897854 0.248669
vt -0.0897854 0.0602016
vt -0.071809 0.0600422
vt -0.0897995 0.0600422
vt -0.071809 0.0218995
vt -0.0897854 0.0218995
vt -0.0897854 -0.032852
vt -0.071809 -0.032852
vt -0.277388 0.166129
vt -0.267666 0.166129
vt -0.270328 0.164858
vt -0.267626 0.165957
vt -0.277621 0.165915
vt 0.635129 8.46545e-16
vt 0.62722 7.49401e-16
vt 0.628245 0.00364629
vt 0.63587 0.00967671
vt 0.636538 0.00666946
vt -0.304458 0.0470571
vt -0.324448 0.0470571
vt -0.320401 0.0367218
vt -0.298444 0.0221135
vt -0.301909 0.0466266
vt -0.285791 0.0470571
vt -0.300397 0.0470571
vt -0.324871 0.0332862
vt -0.322184 0.024375
vt -0.0673704 -0.0130616
vt -0.0491628 -0.0130616
vt -0.0491628 0.00353972
vt -0.0673704 0.0061233
vt -0.0490779 0.0061233
vt -0.0673704 0.314532
vt -0.0673704 0.0387428
vt -0.0491628 0.0403126
vt -0.0490779 0.0387428
vt -0.0491628 0.314532
vt -0.0491628 0.00459627
vt -0.0673704 0.00459627
vt -0.0673704 -0.0788139
vt -0.0491628 -0.0788139
vt -0.178119 0.053925
vt -0.16775 0.0448453
vt -0.0673086 0.140772
vt 0.0776564 0.145977
vt 0.0594111 0.148929
vt 0.122058 0.0938593
vt 0.0547201 0.16047
vt -0.175278 0.0454025
vt 0.132807 0.0923561
vt -0.0761789 0.16047
vt -0.164716 0.0323862
vt -0.170808 0.0399682
vt -0.144379 0.0289928
vt -0.128838 0.0286563
vt -0.168417 0.0297962
vt -0.129782 0.0285048
vt -0.148438 0.0291284
vt -0.0807496 0.170099
vt -0.0753914 0.151209
vt -0.175833 0.0552827
vt 0.0580033 0.170099
vt 0.0513282 0.159366
vt 0.0823158 0.154736
vt 0.140775 0.0978974
vt 0.113975 0.104297
vt -0.136568 0.0303757
vt -0.153988 0.0390588
vt -0.180301 0.0316435
vt -0.172799 0.0428236
vt -0.188806 0.0571605
vt -0.137568 0.0302151
vt -0.0491628 0.0588897
vt -0.0673704 0.0588897
vt -0.0673704 -0.08
vt -0.0491628 -0.08
vt 0.0673704 0.268619
vt 0.0491628 0.268619
vt 0.0491628 0.141637
vt 0.0673704 0.141637
vt -0.0491628 -0.054743
vt -0.0491628 -0.04192
vt -0.0673704 -0.04192
vt -0.0673704 -0.054743
vt 0.144352 0.0699473
vt 0.174294 0.0452742
vt -0.0624757 0.0449062
vt -0.141434 0.0699473
vt -0.151069 0.0515686
vt 0.143027 0.0718442
vt 0.173959 0.0718442
vt 0.197582 0.0546123
vt -0.158967 0.058788
vt -0.146737 0.0718442
vt -0.139846 0.0718442
vt -0.0333555 -0.204401
vt -0.0333555 0.0813855
vt -0.0457131 0.0813855
vt -0.0457131 -0.204401
vt -0.132674 0.106464
vt -0.120528 0.0987702
vt -0.155741 0.048481
vt -0.184397 0.03816
vt -0.121268 0.111388
vt 0.100371 0.111388
vt 0.0878478 0.0987702
vt 0.155542 0.03816
vt 0.130045 0.048481
vt 0.146737 0.036
vt 0.09469 0.105083
vt 0.0992362 0.0843964
vt -0.121646 0.105083
vt -0.10914 0.0843964
vt -0.173959 0.036
vt -0.143027 0.036
vt 0.139846 0.036
vt 0.0457131 0.189645
vt 0.0334802 0.189645
vt 0.0334802 0.130563
vt 0.0457131 0.128253
vt 0.0333555 0.128253
vt -0.0457131 0.189645
vt -0.0457131 0.123997
vt -0.0334802 0.126468
vt -0.0333555 0.123997
vt -0.0334802 0.189645
vt 0.0457131 -0.169188
vt 0.0457131 0.0391879
vt 0.0334802 0.0391879
vt 0.0334802 -0.169188
vt -0.0462837 -0.0892645
vt -0.0297963 -0.0926709
vt -0.0301773 -0.045726
vt -0.0257243 -0.0293833
vt -0.0434422 -0.0110164
vt -0.0462837 -0.022522
vt -0.0454694 -0.0926709
vt 0.0454455 0.192974
vt 0.0303291 0.192974
vt 0.0303291 0.156001
vt 0.0454694 0.153738
vt 0.0297963 0.153738
vt 2.78108 0.0486566
vt 2.77362 0.0195721
vt 2.73665 0.0233566
vt 2.78111 0.0258602
vt 2.73152 0.0517237
vt 2.73808 0.0612867
vt 0.0303291 -0.0519837
vt 0.0303291 -0.0865641
vt 0.0462837 -0.0830076
vt 0.0454455 -0.0865641
vt 0.0462837 -0.0519837
vt -0.0136471 -0.0492008
vt -0.0322886 -0.0666297
vt -0.0322886 -0.0479785
vt -0.0168942 -0.0434653
vt -0.015962 -0.0436329
vt -0.0423178 0.148684
vt -0.0415763 0.149273
vt -0.0423178 0.149273
vt 2.90237 0.0649639
vt 2.93559 0.0170142
vt 2.94797 0.0274118
vt 2.91282 0.0193452
vt 2.89541 0.0548271
vt 2.90182 0.0194119
vt 2.91237 0.0189663
vt 2.91844 0.0026152
vt 2.92107 0.00482529
vt 2.91243 0.0129366
vt 2.94794 0.051576
vt -0.0283189 -0.056849
vt -0.0238903 -0.0609166
vt -0.0303291 -0.0243198
vt -0.0230999 -0.0654095
vt -0.0462837 -0.0433407
vt -0.0423178 -0.0658823
vt -0.0415763 -0.0658823
vt -0.0462837 -0.00341421
vt -0.0303291 -0.00341421
vt 2.73211 0.0238212
vt 2.73756 0.0183131
vt 2.73665 0.0233566
vt 19.7305 0.0408151
vt 19.77 0.0408151
vt 19.7609 0.0453031
vt 19.7907 0.0528126
vt 19.7932 0.0687854
vt 19.7303 0.050143
vt 17.16 0.0237973
vt 17.1558 -8.26006e-14
vt 17.1319 -7.68274e-14
vt 17.1212 0.0240774
vt 17.1191 0.040124
vt 19.7726 0.13568
vt 19.77 0.161899
vt 19.7305 0.161899
vt 19.7121 0.13568
vt 18.6705 0.0498232
vt 18.6509 0.0385048
vt 18.6551 0.0471876
vt 18.6209 0.0525823
vt 18.6137 0.0385048
vt 18.6126 0.0895497
vt 18.6203 0.0895497
vt 18.672 0.0594829
vt 18.6533 0.128
vt 18.5963 0.128
vt 18.6137 0.152735
vt 18.6509 0.152735
vt 16.1887 0.0224503
vt 16.152 0.0227145
vt 16.1621 -7.12763e-14
vt 16.156 0.0280063
vt 16.1517 0.0257318
vt 16.1522 0.0370058
vt 16.1847 -7.59393e-14
vt -0.0531537 0.131143
vt -0.0378591 0.131143
vt -0.0381224 0.140908
vt -0.0531537 0.148191
vt -0.0362469 0.148191
vt -0.0531537 -0.0880041
vt -0.0379503 -0.0608384
vt -0.0383251 0.03417
vt -0.0531537 0.0784443
vt -0.0362469 -0.0880041
vt -0.0383251 0.0784443
vt 19.6537 0.19997
vt 19.6615 0.190939
vt 19.7171 0.26131
vt 19.6669 0.0872224
vt 19.671 0.109964
vt 19.767 0.23381
vt 19.7672 0.245805
vt 19.7121 0.271247
vt 19.7652 0.262737
vt 19.7786 0.256242
vt 19.7726 0.271247
vt -0.0531537 -0.0459276
vt -0.0383251 -0.0459276
vt -0.0383251 -0.00264602
vt -0.0531537 0.00222226
vt -0.0378591 0.00222226
vt -0.0383251 0.0543187
vt -0.0531537 0.0543187
vt -0.0531537 -0.0353553
vt -0.0383251 -0.0353553
vt 0.0531537 0.271886
vt 0.0383251 0.271886
vt 0.0383251 0.190355
vt 0.0531537 0.190355
vt 18.5412 0.188651
vt 18.5556 0.181418
vt 18.5652 0.100444
vt 18.5963 0.255893
vt 18.6112 0.25179
vt 18.6533 0.255893
vt 18.6545 0.253072
vt 18.5537 0.0822853
vt 18.5907 0.136576
vt 0.27625 0.114744
vt 0.32004 0.0707521
vt 0.312581 0.0913949
vt 0.183552 0.20584
vt 0.154725 0.20584
vt 0.161186 0.189378
vt 0.157709 0.189615
vt 0.166082 0.132157
vt 0.302528 0.104839
vt 0.277344 0.132546
vt 0.187791 0.189317
vt 0.152399 0.193326
vt 0.183613 0.104905
vt 0.171821 0.1065
vt 0.288735 0.0309379
vt 0.1496 0.20584
vt -0.0927151 1.83777e-14
vt -0.065427 0.00195217
vt -0.0664238 -2.99543e-15
vt -0.0119989 0.169608
vt -0.0119989 0.26091
vt -0.0322886 0.227656
vt -0.0322886 0.255013
vt -0.0334955 0.26091
vt -0.0336859 0.169608
vt 0.184661 0.0120409
vt 0.172296 -0.00418187
vt 0.177161 -0.00418187
vt 0.187025 0.00192097
vt 0.12723 0.124129
vt 0.146188 0.121379
vt 0.142198 0.140989
vt 0.0682243 0.0412912
vt 0.0752651 0.038078
vt 0.133154 0.14368
vt 0.14744 0.146178
vt 0.145248 0.146178
vt 0.126477 0.146178
vt 0.0582753 -0.00418187
vt 0.133633 0.146178
vt 0.0504417 -0.00418187
vt 0.0119989 -0.00143105
vt 0.0119989 -0.0108462
vt 0.0328696 -0.0108462
vt 0.0334955 -0.00143105
vt -0.0119989 0.00565685
vt -0.0322886 0.00565685
vt -0.0322886 -0.0745562
vt -0.0119989 -0.0770326
vt -0.0328696 -0.0770326
vt -0.0603043 0.0197894
vt -0.0731548 0.0220792
vt -0.0749364 0.0128342
vt -0.0707307 0.0286283
vt -0.153878 0.0522283
vt -0.152677 0.044744
vt -0.187672 0.0522283
vt -0.181094 0.0427111
vt -0.179316 0.0178515
vt -0.197412 0.0263003
vt -0.198014 0.0347255
vt -0.178312 -3.28036e-15
vt -0.166006 0.00631918
vt -0.0704092 -1.91947e-15
vt -0.194446 0.0172643
vt -0.0119989 0.0115593
vt -0.0119989 0.0291701
vt -0.0322886 0.0228448
vt -0.0336859 0.0291701
vt -0.0322886 0.0115593
vt 0.0322886 0.157155
vt 0.0322886 0.185645
vt 0.0119989 0.185645
vt 0.0119989 0.157155
vt -0.0119989 -0.0841879
vt -0.0119989 -0.0592648
vt -0.0322886 -0.0592648
vt -0.0322886 -0.0841879
vt -0.165703 0.0322498
vt -0.174225 0.0140371
vt -0.186315 0.0259
vt -0.186806 0.0327599
vt -0.163924 0.00739027
vt -0.0667271 0.0270078
vt -0.0601448 0.0122967
vt -0.137286 0.0342827
vt -0.168218 -2.1684e-15
vt -0.145168 0.049272
vt -0.177049 0.049272
vt -0.0568908 0.0186693
vt -0.172894 -0.00456659
vt -0.155395 -3.22659e-16
vt -0.162928 -0.00566143
vt -0.0136258 0.009
vt -0.0408205 0.009
vt -0.0411185 0.0281769
vt 3.77182 0.0327498
vt 3.778 0.0191972
vt 3.77587 0.0187973
vt 3.76421 0.0304255
vt 3.7841 0.0201936
vt 3.77911 0.0189441
vt 3.75487 0.0183094
vt 3.72275 0.0279143
vt 3.71729 0.0320877
vt 3.76416 0.0327498
vt -0.10428 -2.59775e-15
vt -0.10428 0.0286115
vt -0.117673 0.0275316
vt -0.118033 0.0286115
vt -0.117673 -1.94723e-15
vt -0.10428 0.040397
vt -0.11985 0.040397
vt -0.118124 0.0268634
vt -0.10428 0.0246973
vt -0.118033 0.0246973
vt 0.10428 0.174515
vt 0.10428 0.159238
vt 0.118537 0.159238
vt 0.11985 0.174515
vt -0.0238159 -5.67255e-15
vt -0.0408205 0.0173048
vt -0.0195924 0.00460321
vt -0.0136258 0.0173048
vt -0.0195876 0.00126035
vt 0.00632214 0.0107283
vt -0.00705187 0.0134253
vt -0.0675967 -5.23193e-15
vt 0.724522 -0.00825071
vt 0.706067 -0.0126536
vt 0.724238 -0.0126536
vt -0.695048 0.13395
vt -0.664107 0.146002
vt -0.591307 0.316917
vt -0.690116 0.129318
vt -0.589852 0.332164
vt -0.677521 0.257499
vt -0.705662 0.135461
vt -0.715504 0.185347
vt -0.674384 0.123103
vt -0.722561 0.142138
vt -0.588557 0.314347
vt -0.587352 0.31703
vt -0.10428 -0.0350187
vt -0.10428 -0.00209754
vt -0.117673 -0.012817
vt -0.11787 -0.00209754
vt -0.117673 -0.0317893
vt -0.118537 -0.0350187
vt -0.10428 0.110343
vt -0.117673 0.110343
vt -0.117673 -0.194457
vt -0.10428 -0.20122
vt -0.11787 -0.20122
vt -0.10428 0.0352733
vt -0.117673 0.0352733
vt -0.117673 -0.0526748
vt -0.10428 -0.0526748
vt -0.10428 0.110497
vt -0.117673 0.110497
vt -0.117673 -0.0637296
vt -0.10428 -0.0637296
vt 0.117673 -0.191692
vt 0.117673 -0.140147
vt 0.10428 -0.140147
vt 0.10428 -0.191692
vt 0.371926 0.122745
vt 0.533421 0.122745
vt 0.435322 0.107327
vt 0.767965 0.0283321
vt 0.756446 0.0289816
vt 0.737705 0.0506015
vt 0.770038 0.0229212
vt 0.523114 0.112572
vt 0.693794 0.0775959
vt 0.737423 0.0636834
vt 0.762686 0.0145752
vt 0.690364 0.0925331
vt 0.725044 -0.00727043
vt 0.725612 -0.0134129
vt 0.717666 -0.0153445
vt 0.767692 -0.0134129
vt 0.757067 0.000369631
vt 0.371414 0.121613
vt -17.9054 0.0112338
vt -17.9582 -8.11573e-14
vt -17.856 -8.43769e-14
vt -17.8511 0.00105992
vt -18.3655 0.0115661
vt -18.2863 0.0561481
vt -18.3861 0.0344244
vt -18.4602 0.0115661
vt 0.350873 0.115797
vt 0.35039 0.11473
vt 0.405919 0.0994564
vt 0.724495 0.0267284
vt 0.695682 0.0600787
vt 0.708302 0.0427306
vt 0.651286 0.0872954
vt 0.66439 0.069725
vt 0.49371 0.104701
vt 0.503227 0.115797
vt 0.672436 -0.0126536
vt 0.689351 -0.0126536
vt 0.726335 0.0219267
vt -16.8919 0.0105979
vt -16.8407 0.000999921
vt -16.8453 -8.24896e-14
vt -16.9417 -7.81597e-14
vt -0.331952 0.152897
vt -0.431371 0.0984364
vt -0.423341 0.0942014
vt -0.329996 0.145959
vt -0.223279 0.144111
vt -0.441452 0.0890071
vt -0.448753 0.0794807
vt -0.154467 0.152897
vt -0.110862 -0.0837739
vt -0.094467 -0.0837739
vt -0.094467 0.0229594
vt -0.110862 0.0229594
vt 0.110862 0.188982
vt 0.094467 0.188982
vt 0.094467 0.0822489
vt 0.110862 0.0822489
vt -0.110862 0.0294276
vt -0.110862 -0.176765
vt -0.094467 -0.176765
vt -0.094467 0.0294276
vt -9.00733 0.0894602
vt -8.8611 0.0841364
vt -8.98202 0.0718233
vt -8.965 0.0320742
vt -9.00862 0.0880947
vt -8.81405 0.0894602
vt -8.96296 0.0454141
vt 0.0417887 0.207645
vt 0.0285095 0.207645
vt 0.0285095 0.098673
vt 0.0417887 0.098673
vt 0.0417887 -0.0696208
vt 0.0285095 -0.0696208
vt 0.0285095 -0.102188
vt 0.0417887 -0.102188
vt -0.0417887 0.217006
vt -0.0417887 0.0954639
vt -0.0285095 0.0954639
vt -0.0285095 0.217006
vt -8.48167 0.0651938
vt -8.36075 0.0775068
vt -8.49748 0.0843964
vt -8.4987 0.0831082
vt -8.45755 0.0302587
vt -8.46261 0.0387846
vt -8.31514 0.0843964
vt 1.91531 0.0305768
vt 1.97186 0.00194849
vt 1.95908 -0.00186588
vt 1.91341 0.0212528
vt 1.87762 0.12219
vt 1.86712 0.236823
vt -0.0334046 -0.210544
vt -0.0230166 -0.210544
vt -0.0230166 0.00125598
vt -0.0334046 0.00280991
vt -0.0228581 0.00280991
vt -0.313163 0.144242
vt -0.310832 0.132167
vt -0.404176 0.0804088
vt -0.415342 0.087966
vt -0.41412 0.0889391
vt -0.247428 0.144242
vt -0.434445 0.0722142
vt -0.428732 0.0802192
vt -0.41684 0.0874489
vt -0.434605 0.072289
vt -0.434363 0.0760688
vt -0.204115 0.130319
vt -0.152434 0.142568
vt -0.415446 0.0882125
vt -0.0334046 0.0539176
vt -0.0334046 -0.159543
vt -0.0230166 -0.159327
vt -0.0228581 -0.159543
vt -0.0230166 0.0539176
vt 1.99309 0.244769
vt 1.97994 0.242408
vt 1.99027 0.129522
vt 2.22162 0.254307
vt 2.20644 0.237879
vt 2.24527 0.119411
vt 2.04163 0.0370098
vt 2.28003 0.0587268
vt 1.99168 0.254307
vt 2.02822 0.022528
vt 2.07663 -0.00197783
vt 2.10306 0.00591124
vt 2.26649 0.054687
vt -1.59005 -0.128547
vt -1.57973 -0.106839
vt -1.55349 -0.113354
vt -1.67824 0.0422902
vt -1.64641 0.0297134
vt -1.6529 0.0422902
vt -1.6453 0.0303854
vt -1.53864 -0.136602
vt -0.0230166 -0.131539
vt -0.0230166 0.0574818
vt -0.0334046 -0.00686769
vt -0.0228201 0.0625481
vt -0.0333541 0.0625481
vt -0.0334046 0.0612457
vt -0.0334046 -0.131539
vt 0.0334046 0.145577
vt 0.0334046 0.214432
vt 0.0230166 0.208963
vt 0.0221495 0.241456
vt 0.0326834 0.241456
vt 0.0230166 0.145577
vt -0.0326834 -0.0302721
vt -0.0333541 -0.182236
vt -0.0228201 -0.182236
vt -0.0221495 -0.0302721
vt 1.86684 0.239912
vt 2.13031 0.239912
vt 2.08012 0.231446
vt 2.139 0.0518307
vt 2.18259 0.064841
vt 1.86699 0.238329
vt 1.86507 0.133804
vt 2.13261 0.133804
vt 2.13031 0.12
vt 1.86684 0.12
vt -1.55696 0.0267563
vt -1.55262 0.0293702
vt -1.5771 0.0677107
vt -1.51335 -0.119186
vt -1.49028 -0.109796
vt -1.45155 -0.12887
vt -1.45873 -0.117629
vt -1.59328 0.0677107
vt -1.60983 0.0677107
vt 0.923151 0.140249
vt 0.938933 0.140249
vt 0.888343 0.0580276
vt 0.872147 0.0546325
vt 0.0512979 -0.00378295
vt 0.0428239 -0.010399
vt 0.0428239 -0.110057
vt 0.0512979 -0.120188
vt 0.0424075 -0.00378295
vt 0.0428239 -0.120188
vt -0.0512979 -0.0102465
vt -0.0412257 -0.0102465
vt -0.0424075 0.0105756
vt -0.0512979 0.0105756
vt -0.447607 0.00883776
vt -0.45746 0.0256227
vt -0.344184 0.149283
vt -0.449468 3.07046e-15
vt -0.274572 0.18947
vt -0.280773 0.206024
vt -0.241548 0.202712
vt -0.253764 0.188072
vt -0.241143 0.193255
vt -0.251903 0.181709
vt -0.542635 0.195246
vt -0.538564 0.195589
vt -0.447405 -2.60209e-16
vt -0.0412257 0.302876
vt -0.0512979 0.302876
vt -0.0428239 0.0621208
vt -0.0512979 0.0527387
vt -0.0428239 0.0616413
vt -0.0409753 0.0527387
vt -0.0426927 0.0605968
vt -0.0512979 -2.55481e-15
vt -0.0428239 -3.68629e-17
vt -0.0428239 0.0254558
vt -0.0512979 0.0254558
vt 0.0428239 0.0862568
vt 0.0512979 0.0862568
vt 0.0512979 0.271645
vt 0.0428239 0.271645
vt 0.717189 0.102803
vt 0.703415 0.116959
vt 0.694327 0.105007
vt 0.70446 0.0941741
vt 0.895295 0.0217475
vt 0.890514 0.0370217
vt 0.965657 0.177604
vt 0.697669 0.177604
vt 0.710025 0.167019
vt 0.700413 0.157666
vt 0.688946 0.168759
vt 0.970353 0.173069
vt 0.96014 0.1636
vt 0.973304 0.147468
vt 0.920094 0.0269459
vt 0.91373 0.0474635
vt 0.992342 0.144368
vt 0.670422 0.101268
vt 0.685489 0.116145
vt 0.67593 0.126365
vt 0.843747 0.0354867
vt 0.856313 0.0513133
vt 0.672159 0.165362
vt 0.6543 0.147254
vt 0.866962 0.0459286
vt 0.672639 0.165355
vt 0.872147 0.0546325
vt 0.656647 0.115424
vt -0.0512979 -0.00205176
vt -0.0428239 -0.00205176
vt -0.0428239 0.0177002
vt -0.0512979 0.0177002
vt -0.0512979 -0.12984
vt -0.0428239 -0.12984
vt -0.0428239 -0.0979242
vt -0.0512979 -0.089023
vt -0.0428239 -0.089023
vt -0.134795 0.108983
vt -0.111806 0.118077
vt -0.118985 0.108597
vt -0.111446 0.119066
vt -0.126676 0.105083
vt -0.143827 0.105083
vt -0.0416883 0.00843094
vt -0.0512979 0.0133397
vt -0.0428239 -7.16474e-05
vt -0.0428239 -0.0168457
vt -0.0425156 -0.0168112
vt -0.041658 -2.38333e-05
vt -0.0409753 0.0133397
vt -0.0512979 -7.16474e-05
vt -0.0414263 0.00451115
vt 0.641624 0.144433
vt 0.653646 0.156131
vt 0.6543 0.147254
vt 0.647392 0.140249
vt 0.641977 0.140249
vt -0.439915 -0.0200192
vt -0.447301 -0.00453971
vt -0.446917 -0.0213446
vt -0.443607 -0.0239808
vt 0.0381095 -0.0358864
vt 0.0381095 0.0062023
vt 0.0298798 -0.000870997
vt 0.0298798 0.00332742
vt 0.0270654 0.0062023
vt 0.0295704 0.0033493
vt 0.0270654 -0.0358864
vt -0.0381095 -0.0116838
vt -0.0270654 -0.0116838
vt -0.0270654 0.062408
vt -0.0381095 0.062408
vt -0.0270654 0.109108
vt -0.0381095 0.109108
vt -0.0381095 -0.0808234
vt -0.0270654 -0.0808234
vt 2.13261 0.067
vt 2.09714 0.0786933
vt 2.14712 0.102196
vt 2.15101 0.101626
vt 2.1606 0.0945958
vt 1.86507 0.067
vt 1.9074 0.0874026
vt 1.86369 0.0738582
vt 1.86605 0.0814057
vt 2.06763 0.149692
vt 2.03808 0.159083
vt 2.04997 0.165121
vt 2.07756 0.155464
vt 2.14745 0.104231
vt 2.12823 0.107059
vt 1.90122 0.0941803
vt 2.16151 0.0933707
vt 2.20222 0.164791
vt 2.19395 0.145791
vt 2.25455 0.103158
vt 2.17296 0.175028
vt 2.1644 0.155182
vt 2.01253 0.101998
vt 2.02754 0.0902801
vt 2.22405 0.07102
vt 2.27132 0.114138
vt 2.00283 0.07102
vt 2.03372 0.0835023
vt 2.22345 0.0747931
vt 0.0381095 0.127343
vt 0.0270654 0.127343
vt 0.0270654 0.118169
vt 0.0381095 0.118169
vt -0.0270654 0.192787
vt -0.0381095 0.192787
vt -0.0381095 0.161777
vt -0.0270654 0.161777
vt -0.0381095 -0.179332
vt -0.0270654 -0.179332
vt -0.0270654 -0.0278651
vt -0.0381095 -0.0278651
vt -3.51624 0.154743
vt -3.52237 0.157677
vt -3.54482 0.134138
vt -3.52221 0.159357
vt -3.5477 0.12348
vt -3.53962 0.124418
vt -3.52242 0.159799
vt -3.54019 0.113004
vt -3.53609 0.112049
vt -3.54592 0.118052
vt -3.531 0.117746
vt -3.54795 0.134063
vt 0.0509902 0.198645
vt 0.0331687 0.198645
vt 0.0335895 0.160355
vt 0.0509902 0.160355
vt 0.0509902 -0.0814853
vt 0.032029 -0.0814853
vt 0.0331687 -0.173188
vt 0.032029 -0.180643
vt 0.0509902 -0.173188
vt -0.0509902 -0.0754047
vt -0.0352372 -0.0754047
vt -0.0352372 -0.00858474
vt -0.0509902 0.0151953
vt -0.032029 0.0151953
vt -0.0509902 0.000626186
vt -0.0509902 -0.173188
vt -0.0352372 -0.162411
vt -0.0335895 -0.173188
vt -0.0352372 0.000626186
vt 14.1989 0.0435492
vt 14.281 0.00525999
vt 14.2725 5.57332e-14
vt 14.3765 5.50671e-14
vt 14.2027 0.0269702
vt 14.3799 0.0484702
vt 14.3727 0.00525999
vt 14.1651 0.0484702
vt 14.3727 0.0435492
vt 15.1614 0.00231028
vt 15.1906 0.0273706
vt 15.1522 0.0226391
vt 15.3242 -0.000694653
vt 15.3373 -0.00151028
vt 15.3325 0.00690442
vt 15.3176 0.010305
vt 15.3134 0.0214283
vt 15.1998 0.0363012
vt 15.1334 0.0060747
vt 15.3999 0.0133802
vt 15.3935 0.00214155
vt 15.2707 0.0849825
vt 15.2702 0.0849825
vt 15.1823 0.0391912
vt 15.1583 0.0385957
vt 15.1213 0.0193189
vt 15.2761 0.0849825
vt 15.4003 0.0176931
vt -0.0414517 -0.137188
vt -0.0328171 -0.137188
vt -0.0328171 -0.0604908
vt -0.0414517 -0.0359828
vt -0.0273597 -0.0359828
vt 0.0414517 0.160355
vt 0.0414517 0.181645
vt 0.0340594 0.181645
vt 0.0328171 0.160355
vt -22.2141 0.0945117
vt -22.1801 0.132654
vt -22.2433 0.0925686
vt -22.1723 0.123801
vt -22.1209 0.123801
vt -22.2482 0.0848
vt -22.1102 0.132654
vt -22.1129 0.115801
vt -22.1048 0.0848
vt -22.1129 0.0945117
vt -22.103 0.12091
vt -20.8643 0.191926
vt -20.8682 0.189804
vt -20.8762 0.197818
vt -20.8682 0.168479
vt -20.9637 0.147332
vt -20.8667 0.152634
vt -20.8825 0.215118
vt -20.864 0.14985
vt -20.9449 0.168479
vt -20.913 0.197818
vt -0.0414517 0.0113137
vt -0.0414517 7.87131e-16
vt -0.0345262 3.88925e-15
vt -0.0340594 0.0113137
vt 32.2284 0.0270078
vt 32.2596 0.0552278
vt 32.2525 0.066428
vt 32.2631 0.040174
vt 32.2603 0.0538533
vt 32.2215 0.0966378
vt -1.2945 0.0565181
vt -1.19582 0.04558
vt -1.29708 0.04558
vt -1.14256 0.0565181
vt -1.30573 0.0482172
vt -5.22663 0.0212
vt -5.20757 0.0527866
vt -5.20652 0.0516321
vt -5.20616 0.0425885
vt -5.20964 0.0212
vt -1.29708 0.0907395
vt -1.19582 0.0907395
vt -1.234 0.0783851
vt -1.278 0.0804555
vt 5.21281 3.24185e-14
vt 5.23491 0.0303831
vt 5.22663 0.0423164
vt 5.3129 3.26961e-14
vt 5.20964 0.0423164
vt 5.19739 2.98095e-14
vt 5.28057 3.29181e-14
vt -0.035614 0.0653626
vt -0.0337073 0.0105523
vt -0.0206314 0.0226459
vt -0.035614 0.0989676
vt -0.0225183 0.0768887
vt -0.020052 0.0105523
vt -0.0225183 0.0989676
vt 4.95087 0.0300685
vt 5.01217 3.09197e-14
vt 4.99606 3.02536e-14
vt 0.035614 0.280148
vt 0.0225183 0.280148
vt 0.0225183 0.114014
vt 0.035614 0.114014
vt -0.0225183 0.0225343
vt -0.035614 0.0225343
vt -0.035614 -0.109603
vt -0.0225183 -0.109603
vt 8.88054 0.133373
vt 8.89071 0.146211
vt 8.83668 0.140078
vt 8.94001 0.133821
vt 8.93083 0.146211
vt 8.77207 0.122811
vt 8.80371 0.12267
vt 8.68562 0.0665177
vt 8.81405 0.0325518
vt 8.81592 0.0445529
vt 9.00733 0.0325518
vt 8.98205 0.0458041
vt 8.70201 0.089496
vt 8.99957 0.0533861
vt 8.65665 0.0602701
vt 8.98033 0.0793651
vt -0.035614 -0.0432316
vt -0.0225183 -0.0432316
vt -0.0225183 0.0343338
vt -0.035614 0.0343338
vt -0.035614 0.140875
vt -0.035614 0.0101149
vt -0.0225183 0.0101149
vt -0.0225183 0.140875
vt 0.0202922 -0.168775
vt 0.0337073 -0.170379
vt 0.035614 -0.132855
vt 0.035614 -0.073381
vt 0.0225183 -0.073381
vt 0.0225183 -0.124964
vt 0.020052 -0.170379
vt -0.0414517 0.189645
vt -0.0414517 0.13858
vt -0.0305345 0.169563
vt -0.0273597 0.13858
vt -0.0354641 0.217669
vt -0.0345262 0.189645
vt -20.9189 0.197818
vt -20.9276 0.197818
vt -20.9047 0.213919
vt 0.0414517 -0.129188
vt 0.0414517 -0.0778121
vt 0.0345262 -0.0924626
vt 0.0345262 -0.0778121
vt 0.0345262 -0.0864963
vt 0.0345262 -0.129188
vt 15.1213 0.0193189
vt 15.1035 0.0100848
vt 15.0945 0.0112975
vt 15.0732 0.0141637
vt -20.9189 0.197818
vt -20.925 0.191005
vt -20.913 0.197818
vt 13.4024 0.0381042
vt 13.3881 0.0140903
vt 13.4012 0.0098649
vt 13.3547 0.0248208
vt 13.3528 0.0457266
vt 13.4212 0.0098649
vt 13.3471 0.0377791
vt 13.566 0.0457266
vt 13.463 0.0098649
vt 13.5654 0.0381042
vt 8.38019 0.12883
vt 8.30336 0.118127
vt 8.31837 0.130092
vt 8.31514 0.0307093
vt 8.31557 0.0400101
vt 8.4817 0.0412612
vt 8.16665 0.0568586
vt 8.18528 0.0619748
vt 8.20944 0.0844302
vt 8.28892 0.122221
vt 8.43177 0.129219
vt 8.38746 0.137935
vt 8.48058 0.0633112
vt 8.49016 0.0503643
vt 8.42531 0.137935
vt 8.49748 0.0307093
vt 4.91475 0.0399212
vt 4.93079 0.0399212
vt 4.91405 3.08642e-14
vt 4.9032 2.81442e-14
vt 4.93985 0.0354738
vt -4.93079 0.02
vt -4.91475 0.02
vt -4.91147 0.0401778
vt -4.91192 0.0512626
vt -1.22366 0.0856033
vt -1.20566 0.0759014
vt -1.16415 0.0739482
vt -1.12814 0.0856033
vt -48.2294 0.179129
vt -48.2535 0.254912
vt -48.2534 0.254361
vt -48.2467 0.224612
vt -1.12814 0.043
vt -1.06002 0.0569878
vt -1.06796 0.0555792
vt -1.22366 0.043
vt -1.23427 0.0462325
vt -1.23663 0.0472311
vt -1.23668 0.0569878
vt -1.06058 0.0569878
vt -1.14259 0.0569878
vt -0.0606574 -0.0128995
vt -0.0514321 -0.00542719
vt -0.0514321 0.0741045
vt -0.0606574 0.120368
vt -0.0506642 -0.0128995
vt -0.0500802 0.120368
vt -17.3454 0.0324759
vt -17.2512 0.0529699
vt -17.3346 0.00949698
vt -17.3808 0.00654686
vt -17.3337 0.00654686
vt -17.334 0.00654686
vt -17.4295 0.00654686
vt -48.205 0.136439
vt -48.2127 0.135405
vt -48.2126 0.135127
vt 0.0606574 -0.0961879
vt 0.0606574 -0.0549537
vt 0.0514321 -0.0654025
vt 0.0514321 -0.0576476
vt 0.0500802 -0.0549537
vt 0.0511538 -0.0961879
vt 0.0606574 0.125555
vt 0.0606574 0.289645
vt 0.0514321 0.288481
vt 0.0511538 0.289645
vt 0.0514321 0.125555
vt -51.1034 0.152281
vt -51.1062 0.13409
vt -51.14 0.222604
vt -51.1438 0.279267
vt -51.1643 0.431225
vt -51.1547 0.287864
vt -51.1453 0.457074
vt -51.1367 0.445671
vt -51.0755 0.334385
vt -51.0844 0.320403
vt -51.0499 0.143844
vt -51.0625 0.157778
vt -51.1773 0.438113
vt -51.1319 0.460197
vt -48.2486 0.428437
vt -48.1963 0.303168
vt -48.2 0.350616
vt -48.2452 0.446221
vt -48.2745 0.443132
vt -48.1719 0.142163
vt -48.2394 0.438712
vt -48.2797 0.429047
vt -48.2657 0.336004
vt -48.2762 0.41399
vt -48.1746 0.141696
vt -0.0606574 0.00507525
vt -0.0514321 0.00507525
vt -0.0514321 0.0837636
vt -0.0606574 0.158402
vt -0.0506642 0.158402
vt -0.0606574 0.103182
vt -0.0606574 -0.0325665
vt -0.0514321 -0.0325665
vt -0.0514321 0.103182
vt -0.0514321 -0.0314912
vt -0.0606574 -0.0314912
vt -0.0606574 -0.0626094
vt -0.0514321 -0.0626094
vt 0.443814 0.114081
vt 0.448894 0.0992609
vt 0.395225 0.0755105
vt 0.39087 0.0346927
vt 0.381632 0.0869054
vt 0.382134 0.0879643
vt 0.468586 0.0879745
vt 0.465275 0.0822214
vt 0.402056 0.031746
vt 0.394539 0.0291415
vt 0.436356 0.0319712
vt 0.437611 0.0341519
vt -0.0531431 -0.0272553
vt -0.0390171 -0.0272553
vt -0.0390171 0.0314338
vt -0.0531431 0.0314338
vt -0.0531431 -0.115188
vt -0.0390171 -0.115188
vt -0.0390171 -0.0708935
vt -0.0531431 -0.0708935
vt 0.405062 0.0932421
vt 0.414871 0.0870865
vt 0.46854 0.110837
vt 0.462537 0.0338895
vt 0.457909 0.045772
vt 0.421702 0.043322
vt 0.470443 0.120926
vt 0.486144 0.0925253
vt 0.418211 0.03089
vt 0.496701 0.093253
vt 0.40453 0.0921197
vt 0.414322 0.0367743
vt 0.0531431 0.139355
vt 0.0531431 0.175645
vt 0.0390171 0.174991
vt 0.0389303 0.175645
vt 0.0390171 0.139355
vt 0.0531431 -0.0509892
vt 0.0390171 -0.0509892
vt 0.0390171 -0.0746258
vt 0.0531431 -0.0763903
vt 0.0387462 -0.0763903
vt -0.0531431 -0.0517894
vt -0.0387462 -0.0517894
vt -0.0389303 0.00282843
vt -0.0531431 0.00282843
vt -0.481768 0.0419984
vt -0.479075 0.0552211
vt -0.472863 0.0578299
vt -0.317344 0.0297776
vt -0.351158 0.0251068
vt -0.486267 0.0481641
vt -0.480658 0.0542473
vt -0.304838 0.0263752
vt -0.303642 0.0250502
vt -0.30715 0.0194152
vt -0.289468 0.0776253
vt -0.274988 0.0721149
vt -0.272999 0.0742687
vt -0.274329 0.0721327
vt -0.314555 0.0203729
vt -0.315784 0.022502
vt -0.304008 0.0923344
vt -0.314715 0.0923344
vt -0.0640696 0.00268701
vt -0.0640696 -0.0301961
vt -0.0498842 -0.0277781
vt -0.049443 -0.0301961
vt -0.0498842 0.00268701
vt 0.0640696 0.293926
vt 0.0498842 0.293926
vt 0.0498842 0.17507
vt 0.0640696 0.139602
vt 0.049443 0.139602
vt 0.0640696 -0.167102
vt 0.0640696 0.0191593
vt 0.0498842 0.0191593
vt 0.0498842 -0.167102
vt 3.10096 0.143411
vt 3.08313 0.144769
vt 3.03896 0.0927085
vt 3.02449 0.0756496
vt 3.03852 0.040261
vt 3.03242 0.0825228
vt 3.0993 0.158131
vt 3.03102 0.0833498
vt 3.23118 0.00346962
vt 3.2352 0.00469011
vt 3.2226 0.0118451
vt 3.10979 0.145979
vt 3.14019 0.143973
vt 3.13598 0.150141
vt 3.101 0.158626
vt 3.04035 0.0679537
vt 3.01974 0.0394453
vt 3.02062 0.0370383
vt 3.16099 0.113484
vt 3.28754 0.156213
vt 3.27872 0.153645
vt 3.28526 0.167619
vt 3.20596 0.0801886
vt 3.2181 0.078188
vt 3.21628 0.0504953
vt 3.26812 0.153455
vt 3.28706 0.168144
vt 3.32414 0.15915
vt 3.32036 0.154048
vt 3.42931 0.00497152
vt 3.40036 0.0220794
vt 3.21293 0.0374956
vt 3.42505 0.00367779
vt 3.20116 0.043609
vt -0.0498842 -0.0462425
vt -0.0498842 0.0505459
vt -0.0640696 0.0505459
vt -0.0640696 -0.0462425
vt -0.0640696 0.211624
vt -0.0640696 0.183871
vt -0.0498842 0.183871
vt -0.0498842 0.211624
vt -0.0640696 -0.0822879
vt -0.0498842 -0.0822879
vt -0.0498842 -0.0730966
vt -0.0640696 -0.0730966
vt -0.0517362 0.078637
vt 0.0220936 0.0562447
vt 0.0214208 0.0665146
vt -0.0543283 0.200981
vt -0.045272 0.0907888
vt 0.00431385 0.200981
vt -0.000382004 0.190165
vt -0.045272 0.190165
vt 0.02768 0.0553868
vt -0.0548404 0.0833552
vt -0.0497581 0.100219
vt 0.0169347 0.075945
vt 0.0293408 0.05871
vt 0.0234192 0.0596194
vt -0.057588 0.21304
vt -0.0497581 0.199595
vt 0.00457268 0.21304
vt -0.00486808 0.199595
vt 0.0909867 0.131672
vt 0.0909867 0.202645
vt 0.0732361 0.202645
vt 0.0732361 0.131672
vt 0.0732361 -0.0108121
vt 0.0732361 -0.110188
vt 0.0909867 -0.110188
vt 0.0909867 -0.0108121
vt -0.0909867 0.157755
vt -0.0732361 0.157755
vt -0.0732361 0.202645
vt -0.0909867 0.202645
vt -0.0732361 -0.0106897
vt -0.0909867 -0.0106897
vt -0.0909867 -0.136247
vt -0.0732361 -0.136247
vt 0.195236 0.00604002
vt 0.186684 0.0100938
vt 0.191512 0.0044653
vt 0.19181 0.00439332
vt 0.0964265 0.042945
vt 0.2483 0.0490362
vt 0.233601 0.042945
vt 0.0684806 0.0490362
vt -0.0292097 -0.0629041
vt -0.0292097 0.0331464
vt -0.0480776 0.0331464
vt -0.0480776 -0.0629041
vt -0.0292097 0.254577
vt -0.0480776 0.254577
vt -0.0480776 0.117403
vt -0.0292097 0.117403
vt -0.0480776 -0.0404524
vt -0.0480776 -0.0977267
vt -0.0292097 -0.0977267
vt -0.0292097 -0.0404524
vt -0.0476836 5.26454e-14
vt 0.00870831 0.0179836
vt -0.072334 0.0179836
vt -0.17854 5.24095e-14
vt 0.198088 0.0116666
vt 0.20695 0.00640242
vt 0.203319 0.00465692
vt 0.245004 0.0445178
vt 0.263198 0.0519784
vt 0.10783 0.0445178
vt 0.203003 0.00473321
vt 0.0725894 0.0519784
vt -0.0505446 5.50289e-14
vt -0.189252 5.64271e-14
vt -0.076674 0.0190626
vt 0.00923081 0.0190626
vt -0.24574 0.0451203
vt -0.25881 0.0461781
vt -0.243034 0.0247374
vt 0.153527 0.0344579
vt -0.00934084 0.0465976
vt -0.00207505 0.0451203
vt -0.242595 0.0247806
vt 0.168376 0.0247806
vt 0.162241 0.0307445
vt -0.231364 0.0307445
vt 0.174122 0.0318767
vt -0.2483 0.0490362
vt -0.0684806 0.0490362
vt 0.184729 0.0282357
vt 0.184256 0.0301391
vt -0.259184 0.0457474
vt 0.161995 0.0162065
vt 0.185651 0.029315
vt -0.257144 0.0434254
vt -0.274339 0.0489487
vt -0.263198 0.0519784
vt 0.195813 0.0299299
vt 0.184569 0.0337893
vt 0.195312 0.0319475
vt -0.0099013 0.0493935
vt 0.162739 0.0365254
vt 0.150837 0.0290497
vt -0.0725894 0.0519784
vt -0.0134787 0.0434254
vt -0.253501 0.0208688
vt -0.242768 0.0290497
vt -0.274735 0.0484923
vt 0.178689 0.0208688
vt 0.19679 0.0310739
vt 0.0191229 -0.0100204
vt 0.0374633 -0.0100204
vt 0.0374633 0.233645
vt 0.0191229 0.233645
vt 0.0191229 -0.0751879
vt 0.0374633 -0.0751879
vt 0.0374633 0.0897555
vt 0.0191229 0.0897555
vt -0.0191229 0.0043554
vt -0.0191229 0.39796
vt -0.0374633 0.39796
vt -0.0374633 0.0043554
vt -0.0374633 -0.0811425
vt -0.0191229 -0.0811425
vt -0.0191229 -0.0608121
vt -0.0374633 -0.0608121
vt 0.0191253 0.0367516
vt 0.134635 0.0526028
vt 0.0892499 0.0494647
vt 0.147813 0.0538034
vt 0.0237828 0.0169826
vt 0.00941887 0.0385096
vt -0.072334 0.009
vt -0.0285531 0.0166959
vt 0.00870831 0.009
vt 0.165762 0.0538034
vt 0.00893924 0.0366293
vt 0.009984 0.0408202
vt 0.0946049 0.0524326
vt 0.00923081 0.00954
vt 0.0135967 0.0168603
vt 0.124449 0.0524805
vt -0.0387391 0.0165736
vt 0.156681 0.0570316
vt -0.076674 0.00954
vt 0.175708 0.0570316
vt -0.0477761 -0.0493057
vt -0.0288288 -0.0493057
vt -0.0288288 0.00303091
vt -0.0477761 0.00303091
vt 0.0477761 0.160355
vt 0.0477761 0.276948
vt 0.0288288 0.276948
vt 0.0288288 0.160355
vt -0.0477761 0.162027
vt -0.0288288 0.162027
vt -0.0288288 0.278462
vt -0.0477761 0.278462
vt -0.0477761 -0.0324631
vt -0.0477761 -0.0841879
vt -0.0288288 -0.0841879
vt -0.0288288 -0.0324631
vt 0.0980844 -0.035225
vt 0.0423438 -0.0680724
vt 0.0502013 -0.0630714
vt 0.066757 -0.0501281
vt 0.159641 0.147895
vt 0.158405 0.140351
vt 0.0322187 -0.0687413
vt 0.0450573 -0.0758611
vt 0.0246861 -0.0758611
vt 0.0620408 -0.0490167
vt -0.0184244 0.0156065
vt -0.00908787 0.0186002
vt -0.00908787 -0.00974937
vt 0.0623452 0.107018
vt 0.0637162 0.0914042
vt 0.134349 0.141944
vt 0.0736707 0.098872
vt -0.0152377 -0.0172168
vt 0.0753322 0.110355
vt 0.0835996 0.0987473
vt -0.0158049 -0.0175761
vt 0.134983 0.148205
vt -0.0201307 0.0158629
vt -0.0108584 0.0142373
vt 0.0619456 0.0870414
vt -0.0180819 -0.016718
vt -0.0108584 -0.0141122
vt 0.0261672 -0.0804127
vt 0.0304482 -0.0731042
vt 0.0660859 0.113439
vt 0.0512909 -0.0804127
vt 0.0484308 -0.0674343
vt 0.0798522 0.116976
vt -0.0396686 0.00732146
vt -0.0600203 0.00732146
vt -0.0600203 -0.0115338
vt -0.0396686 -0.0115338
vt 0.0600203 0.208645
vt 0.0396686 0.208645
vt 0.0396686 0.105684
vt 0.0600203 0.105684
vt 0.0396686 -0.0558383
vt 0.0396686 -0.0841879
vt 0.0600203 -0.0841879
vt 0.0600203 -0.0558383
vt -0.0600203 0.130916
vt -0.0396686 0.130916
vt -0.0396686 0.202932
vt -0.0600203 0.202932
vt -0.0600203 -0.00251628
vt -0.0600203 -0.157582
vt -0.0396686 -0.157582
vt -0.0396686 -0.00251628
vt -0.0170938 0.015558
vt -0.0572724 -0.00296146
vt -0.0522783 -0.00911581
vt -0.112326 0.00559346
vt -0.108327 0.00627412
vt -0.15963 0.0332696
vt -0.0583742 -0.00795477
vt -0.105516 0.0379696
vt -0.113885 0.0330671
vt -0.0158112 0.00479255
vt 0.00077876 0.0187234
vt 0.000481104 0.0187952
vt -0.192432 0.0379696
vt -0.111847 0.0402477
vt 0.00050997 0.0199229
vt -0.0177012 0.0157172
vt -0.0618767 -0.00843205
vt -0.119066 0.00592907
vt -0.108935 0.00643324
vt -0.114493 0.0332263
vt -0.160237 0.0334288
vt -0.0578798 -0.00280233
vt -0.0167599 0.0050801
vt -0.055415 -0.00966276
vt -0.203978 0.0402477
vt 0.000825485 0.0198468
vt -0.0251261 0.00853277
vt -0.0440038 0.00853277
vt -0.0440038 -0.0494385
vt -0.0251261 -0.0494385
vt 0.0251261 0.155355
vt 0.0440038 0.155355
vt 0.0440038 0.207239
vt 0.0251261 0.207239
vt 0.0440038 -0.105933
vt 0.0440038 -0.0601888
vt 0.0251261 -0.0601888
vt 0.0251261 -0.105933
vt -0.0251261 0.119115
vt -0.0251261 0.217478
vt -0.0440038 0.217478
vt -0.0440038 0.119115
vt -0.0440038 -0.0439466
vt -0.0440038 -0.0881879
vt -0.0251261 -0.0881879
vt -0.0251261 -0.0439466
vt -0.231579 0.136062
vt -0.225548 0.125707
vt -0.233716 0.124796
vt -0.223416 0.139896
vt -0.104593 0.0517335
vt -0.238899 0.12743
vt -0.0996356 0.0337661
vt -0.0820015 0.0338578
vt -0.0797152 -1.46376e-14
vt -0.0982253 0.0128816
vt -0.251558 0.0952625
vt -0.202087 -1.46445e-14
vt -0.202278 0.00585513
vt -0.256465 0.0925774
vt -0.235071 0.128
vt -0.109159 0.0360591
vt -0.110869 0.0548375
vt -0.245473 0.144226
vt -0.253232 0.135076
vt -0.24324 0.127089
vt -0.0869216 0.0358893
vt -0.236821 0.148289
vt -0.107749 0.0151745
vt -0.271853 0.098132
vt -0.261081 0.0975554
vt -0.214212 -1.54633e-14
vt -0.211801 0.00814808
vt -0.0844981 -1.52846e-14
vt -0.0895362 -0.00559481
vt -0.0895362 0.00262429
vt -0.107185 0.00262429
vt -0.107185 -0.00559481
vt -0.0895362 -0.0707407
vt -0.0895362 0.0851665
vt -0.107185 0.0851665
vt -0.107185 -0.0707407
vt 0.0895362 0.252645
vt 0.0895362 0.148355
vt 0.107185 0.148355
vt 0.107185 0.252645
vt 0.107185 -0.115256
vt 0.0895362 -0.115256
vt 0.0895362 -0.136188
vt 0.107185 -0.136188
vt -0.0895362 0.165458
vt -0.107185 0.165458
vt -0.107185 0.130953
vt -0.0895362 0.130953
vt -0.107185 -0.0340985
vt -0.107185 -0.136188
vt -0.0895362 -0.136188
vt -0.0895362 -0.0340985
vt -0.0543283 0.101
vt -0.0549298 0.10919
vt -0.12502 0.153402
vt 0.00376693 0.112017
vt -0.123226 0.167516
vt -0.129558 0.171189
vt 0.00431385 0.101
vt 0.082782 0.205772
vt 0.0695369 0.198531
vt -0.132825 0.169245
vt -0.0215647 0.205772
vt -0.147886 0.153674
vt -0.0159239 0.201878
vt -0.057588 0.10706
vt -0.0594159 0.114416
vt -0.000719147 0.117243
vt -0.156759 0.162895
vt -0.129506 0.158628
vt -0.140794 0.1794
vt -0.137331 0.18146
vt -0.127712 0.172742
vt -0.0228586 0.218119
vt -0.0204099 0.207104
vt 0.0877489 0.218119
vt 0.0650508 0.203756
vt 0.00457268 0.10706
vt -0.0689154 -0.0105094
vt -0.0689154 0.0981658
vt -0.0868401 0.0981658
vt -0.0868401 -0.0105094
vt -0.0689154 -0.00662027
vt -0.0689154 0.00760713
vt -0.0868401 0.00760713
vt -0.0868401 -0.00662027
vt 0.0689154 0.146006
vt 0.0868401 0.146006
vt 0.0868401 0.204771
vt 0.0689154 0.204771
vt 0.0689154 -0.0314567
vt 0.0689154 -0.114326
vt 0.0868401 -0.114326
vt 0.0868401 -0.0314567
vt -0.0689154 0.252025
vt -0.0868401 0.252025
vt -0.0868401 0.139355
vt -0.0689154 0.139355
vt -0.0868401 -0.121338
vt -0.0689154 -0.121338
vt -0.0689154 -0.0358121
vt -0.0868401 -0.0358121
vt -50.3252 0.144389
vt -50.3463 0.175248
vt -50.3595 0.162142
vt -50.3203 0.0326509
vt -50.342 0.125651
vt -50.3574 0.110506
vt -50.242 0.0658198
vt -50.2877 0.0315746
vt -50.2766 0.0227634
vt -50.2365 0.0559495
vt -50.1981 0.0942718
vt -50.2211 0.0891221
vt -50.3021 0.171648
vt -50.2667 0.15581
vt -50.2921 0.175248
vt -50.3582 0.115442
vt -50.3337 0.0227634
vt -50.2852 0.146564
vt -50.3413 0.17175
vt -50.3015 0.175248
vt -50.3411 0.175248
vt -47.4992 0.130203
vt -47.507 0.104251
vt -47.5077 0.108908
vt -47.4776 0.0372028
vt -47.4824 0.148941
vt -47.5089 0.152965
vt -47.4454 0.165328
vt -47.4424 0.151116
vt -47.4214 0.14699
vt -47.3567 0.0889356
vt -47.3784 0.0936741
vt -47.4439 0.0140804
vt -47.4746 0.0128849
vt -47.4823 0.0128849
vt -47.4965 0.165328
vt -47.3929 0.0527826
vt -47.3993 0.0703718
vt -47.4411 0.0128849
vt -47.4449 0.0361266
vt -47.4438 0.0128849
vt -0.0443482 -0.0370122
vt -0.0443482 0.00307107
vt -0.057289 0.00307107
vt -0.057289 -0.0370122
vt -0.0443482 0.053681
vt -0.057289 0.053681
vt -0.057289 -0.0418084
vt -0.0443482 -0.0418084
vt -0.0443482 0.0612272
vt -0.057289 0.0612272
vt -0.057289 0.00414092
vt -0.0443482 0.00414092
vt 0.057289 0.214645
vt 0.0443482 0.214645
vt 0.0443482 0.183343
vt 0.057289 0.183343
vt 0.0443482 -0.137188
vt 0.057289 -0.137188
vt 0.057289 -0.0511553
vt 0.0443482 -0.0511553
vt -0.057289 0.186301
vt -0.057289 0.161131
vt -0.0443482 0.161131
vt -0.0443482 0.186301
vt -0.0443482 -0.093391
vt -0.057289 -0.093391
vt -0.057289 -0.12605
vt -0.0443482 -0.12605
vt 0.175958 0.207802
vt 0.12962 0.194884
vt 0.132447 0.201853
vt 0.213577 0.205834
vt 0.207716 0.201469
vt 0.231951 0.182251
vt 0.221477 0.180853
vt 0.218347 0.0959383
vt 0.212358 0.097966
vt -0.122484 0.00287739
vt 0.104484 0.184442
vt -0.0966406 0.00553287
vt 0.169629 0.214598
vt 0.0973188 9.96425e-15
vt 0.100168 0.00801352
vt -0.122009 3.25434e-15
vt 0.151028 0.197106
vt 0.116477 0.200088
vt -0.120369 0.0106208
vt -0.0994502 0.0144173
vt -0.122143 0.00661669
vt 0.1381 0.213178
vt 0.148218 0.20599
vt 0.173149 0.216687
vt 0.231448 0.101695
vt 0.245868 0.193186
vt 0.218667 0.189737
vt 0.226392 0.218184
vt 0.204906 0.210354
vt 0.179807 0.227474
vt 0.103158 1.03355e-14
vt 0.0973586 0.016898
vt -0.122859 6.78624e-15
vt 0.209549 0.10685
vt -0.00799872 -0.010749
vt 0.00959199 -0.010749
vt 0.00959199 0.0163793
vt -0.00799872 0.0163793
vt 0.00799872 -2.94773e-15
vt 0.00799872 0.0323826
vt -0.00959199 0.0323826
vt -0.00959199 -7.07333e-16
vt -0.00799872 -0.0677183
vt 0.00959199 -0.0677183
vt 0.00959199 0.0156683
vt -0.00799872 0.0156683
vt -0.00799872 0.158755
vt -0.00799872 -0.154358
vt 0.00959199 -0.154358
vt 0.00959199 0.158755
vt 0.00799872 -0.0383206
vt -0.00959199 -0.0383206
vt -0.00959199 -0.235145
vt 0.00799872 -0.235145
vt 0.00959199 0.238581
vt -0.00799872 0.238581
vt -0.00799872 0.0947822
vt 0.00959199 0.0947822
vt -0.00799872 0.0205647
vt 0.00959199 0.0205647
vt 0.00959199 0.0453523
vt -0.00799872 0.0453523
f 1/1/1 2/2/1 3/3/1
f 4/4/2 5/5/2 6/6/2
f 1/7/2 3/8/2 4/4/2
f 6/6/2 7/9/2 4/4/2
f 5/5/2 8/10/2 6/6/2
f 4/4/2 7/9/2 1/7/2
f 9/11/3 2/12/3 1/13/3
f 10/14/3 11/15/3 2/12/3
f 2/12/3 9/11/3 10/14/3
f 1/13/3 7/16/3 9/11/3
f 9/17/4 7/18/4 6/19/4
f 6/19/4 12/20/4 9/17/4
f 6/19/4 13/21/4 12/20/4
f 10/22/5 14/23/5 15/24/5
f 15/24/5 11/25/5 10/22/5
f 14/26/6 16/27/6 17/28/6
f 17/28/6 15/29/6 14/26/6
f 12/30/7 13/31/7 18/32/7
f 18/32/7 16/33/7 12/30/7
f 18/32/7 19/34/7 16/33/7
f 19/34/7 17/35/7 16/33/7
f 18/36/8 20/37/8 21/38/8
f 18/36/8 22/39/8 23/40/8
f 23/40/8 20/37/8 18/36/8
f 21/38/8 19/41/8 18/36/8
f 23/42/9 22/43/9 24/44/9
f 24/44/9 25/45/9 23/42/9
f 25/46/10 26/47/10 27/48/10
f 25/46/10 24/49/10 26/47/10
f 27/48/10 28/50/10 25/46/10
f 29/51/11 20/52/11 30/53/11
f 29/51/11 21/54/11 20/52/11
f 29/51/11 31/55/11 32/56/11
f 32/56/11 21/54/11 29/51/11
f 30/53/11 33/57/11 29/51/11
f 29/58/12 34/59/12 31/60/12
f 33/61/13 30/62/13 35/63/13
f 35/63/13 36/64/13 33/61/13
f 37/65/14 38/66/14 39/67/14
f 39/67/14 31/68/14 34/69/14
f 39/67/14 32/70/14 31/68/14
f 39/67/14 34/69/14 37/65/14
f 40/71/15 39/72/15 38/73/15
f 38/73/15 41/74/15 40/71/15
f 42/75/16 43/76/16 44/77/16
f 28/78/16 27/79/16 43/76/16
f 43/76/16 42/75/16 28/78/16
f 44/77/16 45/80/16 42/75/16
f 46/81/17 42/82/17 47/83/17
f 42/82/17 45/84/17 47/83/17
f 47/83/17 48/85/17 46/81/17
f 46/86/18 48/87/18 49/88/18
f 49/88/18 50/89/18 46/86/18
f 49/88/18 51/90/18 50/89/18
f 52/91/19 53/92/19 48/93/19
f 53/92/19 54/94/19 49/95/19
f 49/95/19 48/93/19 53/92/19
f 48/93/19 47/96/19 52/91/19
f 51/97/20 55/98/20 56/99/20
f 56/99/20 57/100/20 51/97/20
f 57/100/20 50/101/20 51/97/20
f 55/102/21 58/103/21 59/104/21
f 59/104/21 56/105/21 55/102/21
f 59/106/22 60/107/22 61/108/22
f 61/108/22 57/109/22 56/110/22
f 61/108/22 56/110/22 59/106/22
f 62/111/23 63/112/23 60/113/23
f 59/114/23 58/115/23 64/116/23
f 64/116/23 60/113/23 59/114/23
f 60/113/23 64/116/23 62/111/23
f 30/117/24 20/118/24 23/119/24
f 65/120/24 66/121/24 46/122/24
f 67/123/24 42/124/24 46/122/24
f 35/125/24 25/126/24 28/127/24
f 25/126/24 35/125/24 30/117/24
f 61/128/24 65/120/24 50/129/24
f 46/122/24 66/121/24 67/123/24
f 68/130/24 28/127/24 42/124/24
f 23/119/24 25/126/24 30/117/24
f 46/122/24 50/129/24 65/120/24
f 28/127/24 68/130/24 35/125/24
f 42/124/24 67/123/24 68/130/24
f 50/129/24 57/131/24 61/128/24
f 69/132/25 70/133/25 67/134/25
f 67/134/25 66/135/25 69/132/25
f 66/136/26 71/137/26 72/138/26
f 66/136/26 65/139/26 73/140/26
f 73/140/26 71/137/26 66/136/26
f 72/138/26 69/141/26 66/136/26
f 72/142/27 71/143/27 74/144/27
f 74/144/27 75/145/27 72/142/27
f 76/146/28 75/147/28 74/148/28
f 74/148/28 77/149/28 76/146/28
f 72/150/29 75/151/29 76/152/29
f 78/153/29 69/154/29 72/150/29
f 76/152/29 78/153/29 72/150/29
f 79/155/29 70/156/29 69/154/29
f 79/155/29 80/157/29 70/156/29
f 78/153/29 79/155/29 69/154/29
f 78/158/30 76/159/30 77/160/30
f 77/160/30 81/161/30 78/158/30
f 82/162/30 83/163/30 78/158/30
f 81/161/30 82/162/30 78/158/30
f 84/164/31 85/165/31 86/166/31
f 86/166/31 82/167/31 84/164/31
f 82/167/31 81/168/31 84/164/31
f 86/169/32 85/170/32 87/171/32
f 87/171/32 88/172/32 86/169/32
f 89/173/33 88/174/33 90/175/33
f 90/175/33 91/176/33 89/173/33
f 88/174/33 87/177/33 90/175/33
f 92/178/34 89/179/34 91/180/34
f 91/180/34 93/181/34 92/178/34
f 93/182/35 94/183/35 95/184/35
f 95/184/35 92/185/35 93/182/35
f 93/182/35 96/186/35 94/183/35
f 94/187/36 97/188/36 98/189/36
f 94/187/36 99/190/36 97/188/36
f 98/189/36 95/191/36 94/187/36
f 100/192/37 79/193/37 101/194/37
f 101/194/37 102/195/37 100/192/37
f 79/193/37 83/196/37 101/194/37
f 79/193/37 78/197/37 83/196/37
f 102/195/37 103/198/37 100/192/37
f 104/199/38 102/200/38 101/201/38
f 105/202/39 106/203/39 107/204/39
f 100/205/39 103/206/39 105/202/39
f 107/204/39 100/205/39 105/202/39
f 54/207/40 108/208/40 51/209/40
f 108/208/40 109/210/40 55/211/40
f 55/211/40 51/209/40 108/208/40
f 55/211/40 109/210/40 64/212/40
f 64/212/40 58/213/40 55/211/40
f 110/214/40 111/215/40 108/208/40
f 108/208/40 54/207/40 110/214/40
f 51/209/40 49/216/40 54/207/40
f 112/217/41 108/218/41 111/219/41
f 111/219/41 113/220/41 112/217/41
f 111/219/41 114/221/41 113/220/41
f 115/222/42 114/223/42 116/224/42
f 114/223/42 110/225/42 116/224/42
f 114/223/42 111/226/42 110/225/42
f 116/224/42 117/227/42 115/222/42
f 54/228/43 53/229/43 118/230/43
f 118/230/43 119/231/43 54/228/43
f 119/231/43 116/232/43 54/228/43
f 116/232/43 110/233/43 54/228/43
f 115/234/44 117/235/44 120/236/44
f 120/236/44 121/237/44 115/234/44
f 122/238/45 121/239/45 123/240/45
f 121/239/45 120/241/45 123/240/45
f 123/240/45 124/242/45 122/238/45
f 118/243/46 125/244/46 126/245/46
f 126/245/46 119/246/46 118/243/46
f 127/247/47 128/248/47 126/249/47
f 126/249/47 125/250/47 127/247/47
f 118/251/48 129/252/48 127/253/48
f 127/253/48 125/254/48 118/251/48
f 53/255/48 130/256/48 129/252/48
f 118/251/48 53/255/48 129/252/48
f 53/255/48 52/257/48 130/256/48
f 52/257/48 131/258/48 130/256/48
f 132/259/49 109/260/49 133/261/49
f 109/260/49 108/262/49 112/263/49
f 112/263/49 133/261/49 109/260/49
f 133/261/49 134/264/49 132/259/49
f 109/265/50 132/266/50 62/267/50
f 135/268/50 62/267/50 132/266/50
f 132/266/50 136/269/50 135/268/50
f 62/267/50 64/270/50 109/265/50
f 137/271/51 138/272/51 132/273/51
f 138/272/51 136/274/51 132/273/51
f 132/273/51 134/275/51 137/271/51
f 137/276/52 134/277/52 133/278/52
f 133/278/52 139/279/52 137/276/52
f 112/280/53 122/281/53 140/282/53
f 140/282/53 139/283/53 112/280/53
f 139/283/53 133/284/53 112/280/53
f 124/285/53 141/286/53 140/282/53
f 140/282/53 122/281/53 124/285/53
f 112/280/53 113/287/53 122/281/53
f 142/288/52 143/289/52 124/290/52
f 143/289/52 141/291/52 124/290/52
f 124/290/52 123/292/52 142/288/52
f 144/293/54 137/294/54 139/295/54
f 145/296/54 138/297/54 137/294/54
f 137/294/54 144/293/54 145/296/54
f 145/296/54 146/298/54 138/297/54
f 139/295/54 140/299/54 144/293/54
f 144/300/55 140/301/55 143/302/55
f 143/302/55 147/303/55 144/300/55
f 140/301/55 141/304/55 143/302/55
f 143/302/55 148/305/55 147/303/55
f 138/306/56 149/307/56 135/308/56
f 146/309/56 150/310/56 149/307/56
f 149/307/56 138/306/56 146/309/56
f 135/308/56 136/311/56 138/306/56
f 113/312/57 114/313/57 60/314/57
f 65/315/57 114/313/57 115/316/57
f 113/312/57 63/317/57 151/318/57
f 114/313/57 61/319/57 60/314/57
f 121/320/57 122/321/57 152/322/57
f 153/323/57 73/324/57 115/316/57
f 65/315/57 61/319/57 114/313/57
f 60/314/57 63/317/57 113/312/57
f 115/316/57 121/320/57 153/323/57
f 151/318/57 154/325/57 113/312/57
f 115/316/57 73/324/57 65/315/57
f 152/322/57 122/321/57 113/312/57
f 113/312/57 154/325/57 152/322/57
f 152/322/57 153/323/57 121/320/57
f 135/326/58 155/327/58 151/328/58
f 135/326/58 149/329/58 156/330/58
f 151/328/58 62/331/58 135/326/58
f 151/328/58 63/332/58 62/331/58
f 156/330/58 155/327/58 135/326/58
f 155/333/59 157/334/59 154/335/59
f 154/335/59 151/336/59 155/333/59
f 158/337/60 153/338/60 152/339/60
f 152/339/60 159/340/60 158/337/60
f 143/341/61 142/342/61 160/343/61
f 160/343/61 148/344/61 143/341/61
f 160/343/61 161/345/61 148/344/61
f 142/342/61 162/346/61 160/343/61
f 147/347/62 161/348/62 163/349/62
f 163/349/62 164/350/62 147/347/62
f 147/347/62 148/351/62 161/348/62
f 163/349/62 165/352/62 164/350/62
f 166/353/63 163/354/63 161/355/63
f 161/355/63 167/356/63 166/353/63
f 166/353/63 168/357/63 163/354/63
f 161/355/63 160/358/63 167/356/63
f 167/359/64 162/360/64 169/361/64
f 167/359/64 160/362/64 162/360/64
f 169/361/64 170/363/64 167/359/64
f 171/364/65 172/365/65 165/366/65
f 165/366/65 168/367/65 171/364/65
f 165/366/65 163/368/65 168/367/65
f 173/369/66 172/370/66 174/371/66
f 164/372/66 165/373/66 172/370/66
f 172/370/66 173/369/66 164/372/66
f 174/371/66 175/374/66 173/369/66
f 176/375/67 177/376/67 178/377/67
f 173/378/67 175/379/67 176/375/67
f 178/377/67 173/378/67 176/375/67
f 156/380/68 179/381/68 180/382/68
f 181/383/68 157/384/68 155/385/68
f 155/385/68 156/380/68 181/383/68
f 180/382/68 181/383/68 156/380/68
f 182/386/69 150/387/69 183/388/69
f 182/386/69 179/389/69 150/387/69
f 149/390/69 150/387/69 179/389/69
f 179/389/69 156/391/69 149/390/69
f 183/388/69 184/392/69 182/386/69
f 185/393/70 180/394/70 179/395/70
f 179/395/70 182/396/70 185/393/70
f 185/393/70 186/397/70 180/394/70
f 182/398/71 184/399/71 187/400/71
f 187/400/71 185/401/71 182/398/71
f 188/402/72 181/403/72 180/404/72
f 180/404/72 186/405/72 188/402/72
f 188/402/72 189/406/72 181/403/72
f 190/407/73 191/408/73 187/409/73
f 187/409/73 183/410/73 190/407/73
f 187/409/73 184/411/73 183/410/73
f 192/412/74 145/413/74 177/414/74
f 183/415/74 150/416/74 146/417/74
f 177/414/74 193/418/74 192/412/74
f 146/417/74 190/419/74 183/415/74
f 145/413/74 178/420/74 177/414/74
f 192/412/74 146/417/74 145/413/74
f 146/417/74 192/412/74 190/419/74
f 193/421/75 194/422/75 192/423/75
f 145/424/76 154/425/76 157/426/76
f 145/424/76 144/427/76 154/425/76
f 159/428/76 152/429/76 144/427/76
f 157/426/76 181/430/76 145/424/76
f 181/430/76 189/431/76 178/432/76
f 189/431/76 195/433/76 173/434/76
f 195/433/76 196/435/76 164/436/76
f 147/437/76 164/436/76 196/435/76
f 144/427/76 147/437/76 159/428/76
f 178/432/76 145/424/76 181/430/76
f 164/436/76 173/434/76 195/433/76
f 147/437/76 197/438/76 159/428/76
f 173/434/76 178/432/76 189/431/76
f 144/427/76 152/429/76 154/425/76
f 196/435/76 197/438/76 147/437/76
f 198/439/77 199/440/77 158/441/77
f 159/442/77 197/443/77 198/439/77
f 158/441/77 159/442/77 198/439/77
f 196/444/78 195/445/78 200/446/78
f 200/446/78 201/447/78 196/444/78
f 197/448/79 196/449/79 202/450/79
f 196/449/79 201/451/79 202/450/79
f 203/452/79 198/453/79 197/448/79
f 202/450/79 203/452/79 197/448/79
f 203/454/80 204/455/80 205/456/80
f 205/456/80 199/457/80 203/454/80
f 199/457/80 198/458/80 203/454/80
f 206/459/81 207/460/81 176/461/81
f 208/462/81 175/463/81 174/464/81
f 176/461/81 208/462/81 206/459/81
f 176/461/81 175/463/81 208/462/81
f 174/464/81 209/465/81 208/462/81
f 207/466/82 210/467/82 193/468/82
f 194/469/82 193/468/82 210/467/82
f 177/470/82 176/471/82 207/466/82
f 193/468/82 177/470/82 207/466/82
f 210/467/82 211/472/82 194/469/82
f 207/473/83 206/474/83 212/475/83
f 212/475/83 210/476/83 207/473/83
f 212/475/83 213/477/83 210/476/83
f 190/478/84 194/479/84 211/480/84
f 190/478/84 192/481/84 194/479/84
f 214/482/84 191/483/84 190/478/84
f 190/478/84 215/484/84 214/482/84
f 211/480/84 215/484/84 190/478/84
f 208/485/85 209/486/85 216/487/85
f 216/487/85 217/488/85 208/485/85
f 218/489/86 217/490/86 216/491/86
f 216/491/86 219/492/86 218/489/86
f 218/493/87 219/494/87 220/495/87
f 220/495/87 221/496/87 218/493/87
f 213/497/88 222/498/88 211/499/88
f 222/498/88 215/500/88 211/499/88
f 223/501/88 224/502/88 215/500/88
f 215/500/88 222/498/88 223/501/88
f 211/499/88 210/503/88 213/497/88
f 221/504/89 220/505/89 225/506/89
f 225/506/89 222/507/89 226/508/89
f 225/506/89 226/508/89 221/504/89
f 225/506/89 223/509/89 222/507/89
f 227/510/90 228/511/90 130/512/90
f 130/512/90 229/513/90 227/510/90
f 228/511/90 129/514/90 130/512/90
f 227/515/91 230/516/91 228/517/91
f 230/518/92 128/519/92 127/520/92
f 128/519/92 230/518/92 231/521/92
f 127/520/92 129/522/92 230/518/92
f 232/523/92 231/521/92 233/524/92
f 129/522/92 228/525/92 230/518/92
f 231/521/92 232/523/92 128/519/92
f 233/524/92 234/526/92 232/523/92
f 235/527/93 236/528/93 233/529/93
f 233/529/93 237/530/93 235/527/93
f 233/529/93 231/531/93 237/530/93
f 235/532/94 238/533/94 239/534/94
f 239/534/94 236/535/94 235/532/94
f 237/536/95 86/537/95 88/538/95
f 238/539/95 89/540/95 92/541/95
f 237/536/95 82/542/95 86/537/95
f 238/539/95 235/543/95 89/540/95
f 88/538/95 89/540/95 235/543/95
f 92/541/95 98/544/95 238/539/95
f 83/545/95 82/542/95 237/536/95
f 92/541/95 95/546/95 98/544/95
f 104/547/95 240/548/95 238/539/95
f 104/547/95 101/549/95 241/550/95
f 83/545/95 242/551/95 241/550/95
f 88/538/95 235/543/95 237/536/95
f 241/550/95 240/548/95 104/547/95
f 237/536/95 242/551/95 83/545/95
f 241/550/95 101/549/95 83/545/95
f 238/539/95 98/544/95 104/547/95
f 241/552/96 243/553/96 244/554/96
f 244/554/96 240/555/96 241/552/96
f 242/556/97 245/557/97 243/558/97
f 243/558/97 241/559/97 242/556/97
f 244/560/98 246/561/98 247/562/98
f 238/563/98 240/564/98 244/560/98
f 244/560/98 239/565/98 238/563/98
f 247/562/98 239/565/98 244/560/98
f 229/566/99 248/567/99 249/568/99
f 249/568/99 245/569/99 229/566/99
f 237/570/99 230/571/99 227/572/99
f 242/573/99 227/572/99 229/566/99
f 237/570/99 231/574/99 230/571/99
f 227/572/99 242/573/99 237/570/99
f 245/569/99 242/573/99 229/566/99
f 250/575/100 249/576/100 248/577/100
f 248/577/100 251/578/100 250/575/100
f 245/579/101 249/580/101 250/581/101
f 250/581/101 252/582/101 245/579/101
f 250/583/102 253/584/102 252/585/102
f 131/586/103 254/587/103 251/588/103
f 255/589/103 256/590/103 254/587/103
f 229/591/103 130/592/103 251/588/103
f 254/587/103 131/586/103 255/589/103
f 251/588/103 130/592/103 131/586/103
f 251/588/103 248/593/103 229/591/103
f 254/594/104 253/595/104 250/596/104
f 257/597/104 258/598/104 253/595/104
f 253/595/104 254/594/104 257/597/104
f 250/596/104 251/599/104 254/594/104
f 257/600/105 254/601/105 256/602/105
f 256/602/105 259/603/105 257/600/105
f 256/602/105 260/604/105 259/603/105
f 253/605/106 246/606/106 243/607/106
f 243/607/106 245/608/106 253/605/106
f 253/605/106 261/609/106 262/610/106
f 262/610/106 246/606/106 253/605/106
f 246/606/106 244/611/106 243/607/106
f 261/609/106 263/612/106 262/610/106
f 245/608/106 252/613/106 253/605/106
f 258/614/107 264/615/107 261/616/107
f 264/615/107 265/617/107 261/616/107
f 261/616/107 253/618/107 258/614/107
f 266/619/108 263/620/108 261/621/108
f 261/621/108 265/622/108 266/619/108
f 246/623/109 262/624/109 267/625/109
f 262/624/109 268/626/109 267/625/109
f 267/625/109 269/627/109 246/623/109
f 269/627/109 247/628/109 246/623/109
f 267/629/110 270/630/110 269/631/110
f 259/632/111 260/633/111 271/634/111
f 271/634/111 272/635/111 259/632/111
f 271/634/111 273/636/111 272/635/111
f 272/637/112 273/638/112 274/639/112
f 274/639/112 275/640/112 272/637/112
f 274/639/112 276/641/112 275/640/112
f 277/642/113 274/643/113 273/644/113
f 273/644/113 271/645/113 277/642/113
f 275/646/114 278/647/114 279/648/114
f 280/649/114 281/650/114 259/651/114
f 281/650/114 80/652/114 257/653/114
f 275/646/114 107/654/114 278/647/114
f 257/653/114 259/651/114 281/650/114
f 80/652/114 79/655/114 258/656/114
f 79/655/114 100/657/114 264/658/114
f 100/657/114 107/654/114 275/646/114
f 279/648/114 272/659/114 275/646/114
f 258/656/114 257/653/114 80/652/114
f 275/646/114 264/658/114 100/657/114
f 259/651/114 272/659/114 280/649/114
f 279/648/114 280/649/114 272/659/114
f 264/658/114 258/656/114 79/655/114
f 282/660/115 280/661/115 279/662/115
f 279/662/115 278/663/115 282/660/115
f 275/664/116 283/665/116 265/666/116
f 284/667/116 285/668/116 266/669/116
f 275/664/116 276/670/116 283/665/116
f 265/666/116 283/665/116 284/667/116
f 266/669/116 265/666/116 284/667/116
f 265/666/116 264/671/116 275/664/116
f 283/672/117 286/673/117 287/674/117
f 287/674/117 284/675/117 283/672/117
f 287/676/118 288/677/118 285/678/118
f 285/678/118 284/679/118 287/676/118
f 268/680/119 262/681/119 285/682/119
f 289/683/119 290/684/119 288/685/119
f 288/685/119 290/684/119 268/680/119
f 285/682/119 288/685/119 268/680/119
f 285/682/119 262/681/119 263/686/119
f 263/686/119 266/687/119 285/682/119
f 288/685/119 291/688/119 289/683/119
f 292/689/120 291/690/120 287/691/120
f 291/690/120 288/692/120 287/691/120
f 287/691/120 286/693/120 292/689/120
f 286/693/120 293/694/120 292/689/120
f 290/695/121 289/696/121 294/697/121
f 294/697/121 295/698/121 290/695/121
f 292/699/122 103/700/122 102/701/122
f 97/702/122 296/703/122 289/704/122
f 292/699/122 105/705/122 103/700/122
f 105/705/122 292/699/122 296/703/122
f 104/706/122 289/704/122 291/707/122
f 296/703/122 294/708/122 289/704/122
f 296/703/122 297/709/122 105/705/122
f 104/706/122 98/710/122 289/704/122
f 296/703/122 292/699/122 294/708/122
f 291/707/122 102/701/122 104/706/122
f 102/701/122 291/707/122 292/699/122
f 289/704/122 98/710/122 97/702/122
f 293/711/123 298/712/123 299/713/123
f 299/713/123 300/714/123 293/711/123
f 294/715/123 292/716/123 293/711/123
f 293/711/123 295/717/123 294/715/123
f 300/714/123 295/717/123 293/711/123
f 298/718/124 301/719/124 299/720/124
f 302/721/125 234/722/125 303/723/125
f 302/721/125 232/724/125 234/722/125
f 303/723/125 304/725/125 302/721/125
f 303/726/126 305/727/126 306/728/126
f 306/728/126 304/729/126 303/726/126
f 307/730/127 308/731/127 309/732/127
f 309/732/127 306/733/127 305/734/127
f 309/732/127 305/734/127 307/730/127
f 310/735/128 311/736/128 308/737/128
f 308/737/128 307/738/128 310/735/128
f 239/739/129 312/740/129 310/741/129
f 233/742/129 236/743/129 305/744/129
f 312/740/129 313/745/129 310/741/129
f 305/744/129 303/746/129 233/742/129
f 247/747/129 269/748/129 270/749/129
f 310/741/129 307/750/129 239/739/129
f 303/746/129 234/751/129 233/742/129
f 270/749/129 312/740/129 239/739/129
f 236/743/129 307/750/129 305/744/129
f 307/750/129 236/743/129 239/739/129
f 270/749/129 239/739/129 247/747/129
f 311/752/130 310/753/130 313/754/130
f 314/755/130 315/756/130 311/752/130
f 313/754/130 314/755/130 311/752/130
f 314/757/131 313/758/131 312/759/131
f 312/759/131 316/760/131 314/757/131
f 316/760/131 317/761/131 314/757/131
f 316/762/132 312/763/132 290/764/132
f 300/765/132 318/766/132 319/767/132
f 290/764/132 319/767/132 316/762/132
f 268/768/132 290/764/132 270/769/132
f 290/764/132 295/770/132 319/767/132
f 270/769/132 267/771/132 268/768/132
f 290/764/132 312/763/132 270/769/132
f 319/767/132 295/770/132 300/765/132
f 318/772/133 320/773/133 321/774/133
f 321/774/133 322/775/133 319/776/133
f 321/774/133 319/776/133 318/772/133
f 318/777/134 301/778/134 323/779/134
f 318/777/134 300/780/134 299/781/134
f 299/781/134 301/778/134 318/777/134
f 320/782/134 323/779/134 324/783/134
f 324/783/134 325/784/134 320/782/134
f 323/779/134 320/782/134 318/777/134
f 321/785/135 326/786/135 327/787/135
f 328/788/135 329/789/135 322/790/135
f 322/790/135 327/787/135 328/788/135
f 327/787/135 322/790/135 321/785/135
f 321/785/135 330/791/135 326/786/135
f 328/792/136 331/793/136 332/794/136
f 332/794/136 329/795/136 328/792/136
f 333/796/137 332/797/137 331/798/137
f 331/798/137 334/799/137 333/796/137
f 335/800/138 336/801/138 326/802/138
f 326/802/138 330/803/138 335/800/138
f 334/804/139 337/805/139 338/806/139
f 337/805/139 339/807/139 338/806/139
f 336/808/139 335/809/139 339/807/139
f 339/807/139 337/805/139 336/808/139
f 338/806/139 333/810/139 334/804/139
f 333/811/140 317/812/140 316/813/140
f 319/814/140 322/815/140 329/816/140
f 333/811/140 338/817/140 340/818/140
f 316/813/140 332/819/140 333/811/140
f 329/816/140 316/813/140 319/814/140
f 338/817/140 341/820/140 340/818/140
f 329/816/140 332/819/140 316/813/140
f 333/811/140 342/821/140 317/812/140
f 340/818/140 342/821/140 333/811/140
f 343/822/141 325/823/141 344/824/141
f 325/823/141 324/825/141 344/824/141
f 344/824/141 345/826/141 343/822/141
f 344/827/142 346/828/142 347/829/142
f 347/829/142 348/830/142 344/827/142
f 344/827/142 324/831/142 346/828/142
f 324/831/142 323/832/142 346/828/142
f 296/833/143 97/834/143 328/835/143
f 331/836/143 328/835/143 97/834/143
f 97/834/143 99/837/143 331/836/143
f 99/837/143 349/838/143 334/839/143
f 350/840/143 337/841/143 351/842/143
f 334/839/143 331/836/143 99/837/143
f 334/839/143 349/838/143 352/843/143
f 337/841/143 334/839/143 351/842/143
f 352/843/143 351/842/143 334/839/143
f 328/835/143 327/844/143 296/833/143
f 351/842/143 353/845/143 350/840/143
f 340/846/144 341/847/144 354/848/144
f 354/848/144 355/849/144 340/846/144
f 355/849/144 356/850/144 340/846/144
f 354/848/144 352/851/144 355/849/144
f 354/848/144 351/852/144 352/851/144
f 356/853/145 355/854/145 357/855/145
f 357/855/145 358/856/145 356/853/145
f 353/857/146 359/858/146 360/859/146
f 360/859/146 350/860/146 353/857/146
f 361/861/147 336/862/147 350/863/147
f 336/862/147 337/864/147 350/863/147
f 362/865/147 326/866/147 336/862/147
f 326/866/147 362/865/147 297/867/147
f 336/862/147 361/861/147 362/865/147
f 296/868/147 327/869/147 326/866/147
f 297/867/147 296/868/147 326/866/147
f 350/863/147 360/870/147 361/861/147
f 363/871/148 359/872/148 353/873/148
f 363/871/148 364/874/148 359/872/148
f 353/873/148 354/875/148 363/871/148
f 353/873/148 351/876/148 354/875/148
f 339/877/149 365/878/149 341/879/149
f 365/878/149 366/880/149 354/881/149
f 354/881/149 341/879/149 365/878/149
f 341/879/149 338/882/149 339/877/149
f 366/880/149 363/883/149 354/881/149
f 367/884/150 368/885/150 358/886/150
f 368/885/150 367/884/150 369/887/150
f 369/887/150 370/888/150 368/885/150
f 358/886/150 357/889/150 367/884/150
f 370/890/151 369/891/151 364/892/151
f 364/892/151 363/893/151 370/890/151
f 363/893/151 366/894/151 370/890/151
f 371/895/152 356/896/152 358/897/152
f 358/897/152 368/898/152 372/899/152
f 371/895/152 342/900/152 356/896/152
f 358/897/152 373/901/152 371/895/152
f 342/900/152 340/902/152 356/896/152
f 372/899/152 373/901/152 358/897/152
f 374/903/153 373/904/153 372/905/153
f 372/905/153 375/906/153 374/903/153
f 376/907/154 371/908/154 373/909/154
f 374/910/154 377/911/154 376/907/154
f 373/909/154 374/910/154 376/907/154
f 370/912/155 365/913/155 378/914/155
f 368/915/155 379/916/155 375/917/155
f 379/916/155 368/915/155 370/912/155
f 370/912/155 366/918/155 365/913/155
f 370/912/155 380/919/155 379/916/155
f 375/917/155 372/920/155 368/915/155
f 378/914/155 380/919/155 370/912/155
f 381/921/156 378/922/156 365/923/156
f 343/924/156 381/921/156 335/925/156
f 339/926/156 335/925/156 381/921/156
f 365/923/156 339/926/156 381/921/156
f 321/927/156 320/928/156 325/929/156
f 335/925/156 330/930/156 343/924/156
f 382/931/156 378/922/156 381/921/156
f 330/930/156 325/929/156 343/924/156
f 325/929/156 330/930/156 321/927/156
f 381/921/156 383/932/156 382/931/156
f 384/933/157 385/934/157 383/935/157
f 385/934/157 386/936/157 383/935/157
f 383/935/157 381/937/157 384/933/157
f 387/938/158 388/939/158 386/940/158
f 386/940/158 385/941/158 387/938/158
f 389/942/159 357/943/159 355/944/159
f 389/942/159 390/945/159 357/943/159
f 357/943/159 390/945/159 391/946/159
f 391/946/159 367/947/159 357/943/159
f 355/944/159 349/948/159 389/942/159
f 355/944/159 352/949/159 349/948/159
f 392/950/160 393/951/160 391/952/160
f 391/952/160 390/953/160 392/950/160
f 394/954/161 392/955/161 390/956/161
f 390/956/161 389/957/161 394/954/161
f 394/954/161 395/958/161 392/955/161
f 396/959/162 397/960/162 364/961/162
f 359/962/162 397/960/162 361/963/162
f 367/964/162 391/965/162 393/966/162
f 369/967/162 398/968/162 396/959/162
f 361/963/162 360/969/162 359/962/162
f 398/968/162 369/967/162 367/964/162
f 359/962/162 364/961/162 397/960/162
f 364/961/162 369/967/162 396/959/162
f 393/966/162 398/968/162 367/964/162
f 297/970/163 362/971/163 399/972/163
f 362/971/163 400/973/163 401/974/163
f 399/972/163 106/975/163 297/970/163
f 106/975/163 105/976/163 297/970/163
f 401/974/163 399/972/163 362/971/163
f 402/977/164 403/978/164 386/979/164
f 386/979/164 388/980/164 402/977/164
f 403/978/164 382/981/164 383/982/164
f 383/982/164 386/979/164 403/978/164
f 388/980/164 404/983/164 402/977/164
f 384/984/165 381/985/165 343/986/165
f 343/986/165 405/987/165 384/984/165
f 343/986/165 406/988/165 405/987/165
f 343/986/165 345/989/165 406/988/165
f 405/987/165 407/990/165 384/984/165
f 407/991/166 408/992/166 409/993/166
f 408/992/166 407/991/166 405/994/166
f 405/994/166 410/995/166 408/992/166
f 409/993/166 411/996/166 407/991/166
f 387/997/167 412/998/167 413/999/167
f 413/999/167 404/1000/167 387/997/167
f 413/999/167 414/1001/167 404/1000/167
f 411/1002/167 409/1003/167 412/998/167
f 412/998/167 387/997/167 411/1002/167
f 404/1000/167 388/1004/167 387/997/167
f 415/1005/168 409/1006/168 408/1007/168
f 416/1008/168 412/1009/168 409/1006/168
f 409/1006/168 415/1005/168 416/1008/168
f 408/1007/168 410/1010/168 415/1005/168
f 417/1011/169 413/1012/169 412/1013/169
f 417/1011/169 418/1014/169 414/1015/169
f 414/1015/169 413/1012/169 417/1011/169
f 412/1013/169 416/1016/169 417/1011/169
f 405/1017/170 406/1018/170 419/1019/170
f 419/1019/170 420/1020/170 410/1021/170
f 421/1022/170 415/1023/170 410/1021/170
f 410/1021/170 420/1020/170 421/1022/170
f 419/1019/170 410/1021/170 405/1017/170
f 421/1024/171 420/1025/171 422/1026/171
f 422/1026/171 417/1027/171 421/1024/171
f 422/1026/171 418/1028/171 417/1027/171
f 397/1029/172 423/1030/172 384/1031/172
f 423/1030/172 424/1032/172 387/1033/172
f 411/1034/172 387/1033/172 424/1032/172
f 423/1030/172 385/1035/172 384/1031/172
f 424/1032/172 425/1036/172 411/1034/172
f 407/1037/172 426/1038/172 400/1039/172
f 407/1037/172 411/1034/172 425/1036/172
f 387/1033/172 385/1035/172 423/1030/172
f 425/1036/172 426/1038/172 407/1037/172
f 400/1039/172 362/1040/172 407/1037/172
f 361/1041/172 384/1031/172 407/1037/172
f 407/1037/172 362/1040/172 361/1041/172
f 384/1031/172 361/1041/172 397/1029/172
f 426/1042/173 425/1043/173 427/1044/173
f 427/1044/173 428/1045/173 426/1042/173
f 421/1046/174 427/1047/174 425/1048/174
f 424/1049/174 429/1050/174 417/1051/174
f 429/1050/174 430/1052/174 421/1046/174
f 425/1048/174 415/1053/174 421/1046/174
f 424/1049/174 416/1054/174 415/1053/174
f 421/1046/174 417/1051/174 429/1050/174
f 415/1053/174 425/1048/174 424/1049/174
f 421/1046/174 430/1052/174 427/1047/174
f 417/1051/174 416/1054/174 424/1049/174
f 424/1055/175 423/1056/175 431/1057/175
f 431/1057/175 429/1058/175 424/1055/175
f 426/1059/176 432/1060/176 433/1061/176
f 433/1061/176 400/1062/176 426/1059/176
f 426/1059/176 428/1063/176 432/1060/176
f 433/1061/176 401/1064/176 400/1062/176
f 434/1065/177 433/1066/177 432/1067/177
f 432/1067/177 435/1068/177 434/1065/177
f 433/1069/178 434/1070/178 436/1071/178
f 437/1072/178 401/1073/178 433/1069/178
f 437/1072/178 399/1074/178 401/1073/178
f 436/1071/178 437/1072/178 433/1069/178
f 399/1075/179 438/1076/179 439/1077/179
f 439/1077/179 440/1078/179 399/1075/179
f 440/1078/179 282/1079/179 399/1075/179
f 278/1080/179 107/1081/179 106/1082/179
f 399/1075/179 437/1083/179 438/1076/179
f 282/1079/179 278/1080/179 399/1075/179
f 106/1082/179 399/1075/179 278/1080/179
f 441/1084/180 440/1085/180 439/1086/180
f 404/1087/181 418/1088/181 442/1089/181
f 442/1089/181 443/1090/181 404/1087/181
f 404/1087/181 414/1091/181 418/1088/181
f 422/1092/181 444/1093/181 442/1089/181
f 442/1089/181 418/1088/181 422/1092/181
f 443/1090/181 402/1094/181 404/1087/181
f 445/1095/182 446/1096/182 443/1097/182
f 443/1097/182 447/1098/182 445/1095/182
f 443/1097/182 442/1099/182 447/1098/182
f 448/1100/183 449/1101/183 446/1102/183
f 446/1102/183 445/1103/183 448/1100/183
f 348/1104/184 450/1105/184 345/1106/184
f 348/1104/184 451/1107/184 452/1108/184
f 452/1108/184 450/1105/184 348/1104/184
f 345/1106/184 450/1105/184 419/1109/184
f 419/1109/184 406/1110/184 345/1106/184
f 345/1106/184 344/1111/184 348/1104/184
f 453/1112/185 452/1113/185 451/1114/185
f 451/1114/185 454/1115/185 453/1112/185
f 451/1114/185 455/1116/185 454/1115/185
f 456/1117/186 454/1118/186 457/1119/186
f 454/1118/186 455/1120/186 457/1119/186
f 457/1119/186 458/1121/186 456/1117/186
f 459/1122/187 460/1123/187 452/1124/187
f 460/1123/187 450/1125/187 452/1124/187
f 452/1124/187 453/1126/187 459/1122/187
f 456/1127/188 458/1128/188 460/1129/188
f 460/1129/188 459/1130/188 456/1127/188
f 461/1131/189 454/1132/189 456/1133/189
f 454/1132/189 461/1131/189 462/1134/189
f 430/1135/189 459/1136/189 453/1137/189
f 463/1138/189 456/1133/189 459/1136/189
f 462/1134/189 435/1139/189 454/1132/189
f 453/1137/189 427/1140/189 430/1135/189
f 456/1133/189 463/1138/189 461/1131/189
f 432/1141/189 453/1137/189 454/1132/189
f 459/1136/189 430/1135/189 463/1138/189
f 432/1141/189 428/1142/189 453/1137/189
f 454/1132/189 435/1139/189 432/1141/189
f 453/1137/189 428/1142/189 427/1140/189
f 464/1143/190 434/1144/190 435/1145/190
f 434/1144/190 464/1143/190 465/1146/190
f 465/1146/190 436/1147/190 434/1144/190
f 435/1145/190 462/1148/190 464/1143/190
f 437/1149/191 436/1150/191 465/1151/191
f 465/1151/191 466/1152/191 437/1149/191
f 467/1153/191 438/1154/191 437/1149/191
f 466/1152/191 467/1153/191 437/1149/191
f 465/1155/192 464/1156/192 468/1157/192
f 468/1157/192 466/1158/192 465/1155/192
f 469/1159/193 397/1160/193 396/1161/193
f 469/1159/193 470/1162/193 397/1160/193
f 470/1162/193 431/1163/193 423/1164/193
f 423/1164/193 397/1160/193 470/1162/193
f 396/1161/193 471/1165/193 469/1159/193
f 472/1166/194 447/1167/194 444/1168/194
f 447/1167/194 442/1169/194 444/1168/194
f 444/1168/194 473/1170/194 472/1166/194
f 473/1170/194 474/1171/194 472/1166/194
f 448/1172/195 475/1173/195 476/1174/195
f 475/1173/195 477/1175/195 476/1174/195
f 476/1174/195 449/1176/195 448/1172/195
f 477/1177/196 475/1178/196 472/1179/196
f 472/1179/196 474/1180/196 477/1177/196
f 447/1181/197 472/1182/197 430/1183/197
f 447/1181/197 429/1184/197 431/1185/197
f 478/1186/197 448/1187/197 445/1188/197
f 479/1189/197 463/1190/197 472/1182/197
f 472/1182/197 463/1190/197 430/1183/197
f 431/1185/197 470/1191/197 447/1181/197
f 445/1188/197 470/1191/197 478/1186/197
f 448/1187/197 480/1192/197 481/1193/197
f 430/1183/197 429/1184/197 447/1181/197
f 478/1186/197 480/1192/197 448/1187/197
f 481/1193/197 475/1194/197 448/1187/197
f 470/1191/197 445/1188/197 447/1181/197
f 472/1182/197 475/1194/197 479/1189/197
f 481/1193/197 479/1189/197 475/1194/197
f 458/1195/198 457/1196/198 482/1197/198
f 473/1198/198 420/1199/198 460/1200/198
f 460/1200/198 458/1195/198 473/1198/198
f 420/1199/198 419/1201/198 450/1202/198
f 450/1202/198 460/1200/198 420/1199/198
f 457/1196/198 483/1203/198 484/1204/198
f 484/1204/198 482/1197/198 457/1196/198
f 444/1205/198 422/1206/198 420/1199/198
f 420/1199/198 473/1198/198 444/1205/198
f 482/1197/198 473/1198/198 458/1195/198
f 485/1207/199 486/1208/199 484/1209/199
f 486/1208/199 482/1210/199 484/1209/199
f 484/1209/199 487/1211/199 485/1207/199
f 488/1212/200 487/1213/200 484/1214/200
f 484/1214/200 483/1215/200 488/1212/200
f 483/1215/200 489/1216/200 488/1212/200
f 490/1217/201 467/1218/201 466/1219/201
f 490/1217/201 491/1220/201 492/1221/201
f 492/1221/201 467/1218/201 490/1217/201
f 466/1219/201 468/1222/201 490/1217/201
f 485/1223/202 493/1224/202 494/1225/202
f 493/1224/202 495/1226/202 494/1225/202
f 494/1225/202 486/1227/202 485/1223/202
f 493/1228/203 496/1229/203 497/1230/203
f 496/1229/203 498/1231/203 497/1230/203
f 497/1230/203 495/1232/203 493/1228/203
f 496/1233/204 489/1234/204 499/1235/204
f 496/1233/204 488/1236/204 489/1234/204
f 499/1235/204 498/1237/204 496/1233/204
f 499/1238/205 489/1239/205 500/1240/205
f 500/1240/205 501/1241/205 499/1238/205
f 502/1242/206 455/1243/206 348/1244/206
f 489/1245/206 457/1246/206 503/1247/206
f 348/1244/206 347/1248/206 502/1242/206
f 455/1243/206 502/1242/206 503/1247/206
f 503/1247/206 500/1249/206 489/1245/206
f 503/1247/206 457/1246/206 455/1243/206
f 455/1243/206 451/1250/206 348/1244/206
f 489/1245/206 483/1251/206 457/1246/206
f 504/1252/207 503/1253/207 502/1254/207
f 502/1254/207 505/1255/207 504/1252/207
f 502/1254/207 506/1256/207 505/1255/207
f 507/1257/208 508/1258/208 501/1259/208
f 501/1259/208 500/1260/208 507/1257/208
f 500/1260/208 504/1261/208 507/1257/208
f 500/1260/208 503/1262/208 504/1261/208
f 498/1263/209 499/1264/209 501/1265/209
f 501/1265/209 508/1266/209 498/1263/209
f 498/1263/209 509/1267/209 510/1268/209
f 510/1268/209 497/1269/209 498/1263/209
f 508/1266/209 509/1267/209 498/1263/209
f 507/1270/210 511/1271/210 509/1272/210
f 511/1271/210 512/1273/210 509/1272/210
f 509/1272/210 508/1274/210 507/1270/210
f 461/1275/211 488/1276/211 496/1277/211
f 461/1275/211 463/1278/211 487/1279/211
f 493/1280/211 485/1281/211 479/1282/211
f 513/1283/211 496/1277/211 493/1280/211
f 487/1279/211 488/1276/211 461/1275/211
f 479/1282/211 485/1281/211 487/1279/211
f 514/1284/211 515/1285/211 493/1280/211
f 496/1277/211 513/1283/211 461/1275/211
f 479/1282/211 514/1284/211 493/1280/211
f 487/1279/211 463/1278/211 479/1282/211
f 493/1280/211 515/1285/211 513/1283/211
f 504/1286/212 464/1287/212 462/1288/212
f 504/1286/212 505/1289/212 468/1290/212
f 513/1291/212 516/1292/212 511/1293/212
f 511/1293/212 516/1292/212 517/1294/212
f 468/1290/212 464/1287/212 504/1286/212
f 513/1291/212 507/1295/212 504/1286/212
f 517/1294/212 518/1296/212 511/1293/212
f 462/1288/212 461/1297/212 504/1286/212
f 511/1293/212 507/1295/212 513/1291/212
f 504/1286/212 461/1297/212 513/1291/212
f 505/1289/212 490/1298/212 468/1290/212
f 519/1299/213 518/1300/213 517/1301/213
f 520/1302/214 521/1303/214 512/1304/214
f 512/1304/214 521/1303/214 510/1305/214
f 510/1305/214 509/1306/214 512/1304/214
f 512/1304/214 522/1307/214 520/1302/214
f 520/1308/215 523/1309/215 524/1310/215
f 524/1310/215 521/1311/215 520/1308/215
f 524/1310/215 525/1312/215 521/1311/215
f 521/1311/215 525/1312/215 526/1313/215
f 526/1313/215 527/1314/215 521/1311/215
f 520/1308/215 528/1315/215 523/1309/215
f 525/1316/216 524/1317/216 529/1318/216
f 513/1319/217 525/1320/217 529/1321/217
f 513/1319/217 515/1322/217 526/1323/217
f 526/1323/217 530/1324/217 531/1325/217
f 526/1323/217 525/1320/217 513/1319/217
f 526/1323/217 515/1322/217 530/1324/217
f 531/1325/217 532/1326/217 526/1323/217
f 529/1321/217 516/1327/217 513/1319/217
f 531/1328/216 533/1329/216 534/1330/216
f 534/1330/216 532/1331/216 531/1328/216
f 523/1332/218 516/1333/218 529/1334/218
f 523/1332/218 517/1335/218 516/1333/218
f 523/1332/218 519/1336/218 517/1335/218
f 523/1332/218 535/1337/218 536/1338/218
f 537/1339/218 535/1337/218 523/1332/218
f 536/1338/218 519/1336/218 523/1332/218
f 529/1334/218 524/1340/218 523/1332/218
f 523/1332/218 538/1341/218 537/1339/218
f 539/1342/219 540/1343/219 541/1344/219
f 542/1345/219 492/1346/219 491/1347/219
f 491/1347/219 539/1342/219 542/1345/219
f 541/1344/219 542/1345/219 539/1342/219
f 541/1348/220 540/1349/220 543/1350/220
f 543/1350/220 535/1351/220 541/1348/220
f 543/1350/220 536/1352/220 535/1351/220
f 544/1353/221 532/1354/221 534/1355/221
f 544/1353/221 526/1356/221 532/1354/221
f 534/1355/221 545/1357/221 544/1353/221
f 534/1355/221 546/1358/221 545/1357/221
f 544/1353/221 527/1359/221 526/1356/221
f 528/1360/222 547/1361/222 538/1362/222
f 547/1361/222 548/1363/222 538/1362/222
f 538/1362/222 523/1364/222 528/1360/222
f 547/1361/222 549/1365/222 548/1363/222
f 550/1366/223 540/1367/223 539/1368/223
f 539/1368/223 551/1369/223 550/1366/223
f 550/1366/223 543/1370/223 540/1367/223
f 551/1369/223 552/1371/223 550/1366/223
f 550/1372/224 519/1373/224 536/1374/224
f 550/1372/224 511/1375/224 518/1376/224
f 518/1376/224 519/1373/224 550/1372/224
f 553/1377/224 554/1378/224 522/1379/224
f 536/1374/224 543/1380/224 550/1372/224
f 522/1379/224 511/1375/224 553/1377/224
f 550/1372/224 553/1377/224 511/1375/224
f 550/1372/224 555/1381/224 553/1377/224
f 522/1379/224 512/1382/224 511/1375/224
f 556/1383/225 557/1384/225 553/1385/225
f 557/1384/225 554/1386/225 553/1385/225
f 553/1385/225 558/1387/225 556/1383/225
f 552/1388/226 559/1389/226 555/1390/226
f 552/1388/226 560/1391/226 559/1389/226
f 555/1390/226 550/1392/226 552/1388/226
f 558/1393/227 553/1394/227 555/1395/227
f 555/1395/227 561/1396/227 558/1393/227
f 555/1395/227 559/1397/227 561/1396/227
f 547/1398/228 557/1399/228 562/1400/228
f 557/1399/228 563/1401/228 562/1400/228
f 528/1402/228 554/1403/228 557/1399/228
f 522/1404/228 554/1403/228 528/1402/228
f 557/1399/228 547/1398/228 528/1402/228
f 562/1400/228 564/1405/228 547/1398/228
f 528/1402/228 520/1406/228 522/1404/228
f 565/1407/229 566/1408/229 490/1409/229
f 490/1409/229 566/1408/229 567/1410/229
f 505/1411/229 506/1412/229 565/1407/229
f 551/1413/229 539/1414/229 491/1415/229
f 490/1409/229 505/1411/229 565/1407/229
f 567/1410/229 491/1415/229 490/1409/229
f 491/1415/229 567/1410/229 551/1413/229
f 568/1416/230 569/1417/230 567/1418/230
f 567/1418/230 566/1419/230 568/1416/230
f 560/1420/231 552/1421/231 551/1422/231
f 569/1423/231 570/1424/231 551/1422/231
f 570/1424/231 571/1425/231 560/1420/231
f 551/1422/231 570/1424/231 560/1420/231
f 551/1422/231 567/1426/231 569/1423/231
f 568/1427/232 566/1428/232 565/1429/232
f 565/1429/232 572/1430/232 568/1427/232
f 565/1429/232 573/1431/232 572/1430/232
f 502/1432/233 347/1433/233 573/1434/233
f 346/1435/233 574/1436/233 575/1437/233
f 573/1434/233 565/1438/233 506/1439/233
f 573/1434/233 347/1433/233 346/1435/233
f 575/1437/233 573/1434/233 346/1435/233
f 573/1434/233 506/1439/233 502/1432/233
f 570/1440/234 576/1441/234 577/1442/234
f 577/1442/234 571/1443/234 570/1440/234
f 578/1444/235 579/1445/235 580/1446/235
f 578/1444/235 572/1447/235 575/1448/235
f 575/1448/235 579/1445/235 578/1444/235
f 572/1447/235 573/1449/235 575/1448/235
f 580/1446/235 581/1450/235 578/1444/235
f 582/1451/236 580/1452/236 579/1453/236
f 579/1453/236 583/1454/236 582/1451/236
f 572/1455/237 578/1456/237 441/1457/237
f 438/1458/237 467/1459/237 568/1460/237
f 569/1461/237 568/1460/237 467/1459/237
f 441/1457/237 439/1462/237 572/1455/237
f 467/1459/237 492/1463/237 569/1461/237
f 492/1463/237 542/1464/237 570/1465/237
f 584/1466/237 585/1467/237 578/1456/237
f 578/1456/237 585/1467/237 441/1457/237
f 570/1465/237 569/1461/237 492/1463/237
f 542/1464/237 586/1468/237 576/1469/237
f 439/1462/237 438/1458/237 572/1455/237
f 576/1469/237 570/1465/237 542/1464/237
f 568/1460/237 572/1455/237 438/1458/237
f 586/1468/237 587/1470/237 576/1469/237
f 578/1456/237 588/1471/237 584/1466/237
f 589/1472/238 585/1473/238 584/1474/238
f 584/1474/238 590/1475/238 589/1472/238
f 575/1476/239 574/1477/239 591/1478/239
f 579/1479/239 575/1476/239 592/1480/239
f 591/1478/239 593/1481/239 575/1476/239
f 593/1481/239 592/1480/239 575/1476/239
f 592/1480/239 583/1482/239 579/1479/239
f 594/1483/240 593/1484/240 591/1485/240
f 283/1486/241 276/1487/241 298/1488/241
f 323/1489/241 595/1490/241 596/1491/241
f 301/1492/241 298/1488/241 274/1493/241
f 298/1488/241 286/1494/241 283/1486/241
f 323/1489/241 277/1495/241 595/1490/241
f 277/1495/241 323/1489/241 301/1492/241
f 596/1491/241 594/1496/241 591/1497/241
f 298/1488/241 293/1498/241 286/1494/241
f 274/1493/241 277/1495/241 301/1492/241
f 591/1497/241 574/1499/241 596/1491/241
f 596/1491/241 346/1500/241 323/1489/241
f 276/1487/241 274/1493/241 298/1488/241
f 574/1499/241 346/1500/241 596/1491/241
f 597/1501/242 598/1502/242 593/1503/242
f 598/1502/242 592/1504/242 593/1503/242
f 593/1503/242 594/1505/242 597/1501/242
f 594/1505/242 596/1506/242 597/1501/242
f 599/1507/243 598/1508/243 585/1509/243
f 598/1508/243 441/1510/243 585/1509/243
f 282/1511/243 440/1512/243 597/1513/243
f 441/1510/243 598/1508/243 597/1513/243
f 589/1514/243 281/1515/243 599/1507/243
f 280/1516/243 600/1517/243 599/1507/243
f 600/1517/243 280/1516/243 282/1511/243
f 585/1509/243 589/1514/243 599/1507/243
f 597/1513/243 600/1517/243 282/1511/243
f 599/1507/243 281/1515/243 280/1516/243
f 597/1513/243 440/1512/243 441/1510/243
f 599/1518/244 601/1519/244 582/1520/244
f 582/1520/244 598/1521/244 599/1518/244
f 582/1520/244 583/1522/244 598/1521/244
f 583/1522/244 592/1523/244 598/1521/244
f 600/1524/245 597/1525/245 595/1526/245
f 597/1525/245 596/1527/245 595/1526/245
f 595/1526/245 602/1528/245 600/1524/245
f 600/1529/246 602/1530/246 601/1531/246
f 601/1531/246 599/1532/246 600/1529/246
f 603/1533/247 604/1534/247 577/1535/247
f 603/1533/247 605/1536/247 604/1534/247
f 577/1535/247 576/1537/247 587/1538/247
f 577/1535/247 587/1538/247 603/1533/247
f 604/1539/248 605/1540/248 606/1541/248
f 606/1541/248 607/1542/248 604/1539/248
f 608/1543/249 609/1544/249 577/1545/249
f 561/1546/249 571/1547/249 577/1545/249
f 559/1548/249 560/1549/249 571/1547/249
f 604/1550/249 607/1551/249 608/1543/249
f 571/1547/249 561/1546/249 559/1548/249
f 577/1545/249 609/1544/249 561/1546/249
f 577/1545/249 604/1550/249 608/1543/249
f 610/1552/250 606/1553/250 605/1554/250
f 605/1554/250 611/1555/250 610/1552/250
f 605/1554/250 603/1556/250 611/1555/250
f 612/1557/251 610/1558/251 611/1559/251
f 611/1559/251 613/1560/251 612/1557/251
f 603/1561/252 587/1562/252 586/1563/252
f 614/1564/252 611/1565/252 603/1561/252
f 603/1561/252 615/1566/252 614/1564/252
f 614/1564/252 590/1567/252 613/1568/252
f 613/1568/252 611/1565/252 614/1564/252
f 613/1568/252 590/1567/252 584/1569/252
f 584/1569/252 588/1570/252 613/1568/252
f 586/1563/252 615/1566/252 603/1561/252
f 616/1571/253 617/1572/253 588/1573/253
f 617/1572/253 613/1574/253 588/1573/253
f 588/1573/253 578/1575/253 616/1571/253
f 578/1575/253 581/1576/253 618/1577/253
f 618/1577/253 616/1571/253 578/1575/253
f 617/1572/253 612/1578/253 613/1574/253
f 618/1579/254 619/1580/254 616/1581/254
f 617/1582/255 619/1583/255 620/1584/255
f 617/1582/255 616/1585/255 619/1583/255
f 620/1584/255 621/1586/255 617/1582/255
f 622/1587/256 620/1588/256 601/1589/256
f 271/1590/256 260/1591/256 601/1589/256
f 601/1589/256 619/1592/256 618/1593/256
f 601/1589/256 623/1594/256 622/1587/256
f 624/1595/256 260/1591/256 256/1596/256
f 601/1589/256 602/1597/256 271/1590/256
f 620/1588/256 619/1592/256 601/1589/256
f 277/1598/256 271/1590/256 602/1597/256
f 260/1591/256 624/1595/256 601/1589/256
f 582/1599/256 601/1589/256 581/1600/256
f 601/1589/256 624/1595/256 623/1594/256
f 256/1596/256 255/1601/256 624/1595/256
f 618/1593/256 581/1600/256 601/1589/256
f 581/1600/256 580/1602/256 582/1599/256
f 602/1597/256 595/1603/256 277/1598/256
f 625/1604/257 623/1605/257 624/1606/257
f 624/1606/257 626/1607/257 625/1604/257
f 624/1606/257 627/1608/257 626/1607/257
f 44/1609/258 628/1610/258 627/1611/258
f 52/1612/258 47/1613/258 45/1614/258
f 627/1611/258 624/1615/258 255/1616/258
f 45/1614/258 627/1611/258 52/1612/258
f 629/1617/258 630/1618/258 628/1610/258
f 255/1616/258 131/1619/258 627/1611/258
f 628/1610/258 44/1609/258 629/1617/258
f 627/1611/258 45/1614/258 44/1609/258
f 131/1619/258 52/1612/258 627/1611/258
f 627/1620/259 628/1621/259 631/1622/259
f 631/1622/259 626/1623/259 627/1620/259
f 625/1624/260 626/1625/260 281/1626/260
f 590/1627/260 614/1628/260 632/1629/260
f 626/1625/260 80/1630/260 281/1626/260
f 67/1631/260 70/1632/260 80/1630/260
f 590/1627/260 633/1633/260 625/1624/260
f 632/1629/260 633/1633/260 590/1627/260
f 68/1634/260 631/1635/260 632/1629/260
f 68/1634/260 67/1631/260 626/1625/260
f 80/1630/260 626/1625/260 67/1631/260
f 614/1628/260 634/1636/260 632/1629/260
f 626/1625/260 631/1635/260 68/1634/260
f 625/1624/260 589/1637/260 590/1627/260
f 281/1626/260 589/1637/260 625/1624/260
f 632/1629/260 634/1636/260 68/1634/260
f 631/1638/261 628/1639/261 630/1640/261
f 630/1640/261 632/1641/261 631/1638/261
f 630/1640/261 635/1642/261 632/1641/261
f 632/1643/262 635/1644/262 636/1645/262
f 636/1645/262 633/1646/262 632/1643/262
f 636/1645/262 637/1647/262 633/1646/262
f 637/1648/263 636/1649/263 621/1650/263
f 620/1651/263 622/1652/263 637/1648/263
f 621/1650/263 620/1651/263 637/1648/263
f 625/1653/264 633/1654/264 637/1655/264
f 637/1655/264 622/1656/264 625/1653/264
f 622/1656/264 623/1657/264 625/1653/264
f 638/1658/265 629/1659/265 639/1660/265
f 638/1658/265 640/1661/265 629/1659/265
f 44/1662/265 43/1663/265 639/1660/265
f 639/1660/265 629/1659/265 44/1662/265
f 639/1660/265 641/1664/265 638/1658/265
f 642/1665/266 641/1666/266 639/1667/266
f 639/1667/266 643/1668/266 642/1665/266
f 644/1669/267 645/1670/267 646/1671/267
f 68/1672/267 634/1673/267 638/1674/267
f 646/1671/267 634/1673/267 644/1669/267
f 36/1675/267 35/1676/267 642/1677/267
f 68/1672/267 641/1678/267 642/1677/267
f 646/1671/267 638/1674/267 634/1673/267
f 642/1677/267 645/1670/267 36/1675/267
f 638/1674/267 641/1678/267 68/1672/267
f 642/1677/267 35/1676/267 68/1672/267
f 645/1670/267 644/1669/267 36/1675/267
f 646/1679/268 647/1680/268 640/1681/268
f 640/1681/268 638/1682/268 646/1679/268
f 643/1683/269 639/1684/269 648/1685/269
f 639/1684/269 27/1686/269 648/1685/269
f 639/1684/269 43/1687/269 27/1686/269
f 27/1686/269 26/1688/269 648/1685/269
f 648/1685/269 649/1689/269 643/1683/269
f 650/1690/270 649/1691/270 648/1692/270
f 642/1693/271 643/1694/271 651/1695/271
f 650/1696/271 651/1695/271 643/1694/271
f 651/1695/271 645/1697/271 642/1693/271
f 651/1695/271 652/1698/271 645/1697/271
f 643/1694/271 649/1699/271 650/1696/271
f 18/1700/272 650/1701/272 24/1702/272
f 650/1701/272 648/1703/272 26/1704/272
f 13/1705/272 651/1706/272 650/1701/272
f 8/1707/272 653/1708/272 13/1705/272
f 26/1704/272 24/1702/272 650/1701/272
f 13/1705/272 653/1708/272 651/1706/272
f 13/1705/272 6/1709/272 8/1707/272
f 650/1701/272 18/1700/272 13/1705/272
f 24/1702/272 22/1710/272 18/1700/272
f 8/1707/272 654/1711/272 653/1708/272
f 645/1712/273 652/1713/273 655/1714/273
f 647/1715/273 646/1716/273 656/1717/273
f 655/1714/273 646/1716/273 645/1712/273
f 655/1714/273 656/1717/273 646/1716/273
f 656/1717/273 657/1718/273 647/1715/273
f 652/1719/274 651/1720/274 653/1721/274
f 653/1721/274 655/1722/274 652/1719/274
f 655/1723/275 653/1724/275 654/1725/275
f 654/1725/275 656/1726/275 655/1723/275
f 657/1727/276 656/1728/276 654/1729/276
f 654/1729/276 8/1730/276 657/1727/276
f 8/1730/276 5/1731/276 657/1727/276
f 658/1732/276 657/1727/276 4/1733/276
f 4/1733/276 659/1734/276 658/1732/276
f 5/1731/276 4/1733/276 657/1727/276
f 647/1735/277 657/1736/277 658/1737/277
f 658/1737/277 607/1738/277 647/1735/277
f 606/1739/277 610/1740/277 640/1741/277
f 640/1741/277 647/1735/277 606/1739/277
f 635/1742/277 610/1740/277 612/1743/277
f 610/1740/277 635/1742/277 640/1741/277
f 612/1743/277 617/1744/277 621/1745/277
f 607/1738/277 606/1739/277 647/1735/277
f 612/1743/277 636/1746/277 635/1742/277
f 660/1747/277 608/1748/277 607/1738/277
f 629/1749/277 640/1741/277 635/1742/277
f 607/1738/277 658/1737/277 660/1747/277
f 661/1750/277 608/1748/277 660/1747/277
f 621/1745/277 636/1746/277 612/1743/277
f 635/1742/277 630/1751/277 629/1749/277
f 660/1747/277 662/1752/277 661/1750/277
f 663/1753/278 662/1754/278 660/1755/278
f 660/1755/278 664/1756/278 663/1753/278
f 665/1757/279 661/1758/279 666/1759/279
f 666/1759/279 667/1760/279 665/1757/279
f 662/1761/279 663/1762/279 668/1763/279
f 668/1763/279 661/1758/279 662/1761/279
f 661/1758/279 668/1763/279 666/1759/279
f 669/1764/280 670/1765/280 666/1766/280
f 670/1765/280 562/1767/280 563/1768/280
f 563/1768/280 666/1766/280 670/1765/280
f 666/1766/280 668/1769/280 669/1764/280
f 563/1770/281 671/1771/281 667/1772/281
f 667/1772/281 666/1773/281 563/1770/281
f 557/1774/281 672/1775/281 671/1771/281
f 557/1774/281 556/1776/281 672/1775/281
f 563/1770/281 557/1774/281 671/1771/281
f 673/1777/282 671/1778/282 672/1779/282
f 672/1779/282 674/1780/282 673/1777/282
f 608/1781/283 661/1782/283 665/1783/283
f 665/1783/283 675/1784/283 608/1781/283
f 675/1784/283 676/1785/283 608/1781/283
f 676/1785/283 609/1786/283 608/1781/283
f 609/1787/284 677/1788/284 678/1789/284
f 609/1787/284 676/1790/284 677/1788/284
f 542/1791/284 561/1792/284 609/1787/284
f 678/1789/284 615/1793/284 609/1787/284
f 609/1787/284 586/1794/284 542/1791/284
f 537/1795/284 556/1796/284 558/1797/284
f 542/1791/284 541/1798/284 561/1792/284
f 541/1798/284 535/1799/284 558/1797/284
f 537/1795/284 674/1800/284 556/1796/284
f 558/1797/284 561/1792/284 541/1798/284
f 674/1800/284 672/1801/284 556/1796/284
f 558/1797/284 535/1799/284 537/1795/284
f 615/1793/284 586/1794/284 609/1787/284
f 676/1802/285 675/1803/285 679/1804/285
f 679/1804/285 677/1805/285 676/1802/285
f 614/1806/286 615/1807/286 678/1808/286
f 680/1809/286 644/1810/286 634/1811/286
f 678/1808/286 681/1812/286 614/1806/286
f 681/1812/286 680/1809/286 614/1806/286
f 634/1811/286 614/1806/286 680/1809/286
f 682/1813/287 678/1814/287 677/1815/287
f 677/1815/287 679/1816/287 682/1813/287
f 682/1813/287 681/1817/287 678/1814/287
f 683/1818/288 669/1819/288 663/1820/288
f 669/1819/288 668/1821/288 663/1820/288
f 663/1820/288 684/1822/288 683/1818/288
f 663/1820/288 664/1823/288 684/1822/288
f 685/1824/289 686/1825/289 564/1826/289
f 564/1826/289 670/1827/289 685/1824/289
f 564/1826/289 562/1828/289 670/1827/289
f 687/1829/290 688/1830/290 680/1831/290
f 680/1831/290 681/1832/290 687/1829/290
f 681/1832/290 682/1833/290 687/1829/290
f 689/1834/291 690/1835/291 683/1836/291
f 683/1836/291 684/1837/291 689/1834/291
f 691/1838/292 690/1839/292 689/1840/292
f 689/1840/292 692/1841/292 691/1838/292
f 691/1842/293 692/1843/293 693/1844/293
f 693/1844/293 694/1845/293 691/1842/293
f 694/1846/294 693/1847/294 695/1848/294
f 695/1848/294 685/1849/294 694/1846/294
f 695/1848/294 696/1850/294 685/1849/294
f 696/1850/294 686/1851/294 685/1849/294
f 697/1852/295 696/1853/295 695/1854/295
f 695/1854/295 698/1855/295 697/1852/295
f 680/1856/296 688/1857/296 12/1858/296
f 14/1859/296 10/1860/296 699/1861/296
f 16/1862/296 14/1859/296 34/1863/296
f 14/1859/296 700/1864/296 37/1865/296
f 688/1857/296 9/1866/296 12/1858/296
f 688/1857/296 699/1861/296 10/1860/296
f 701/1867/296 700/1864/296 14/1859/296
f 37/1865/296 34/1863/296 14/1859/296
f 12/1858/296 33/1868/296 36/1869/296
f 16/1862/296 29/1870/296 33/1868/296
f 10/1860/296 9/1866/296 688/1857/296
f 34/1863/296 29/1870/296 16/1862/296
f 33/1868/296 12/1858/296 16/1862/296
f 699/1861/296 701/1867/296 14/1859/296
f 12/1858/296 644/1871/296 680/1856/296
f 36/1869/296 644/1871/296 12/1858/296
f 702/1872/297 703/1873/297 701/1874/297
f 701/1874/297 699/1875/297 702/1872/297
f 704/1876/298 701/1877/298 703/1878/298
f 704/1876/298 700/1879/298 701/1877/298
f 703/1878/298 705/1880/298 704/1876/298
f 684/1881/299 664/1882/299 660/1883/299
f 692/1884/299 706/1885/299 707/1886/299
f 698/1887/299 695/1888/299 693/1889/299
f 658/1890/299 659/1891/299 684/1881/299
f 659/1891/299 708/1892/299 689/1893/299
f 708/1892/299 706/1885/299 692/1884/299
f 693/1889/299 707/1886/299 698/1887/299
f 689/1893/299 684/1881/299 659/1891/299
f 707/1886/299 693/1889/299 692/1884/299
f 692/1884/299 689/1893/299 708/1892/299
f 660/1883/299 658/1890/299 684/1881/299
f 698/1894/300 707/1895/300 709/1896/300
f 709/1896/300 710/1897/300 697/1898/300
f 709/1896/300 697/1898/300 698/1894/300
f 711/1899/301 686/1900/301 696/1901/301
f 696/1901/301 697/1902/301 711/1899/301
f 697/1902/301 710/1903/301 711/1899/301
f 686/1900/301 712/1904/301 549/1905/301
f 549/1905/301 564/1906/301 686/1900/301
f 711/1899/301 712/1904/301 686/1900/301
f 549/1905/301 547/1907/301 564/1906/301
f 713/1908/302 714/1909/302 548/1910/302
f 537/1911/302 538/1912/302 548/1910/302
f 546/1913/302 534/1914/302 533/1915/302
f 546/1913/302 715/1916/302 713/1908/302
f 548/1910/302 714/1909/302 537/1911/302
f 548/1910/302 546/1913/302 713/1908/302
f 714/1909/302 673/1917/302 537/1911/302
f 673/1917/302 674/1918/302 537/1911/302
f 533/1915/302 715/1916/302 546/1913/302
f 716/1919/303 714/1920/303 713/1921/303
f 717/1922/304 718/1923/304 719/1924/304
f 719/1924/304 711/1925/304 717/1922/304
f 719/1924/304 712/1926/304 711/1925/304
f 720/1927/305 716/1928/305 717/1929/305
f 713/1930/305 718/1931/305 717/1929/305
f 718/1931/305 715/1932/305 721/1933/305
f 717/1929/305 716/1928/305 713/1930/305
f 721/1933/305 722/1934/305 718/1931/305
f 718/1931/305 713/1930/305 715/1932/305
f 717/1929/305 723/1935/305 720/1927/305
f 724/1936/306 723/1937/306 709/1938/306
f 710/1939/306 709/1938/306 723/1937/306
f 723/1937/306 717/1940/306 710/1939/306
f 717/1940/306 711/1941/306 710/1939/306
f 709/1938/306 725/1942/306 724/1936/306
f 669/1943/307 665/1944/307 667/1945/307
f 670/1946/307 714/1947/307 716/1948/307
f 720/1949/307 694/1950/307 685/1951/307
f 726/1952/307 691/1953/307 694/1950/307
f 670/1946/307 667/1945/307 671/1954/307
f 669/1943/307 682/1955/307 665/1944/307
f 670/1946/307 673/1956/307 714/1947/307
f 694/1950/307 720/1949/307 726/1952/307
f 727/1957/307 690/1958/307 691/1953/307
f 687/1959/307 683/1960/307 690/1958/307
f 687/1959/307 682/1955/307 669/1943/307
f 667/1945/307 670/1946/307 669/1943/307
f 665/1944/307 682/1955/307 679/1961/307
f 685/1951/307 716/1948/307 720/1949/307
f 691/1953/307 726/1952/307 727/1957/307
f 669/1943/307 683/1960/307 687/1959/307
f 679/1961/307 675/1962/307 665/1944/307
f 727/1957/307 728/1963/307 690/1958/307
f 671/1954/307 673/1956/307 670/1946/307
f 690/1958/307 728/1963/307 687/1959/307
f 716/1948/307 685/1951/307 670/1946/307
f 726/1964/308 729/1965/308 727/1966/308
f 724/1967/309 730/1968/309 729/1969/309
f 724/1967/309 731/1970/309 730/1968/309
f 720/1971/309 723/1972/309 724/1967/309
f 724/1967/309 726/1973/309 720/1971/309
f 729/1969/309 726/1973/309 724/1967/309
f 732/1974/310 730/1975/310 731/1976/310
f 719/1977/311 733/1978/311 545/1979/311
f 545/1979/311 733/1978/311 734/1980/311
f 548/1981/311 549/1982/311 712/1983/311
f 734/1980/311 735/1984/311 545/1979/311
f 712/1983/311 719/1977/311 548/1981/311
f 719/1977/311 546/1985/311 548/1981/311
f 545/1979/311 546/1985/311 719/1977/311
f 733/1986/312 718/1987/312 722/1988/312
f 722/1988/312 736/1989/312 733/1986/312
f 737/1990/312 738/1991/312 736/1989/312
f 736/1989/312 722/1988/312 737/1990/312
f 733/1986/312 719/1992/312 718/1987/312
f 739/1993/313 733/1994/313 736/1995/313
f 736/1995/313 740/1996/313 739/1993/313
f 739/1993/313 734/1997/313 733/1994/313
f 741/1998/314 739/1999/314 740/2000/314
f 740/2000/314 742/2001/314 741/1998/314
f 738/2002/315 743/2003/315 740/2004/315
f 740/2004/315 736/2005/315 738/2002/315
f 743/2003/315 742/2006/315 740/2004/315
f 738/2002/315 744/2007/315 743/2003/315
f 739/2008/316 741/2009/316 735/2010/316
f 745/2011/316 746/2012/316 735/2010/316
f 735/2010/316 741/2009/316 745/2011/316
f 735/2010/316 734/2013/316 739/2008/316
f 747/2014/317 721/2015/317 742/2016/317
f 742/2016/317 743/2017/317 747/2014/317
f 741/2018/317 742/2016/317 721/2015/317
f 741/2018/317 715/2019/317 533/2020/317
f 721/2015/317 715/2019/317 741/2018/317
f 533/2020/317 531/2021/317 745/2022/317
f 530/2023/317 748/2024/317 745/2022/317
f 533/2020/317 745/2022/317 741/2018/317
f 748/2024/317 743/2017/317 745/2022/317
f 745/2022/317 531/2021/317 530/2023/317
f 743/2017/317 748/2024/317 747/2014/317
f 725/2025/318 749/2026/318 750/2027/318
f 707/2028/318 706/2029/318 725/2025/318
f 725/2025/318 706/2029/318 749/2026/318
f 750/2027/318 751/2030/318 725/2025/318
f 725/2025/318 709/2031/318 707/2028/318
f 725/2032/319 751/2033/319 731/2034/319
f 751/2033/319 752/2035/319 753/2036/319
f 751/2033/319 732/2037/319 731/2034/319
f 731/2034/319 724/2038/319 725/2032/319
f 753/2036/319 732/2037/319 751/2033/319
f 754/2039/320 755/2040/320 708/2041/320
f 755/2040/320 749/2042/320 706/2043/320
f 706/2043/320 708/2041/320 755/2040/320
f 708/2041/320 756/2044/320 754/2039/320
f 757/2045/321 758/2046/321 750/2047/321
f 750/2047/321 755/2048/321 757/2045/321
f 750/2047/321 749/2049/321 755/2048/321
f 759/2050/322 760/2051/322 761/2052/322
f 761/2052/322 752/2053/322 759/2050/322
f 761/2052/322 753/2054/322 752/2053/322
f 759/2055/323 744/2056/323 762/2057/323
f 759/2055/323 763/2058/323 744/2056/323
f 762/2057/323 760/2059/323 759/2055/323
f 759/2055/323 764/2060/323 763/2058/323
f 744/2056/323 737/2061/323 762/2057/323
f 744/2056/323 738/2062/323 737/2061/323
f 743/2063/324 765/2064/324 766/2065/324
f 766/2065/324 745/2066/324 743/2063/324
f 743/2063/324 744/2067/324 763/2068/324
f 763/2068/324 765/2064/324 743/2063/324
f 766/2065/324 746/2069/324 745/2066/324
f 767/2070/325 761/2071/325 760/2072/325
f 760/2072/325 768/2073/325 767/2070/325
f 760/2072/325 762/2074/325 768/2073/325
f 762/2075/326 737/2076/326 747/2077/326
f 747/2077/326 769/2078/326 762/2075/326
f 721/2079/326 747/2077/326 737/2076/326
f 769/2078/326 770/2080/326 762/2075/326
f 770/2080/326 768/2081/326 762/2075/326
f 737/2076/326 722/2082/326 721/2079/326
f 769/2083/327 771/2084/327 770/2085/327
f 755/2086/328 754/2087/328 728/2088/328
f 754/2087/328 772/2089/328 728/2088/328
f 757/2090/328 730/2091/328 732/2092/328
f 757/2090/328 755/2086/328 729/2093/328
f 728/2088/328 727/2094/328 755/2086/328
f 729/2093/328 730/2091/328 757/2090/328
f 773/2095/328 774/2096/328 757/2090/328
f 773/2095/328 775/2097/328 776/2098/328
f 757/2090/328 753/2099/328 761/2100/328
f 732/2092/328 753/2099/328 757/2090/328
f 776/2098/328 774/2096/328 773/2095/328
f 775/2097/328 772/2089/328 754/2087/328
f 727/2094/328 729/2093/328 755/2086/328
f 754/2087/328 776/2098/328 775/2097/328
f 757/2090/328 767/2101/328 773/2095/328
f 761/2100/328 767/2101/328 757/2090/328
f 774/2102/329 777/2103/329 758/2104/329
f 777/2103/329 778/2105/329 758/2104/329
f 758/2104/329 757/2106/329 774/2102/329
f 779/2107/330 777/2108/330 774/2109/330
f 774/2109/330 776/2110/330 779/2107/330
f 754/2111/331 780/2112/331 781/2113/331
f 781/2113/331 776/2114/331 754/2111/331
f 754/2111/331 756/2115/331 780/2112/331
f 781/2113/331 779/2116/331 776/2114/331
f 544/2117/332 746/2118/332 782/2119/332
f 746/2118/332 766/2120/332 783/2121/332
f 783/2121/332 782/2119/332 746/2118/332
f 545/2122/332 735/2123/332 746/2118/332
f 746/2118/332 544/2117/332 545/2122/332
f 782/2119/332 784/2124/332 544/2117/332
f 785/2125/333 786/2126/333 787/2127/333
f 787/2127/333 784/2128/333 785/2125/333
f 784/2128/333 782/2129/333 785/2125/333
f 497/2130/334 521/2131/334 527/2132/334
f 788/2133/334 494/2134/334 495/2135/334
f 784/2136/334 495/2135/334 527/2132/334
f 527/2132/334 495/2135/334 497/2130/334
f 495/2135/334 784/2136/334 789/2137/334
f 497/2130/334 510/2138/334 521/2131/334
f 784/2136/334 787/2139/334 789/2137/334
f 495/2135/334 789/2137/334 788/2133/334
f 527/2132/334 544/2140/334 784/2136/334
f 790/2141/335 785/2142/335 783/2143/335
f 785/2142/335 782/2144/335 783/2143/335
f 783/2143/335 791/2145/335 790/2141/335
f 783/2146/336 766/2147/336 765/2148/336
f 792/2149/336 793/2150/336 791/2151/336
f 791/2151/336 765/2148/336 792/2149/336
f 765/2148/336 791/2151/336 783/2146/336
f 794/2152/337 795/2153/337 787/2154/337
f 795/2153/337 789/2155/337 787/2154/337
f 787/2154/337 786/2156/337 794/2152/337
f 796/2157/338 790/2158/338 793/2159/338
f 790/2158/338 791/2160/338 793/2159/338
f 793/2159/338 797/2161/338 796/2157/338
f 798/2162/339 799/2163/339 795/2164/339
f 795/2164/339 794/2165/339 798/2162/339
f 799/2166/340 797/2167/340 800/2168/340
f 798/2169/340 796/2170/340 797/2167/340
f 797/2167/340 799/2166/340 798/2169/340
f 800/2168/340 801/2171/340 799/2166/340
f 793/2172/341 802/2173/341 800/2174/341
f 793/2172/341 792/2175/341 802/2173/341
f 800/2174/341 797/2176/341 793/2172/341
f 801/2177/342 800/2178/342 803/2179/342
f 803/2179/342 804/2180/342 801/2177/342
f 805/2181/343 800/2182/343 802/2183/343
f 805/2181/343 803/2184/343 800/2182/343
f 802/2183/343 806/2185/343 805/2181/343
f 802/2183/343 807/2186/343 806/2185/343
f 807/2187/344 808/2188/344 809/2189/344
f 809/2189/344 806/2190/344 807/2187/344
f 810/2191/345 809/2192/345 811/2193/345
f 809/2192/345 808/2194/345 811/2193/345
f 811/2193/345 812/2195/345 810/2191/345
f 805/2196/346 813/2197/346 804/2198/346
f 813/2197/346 814/2199/346 804/2198/346
f 804/2198/346 803/2200/346 805/2196/346
f 814/2201/347 813/2202/347 810/2203/347
f 810/2203/347 812/2204/347 814/2201/347
f 748/2205/348 815/2206/348 805/2207/348
f 816/2208/348 771/2209/348 809/2210/348
f 805/2207/348 806/2211/348 748/2205/348
f 817/2212/348 810/2213/348 813/2214/348
f 810/2213/348 817/2212/348 816/2208/348
f 769/2215/348 747/2216/348 806/2211/348
f 815/2206/348 813/2214/348 805/2207/348
f 809/2210/348 810/2213/348 816/2208/348
f 809/2210/348 771/2209/348 769/2215/348
f 813/2214/348 815/2206/348 817/2212/348
f 806/2211/348 747/2216/348 748/2205/348
f 806/2211/348 809/2210/348 769/2215/348
f 815/2217/349 796/2218/349 798/2219/349
f 798/2219/349 818/2220/349 815/2217/349
f 748/2221/349 790/2222/349 796/2218/349
f 796/2218/349 815/2217/349 748/2221/349
f 748/2221/349 530/2223/349 785/2224/349
f 515/2225/349 786/2226/349 785/2224/349
f 785/2224/349 790/2222/349 748/2221/349
f 785/2224/349 530/2223/349 515/2225/349
f 819/2227/349 794/2228/349 786/2226/349
f 819/2227/349 820/2229/349 798/2219/349
f 515/2225/349 514/2230/349 786/2226/349
f 798/2219/349 794/2228/349 819/2227/349
f 786/2226/349 514/2230/349 819/2227/349
f 798/2219/349 820/2229/349 818/2220/349
f 808/2231/350 821/2232/350 822/2233/350
f 808/2231/350 764/2234/350 823/2235/350
f 792/2236/350 765/2237/350 763/2238/350
f 764/2234/350 808/2231/350 807/2239/350
f 823/2235/350 821/2232/350 808/2231/350
f 807/2239/350 802/2240/350 792/2236/350
f 822/2233/350 811/2241/350 808/2231/350
f 807/2239/350 763/2238/350 764/2234/350
f 763/2238/350 807/2239/350 792/2236/350
f 824/2242/351 822/2243/351 821/2244/351
f 704/2245/352 705/2246/352 825/2247/352
f 825/2247/352 826/2248/352 704/2245/352
f 825/2247/352 827/2249/352 826/2248/352
f 828/2250/353 826/2251/353 829/2252/353
f 826/2251/353 827/2253/353 829/2252/353
f 829/2252/353 830/2254/353 828/2250/353
f 828/2255/354 830/2256/354 831/2257/354
f 831/2257/354 832/2258/354 828/2255/354
f 832/2258/354 833/2259/354 828/2255/354
f 477/2260/355 486/2261/355 834/2262/355
f 835/2263/355 476/2264/355 477/2260/355
f 486/2261/355 494/2265/355 836/2266/355
f 482/2267/355 486/2261/355 477/2260/355
f 836/2266/355 834/2262/355 486/2261/355
f 788/2268/355 837/2269/355 836/2266/355
f 477/2260/355 474/2270/355 482/2267/355
f 836/2266/355 494/2265/355 788/2268/355
f 834/2262/355 835/2263/355 477/2260/355
f 474/2270/355 473/2271/355 482/2267/355
f 834/2272/356 836/2273/356 838/2274/356
f 838/2274/356 839/2275/356 834/2272/356
f 840/2276/357 838/2277/357 837/2278/357
f 838/2277/357 836/2279/357 837/2278/357
f 837/2278/357 841/2280/357 840/2276/357
f 842/2281/358 840/2282/358 843/2283/358
f 840/2282/358 841/2284/358 843/2283/358
f 843/2283/358 844/2285/358 842/2281/358
f 845/2286/359 844/2287/359 843/2288/359
f 843/2288/359 846/2289/359 845/2286/359
f 479/2290/360 839/2291/360 838/2292/360
f 479/2290/360 481/2293/360 842/2294/360
f 819/2295/360 840/2296/360 847/2297/360
f 848/2298/360 847/2297/360 840/2296/360
f 849/2299/360 848/2298/360 481/2293/360
f 514/2300/360 838/2292/360 840/2296/360
f 842/2294/360 839/2291/360 479/2290/360
f 840/2296/360 842/2294/360 848/2298/360
f 481/2293/360 480/2301/360 849/2299/360
f 838/2292/360 514/2300/360 479/2290/360
f 848/2298/360 842/2294/360 481/2293/360
f 847/2297/360 850/2302/360 819/2295/360
f 840/2296/360 819/2295/360 514/2300/360
f 848/2303/361 845/2304/361 846/2305/361
f 846/2305/361 847/2306/361 848/2303/361
f 846/2305/361 851/2307/361 847/2306/361
f 852/2308/362 845/2309/362 849/2310/362
f 852/2308/362 835/2311/362 845/2309/362
f 849/2310/362 853/2312/362 852/2308/362
f 844/2313/362 845/2309/362 835/2311/362
f 835/2311/362 834/2314/362 844/2313/362
f 839/2315/362 842/2316/362 844/2313/362
f 844/2313/362 834/2314/362 839/2315/362
f 845/2309/362 848/2317/362 849/2310/362
f 854/2318/363 855/2319/363 850/2320/363
f 850/2320/363 851/2321/363 854/2318/363
f 850/2320/363 847/2322/363 851/2321/363
f 853/2323/364 856/2324/364 857/2325/364
f 857/2325/364 852/2326/364 853/2323/364
f 857/2327/365 858/2328/365 859/2329/365
f 857/2327/365 860/2330/365 858/2328/365
f 859/2329/365 446/2331/365 857/2327/365
f 446/2331/365 403/2332/365 402/2333/365
f 852/2334/365 449/2335/365 476/2336/365
f 857/2327/365 446/2331/365 449/2335/365
f 402/2333/365 443/2337/365 446/2331/365
f 449/2335/365 852/2334/365 857/2327/365
f 476/2336/365 835/2338/365 852/2334/365
f 859/2329/365 403/2332/365 446/2331/365
f 861/2339/366 862/2340/366 860/2341/366
f 860/2341/366 856/2342/366 861/2339/366
f 860/2341/366 857/2343/366 856/2342/366
f 861/2344/367 863/2345/367 864/2346/367
f 864/2346/367 862/2347/367 861/2344/367
f 853/2348/368 849/2349/368 480/2350/368
f 480/2350/368 856/2351/368 853/2348/368
f 865/2352/368 861/2353/368 856/2351/368
f 866/2354/368 867/2355/368 863/2356/368
f 856/2351/368 478/2357/368 865/2352/368
f 863/2356/368 865/2352/368 866/2354/368
f 863/2356/368 861/2353/368 865/2352/368
f 480/2350/368 478/2357/368 856/2351/368
f 868/2358/369 826/2359/369 828/2360/369
f 868/2358/369 704/2361/369 826/2359/369
f 704/2361/369 868/2358/369 41/2362/369
f 828/2360/369 833/2363/369 869/2364/369
f 38/2365/369 37/2366/369 700/2367/369
f 828/2360/369 869/2364/369 868/2358/369
f 41/2362/369 700/2367/369 704/2361/369
f 833/2363/369 870/2368/369 871/2369/369
f 871/2369/369 869/2364/369 833/2363/369
f 700/2367/369 41/2362/369 38/2365/369
f 871/2370/370 870/2371/370 872/2372/370
f 872/2372/370 873/2373/370 871/2370/370
f 874/2374/371 871/2375/371 873/2376/371
f 874/2374/371 869/2377/371 871/2375/371
f 873/2376/371 875/2378/371 874/2374/371
f 874/2379/372 875/2380/372 876/2381/372
f 876/2381/372 877/2382/372 874/2379/372
f 866/2383/373 878/2384/373 879/2385/373
f 820/2386/373 855/2387/373 878/2384/373
f 879/2385/373 880/2388/373 866/2383/373
f 878/2384/373 866/2383/373 820/2386/373
f 820/2386/373 819/2389/373 850/2390/373
f 880/2388/373 881/2391/373 866/2383/373
f 850/2390/373 855/2387/373 820/2386/373
f 866/2383/373 882/2392/373 820/2386/373
f 881/2391/373 867/2393/373 866/2383/373
f 883/2394/374 884/2395/374 881/2396/374
f 881/2396/374 880/2397/374 883/2394/374
f 885/2398/373 884/2399/373 883/2400/373
f 883/2400/373 886/2401/373 885/2398/373
f 886/2401/373 887/2402/373 885/2398/373
f 886/2403/375 883/2404/375 880/2405/375
f 880/2405/375 879/2406/375 886/2403/375
f 887/2407/376 886/2408/376 879/2409/376
f 879/2409/376 878/2410/376 887/2407/376
f 884/2411/377 864/2412/377 863/2413/377
f 864/2412/377 884/2411/377 885/2414/377
f 863/2413/377 867/2415/377 884/2411/377
f 867/2415/377 881/2416/377 884/2411/377
f 885/2414/377 888/2417/377 864/2412/377
f 878/2418/378 855/2419/378 889/2420/378
f 889/2420/378 885/2421/378 878/2418/378
f 855/2419/378 854/2422/378 889/2420/378
f 885/2421/378 887/2423/378 878/2418/378
f 877/2424/379 876/2425/379 890/2426/379
f 876/2425/379 891/2427/379 890/2426/379
f 892/2428/379 893/2429/379 894/2430/379
f 894/2430/379 890/2426/379 892/2428/379
f 890/2426/379 894/2430/379 877/2424/379
f 868/2431/380 869/2432/380 895/2433/380
f 895/2433/380 896/2434/380 868/2431/380
f 869/2432/380 874/2435/380 897/2436/380
f 897/2436/380 874/2435/380 877/2437/380
f 897/2436/380 895/2433/380 869/2432/380
f 896/2434/380 898/2438/380 868/2431/380
f 877/2437/380 894/2439/380 897/2436/380
f 896/2440/381 895/2441/381 899/2442/381
f 899/2442/381 900/2443/381 896/2440/381
f 901/2444/382 899/2445/382 895/2446/382
f 895/2446/382 897/2447/382 901/2444/382
f 893/2448/383 901/2449/383 897/2450/383
f 902/2451/383 903/2452/383 901/2449/383
f 901/2449/383 893/2448/383 902/2451/383
f 897/2450/383 894/2453/383 893/2448/383
f 868/2454/384 904/2455/384 905/2456/384
f 41/2457/384 905/2456/384 906/2458/384
f 868/2454/384 898/2459/384 904/2455/384
f 905/2456/384 41/2457/384 868/2454/384
f 906/2458/384 40/2460/384 41/2457/384
f 904/2461/385 907/2462/385 908/2463/385
f 908/2463/385 905/2464/385 904/2461/385
f 909/2465/386 906/2466/386 905/2467/386
f 905/2467/386 910/2468/386 909/2465/386
f 908/2469/386 911/2470/386 910/2468/386
f 910/2468/386 905/2467/386 908/2469/386
f 909/2465/386 912/2471/386 906/2466/386
f 913/2472/387 914/2473/387 909/2474/387
f 909/2474/387 915/2475/387 913/2472/387
f 909/2474/387 910/2476/387 915/2475/387
f 916/2477/388 915/2478/388 911/2479/388
f 915/2478/388 910/2480/388 911/2479/388
f 911/2479/388 917/2481/388 916/2477/388
f 705/2482/389 915/2483/389 916/2484/389
f 702/2485/389 913/2486/389 915/2483/389
f 916/2484/389 825/2487/389 705/2482/389
f 915/2483/389 703/2488/389 702/2485/389
f 775/2489/389 918/2490/389 913/2486/389
f 775/2489/389 919/2491/389 920/2492/389
f 825/2487/389 916/2484/389 920/2492/389
f 702/2485/389 772/2493/389 913/2486/389
f 920/2492/389 918/2490/389 775/2489/389
f 705/2482/389 703/2488/389 915/2483/389
f 920/2492/389 919/2491/389 825/2487/389
f 913/2486/389 772/2493/389 775/2489/389
f 921/2494/390 914/2495/390 913/2496/390
f 913/2496/390 918/2497/390 921/2494/390
f 922/2498/391 921/2499/391 918/2500/391
f 918/2500/391 920/2501/391 922/2498/391
f 922/2502/392 920/2503/392 916/2504/392
f 916/2504/392 917/2505/392 922/2502/392
f 923/2506/393 924/2507/393 925/2508/393
f 925/2508/393 902/2509/393 923/2506/393
f 925/2508/393 903/2510/393 902/2509/393
f 926/2511/394 927/2512/394 924/2513/394
f 924/2513/394 923/2514/394 926/2511/394
f 926/2515/395 928/2516/395 929/2517/395
f 929/2517/395 927/2518/395 926/2515/395
f 929/2517/395 930/2519/395 927/2518/395
f 900/2520/396 903/2521/396 931/2522/396
f 899/2523/396 901/2524/396 903/2521/396
f 932/2525/396 933/2526/396 931/2522/396
f 903/2521/396 900/2520/396 899/2523/396
f 903/2521/396 925/2527/396 932/2525/396
f 931/2522/396 903/2521/396 932/2525/396
f 931/2522/396 934/2528/396 900/2520/396
f 898/2529/397 935/2530/397 936/2531/397
f 935/2530/397 937/2532/397 936/2531/397
f 934/2533/397 935/2530/397 896/2534/397
f 907/2535/397 904/2536/397 898/2529/397
f 896/2534/397 900/2537/397 934/2533/397
f 935/2530/397 898/2529/397 896/2534/397
f 936/2531/397 907/2535/397 898/2529/397
f 938/2538/398 939/2539/398 934/2540/398
f 939/2539/398 935/2541/398 934/2540/398
f 934/2540/398 931/2542/398 938/2538/398
f 940/2543/399 938/2544/399 933/2545/399
f 938/2544/399 931/2546/399 933/2545/399
f 933/2545/399 941/2547/399 940/2543/399
f 942/2548/400 943/2549/400 937/2550/400
f 937/2550/400 939/2551/400 942/2548/400
f 937/2550/400 935/2552/400 939/2551/400
f 942/2553/401 940/2554/401 941/2555/401
f 941/2555/401 943/2556/401 942/2553/401
f 944/2557/402 945/2558/402 938/2559/402
f 940/2560/402 946/2561/402 944/2557/402
f 940/2560/402 947/2562/402 946/2561/402
f 827/2563/402 939/2564/402 938/2559/402
f 947/2562/402 940/2560/402 942/2565/402
f 938/2559/402 940/2560/402 944/2557/402
f 938/2559/402 829/2566/402 827/2563/402
f 825/2567/402 919/2568/402 942/2565/402
f 945/2558/402 829/2566/402 938/2559/402
f 942/2565/402 939/2564/402 825/2567/402
f 827/2563/402 825/2567/402 939/2564/402
f 942/2565/402 919/2568/402 947/2562/402
f 947/2569/403 948/2570/403 946/2571/403
f 949/2572/404 945/2573/404 950/2574/404
f 944/2575/404 951/2576/404 950/2574/404
f 950/2574/404 945/2573/404 944/2575/404
f 950/2574/404 952/2577/404 949/2572/404
f 953/2578/405 954/2579/405 952/2580/405
f 954/2579/405 955/2581/405 952/2580/405
f 952/2580/405 950/2582/405 953/2578/405
f 956/2583/406 957/2584/406 955/2585/406
f 955/2585/406 954/2586/406 956/2583/406
f 950/2587/407 951/2588/407 958/2589/407
f 956/2590/407 958/2589/407 951/2588/407
f 951/2588/407 957/2591/407 956/2590/407
f 959/2592/407 960/2593/407 953/2594/407
f 953/2594/407 958/2589/407 959/2592/407
f 958/2589/407 953/2594/407 950/2587/407
f 960/2595/408 959/2596/408 961/2597/408
f 962/2598/409 954/2599/409 953/2600/409
f 953/2600/409 960/2601/409 962/2598/409
f 960/2601/409 961/2602/409 962/2598/409
f 962/2598/409 963/2603/409 956/2604/409
f 956/2604/409 954/2599/409 962/2598/409
f 963/2603/409 958/2605/409 956/2604/409
f 961/2602/409 964/2606/409 962/2598/409
f 941/2607/410 933/2608/410 958/2609/410
f 958/2609/410 963/2610/410 941/2607/410
f 963/2610/410 965/2611/410 941/2607/410
f 933/2608/410 959/2612/410 958/2609/410
f 966/2613/410 967/2614/410 943/2615/410
f 964/2616/410 961/2617/410 959/2612/410
f 943/2615/410 941/2607/410 966/2613/410
f 933/2608/410 932/2618/410 964/2616/410
f 959/2612/410 933/2608/410 964/2616/410
f 936/2619/410 937/2620/410 943/2615/410
f 943/2615/410 967/2614/410 936/2619/410
f 965/2611/410 966/2613/410 941/2607/410
f 965/2621/411 968/2622/411 966/2623/411
f 921/2624/412 922/2625/412 969/2626/412
f 781/2627/412 914/2628/412 970/2629/412
f 922/2625/412 967/2630/412 969/2626/412
f 917/2631/412 911/2632/412 907/2633/412
f 970/2629/412 971/2634/412 781/2627/412
f 970/2629/412 914/2628/412 921/2624/412
f 911/2632/412 908/2635/412 907/2633/412
f 936/2636/412 967/2630/412 922/2625/412
f 969/2626/412 970/2629/412 921/2624/412
f 914/2628/412 780/2637/412 912/2638/412
f 922/2625/412 917/2631/412 936/2636/412
f 912/2638/412 909/2639/412 914/2628/412
f 781/2627/412 780/2637/412 914/2628/412
f 967/2630/412 972/2640/412 969/2626/412
f 907/2633/412 936/2636/412 917/2631/412
f 970/2641/413 969/2642/413 973/2643/413
f 973/2643/413 974/2644/413 970/2641/413
f 975/2645/414 973/2646/414 972/2647/414
f 973/2646/414 969/2648/414 972/2647/414
f 972/2647/414 976/2649/414 975/2645/414
f 974/2650/415 977/2651/415 978/2652/415
f 978/2652/415 971/2653/415 974/2650/415
f 971/2653/415 970/2654/415 974/2650/415
f 979/2655/416 980/2656/416 978/2657/416
f 978/2657/416 981/2658/416 979/2655/416
f 978/2657/416 977/2659/416 981/2658/416
f 981/2660/417 975/2661/417 976/2662/417
f 976/2662/417 979/2663/417 981/2660/417
f 773/2664/418 982/2665/418 981/2666/418
f 982/2665/418 983/2667/418 975/2668/418
f 983/2667/418 948/2669/418 973/2670/418
f 973/2670/418 948/2669/418 947/2671/418
f 775/2672/418 974/2673/418 973/2670/418
f 775/2672/418 773/2664/418 977/2674/418
f 975/2668/418 981/2666/418 982/2665/418
f 947/2671/418 919/2675/418 973/2670/418
f 977/2674/418 974/2673/418 775/2672/418
f 973/2670/418 975/2668/418 983/2667/418
f 981/2666/418 977/2674/418 773/2664/418
f 973/2670/418 919/2675/418 775/2672/418
f 984/2676/419 967/2677/419 966/2678/419
f 984/2676/419 976/2679/419 972/2680/419
f 985/2681/419 979/2682/419 976/2679/419
f 986/2683/419 980/2684/419 979/2682/419
f 972/2680/419 967/2677/419 984/2676/419
f 979/2682/419 985/2681/419 986/2683/419
f 976/2679/419 984/2676/419 985/2681/419
f 966/2678/419 968/2685/419 984/2676/419
f 777/2686/420 987/2687/420 988/2688/420
f 980/2689/420 986/2690/420 987/2687/420
f 779/2691/420 971/2692/420 980/2689/420
f 988/2688/420 778/2693/420 777/2686/420
f 980/2689/420 777/2686/420 779/2691/420
f 988/2688/420 989/2694/420 778/2693/420
f 988/2688/420 990/2695/420 989/2694/420
f 987/2687/420 777/2686/420 980/2689/420
f 971/2692/420 978/2696/420 980/2689/420
f 779/2691/420 781/2697/420 971/2692/420
f 990/2698/421 991/2699/421 989/2700/421
f 992/2701/422 993/2702/422 991/2703/422
f 991/2703/422 990/2704/422 992/2701/422
f 993/2702/422 994/2705/422 991/2703/422
f 990/2704/422 988/2706/422 992/2701/422
f 752/2707/423 989/2708/423 991/2709/423
f 764/2710/423 752/2707/423 994/2711/423
f 991/2709/423 994/2711/423 752/2707/423
f 750/2712/423 758/2713/423 778/2714/423
f 752/2707/423 778/2714/423 989/2708/423
f 778/2714/423 751/2715/423 750/2712/423
f 994/2711/423 995/2716/423 764/2710/423
f 995/2716/423 823/2717/423 764/2710/423
f 778/2714/423 752/2707/423 751/2715/423
f 764/2710/423 759/2718/423 752/2707/423
f 995/2716/423 996/2719/423 823/2717/423
f 997/2720/424 995/2721/424 994/2722/424
f 994/2722/424 993/2723/424 997/2720/424
f 998/2724/425 999/2725/425 997/2726/425
f 997/2726/425 768/2727/425 770/2728/425
f 767/2729/425 768/2727/425 997/2726/425
f 997/2726/425 816/2730/425 998/2724/425
f 998/2724/425 982/2731/425 1000/2732/425
f 767/2729/425 993/2733/425 992/2734/425
f 997/2726/425 993/2733/425 767/2729/425
f 1000/2732/425 999/2725/425 998/2724/425
f 773/2735/425 992/2734/425 1000/2732/425
f 770/2728/425 771/2736/425 997/2726/425
f 1000/2732/425 982/2731/425 773/2735/425
f 997/2726/425 771/2736/425 816/2730/425
f 992/2734/425 773/2735/425 767/2729/425
f 992/2737/426 988/2738/426 987/2739/426
f 987/2739/426 1000/2740/426 992/2737/426
f 987/2739/426 1001/2741/426 1000/2740/426
f 999/2742/427 1002/2743/427 996/2744/427
f 996/2744/427 997/2745/427 999/2742/427
f 996/2744/427 995/2746/427 997/2745/427
f 1001/2747/428 1002/2748/428 999/2749/428
f 999/2749/428 1000/2750/428 1001/2747/428
f 1003/2751/429 1004/2752/429 1005/2753/429
f 1005/2753/429 1006/2754/429 891/2755/429
f 1006/2754/429 1007/2756/429 890/2757/429
f 890/2757/429 891/2755/429 1006/2754/429
f 1005/2753/429 891/2755/429 1003/2751/429
f 892/2758/430 890/2759/430 1008/2760/430
f 890/2759/430 1009/2761/430 1008/2760/430
f 890/2759/430 1007/2762/430 1009/2761/430
f 1008/2760/430 1010/2763/430 892/2758/430
f 1011/2764/431 1008/2765/431 1009/2766/431
f 1012/2767/432 1011/2768/432 1007/2769/432
f 1006/2770/432 1013/2771/432 1012/2767/432
f 1011/2768/432 1009/2772/432 1007/2769/432
f 1007/2769/432 1006/2770/432 1012/2767/432
f 1010/2773/433 1008/2774/433 1014/2775/433
f 1014/2775/433 1008/2774/433 1011/2776/433
f 1011/2776/433 1012/2777/433 1014/2775/433
f 1014/2775/433 1015/2778/433 1010/2773/433
f 945/2779/434 949/2780/434 923/2781/434
f 949/2780/434 1016/2782/434 928/2783/434
f 928/2783/434 1016/2782/434 1017/2784/434
f 923/2781/434 902/2785/434 945/2779/434
f 928/2783/434 926/2786/434 949/2780/434
f 1017/2784/434 1018/2787/434 1019/2788/434
f 1015/2789/434 1019/2788/434 1018/2787/434
f 1010/2790/434 830/2791/434 893/2792/434
f 902/2785/434 893/2792/434 830/2791/434
f 926/2786/434 923/2781/434 949/2780/434
f 1018/2787/434 831/2793/434 1015/2789/434
f 830/2791/434 1010/2790/434 1015/2789/434
f 830/2791/434 829/2794/434 902/2785/434
f 1017/2784/434 1019/2788/434 928/2783/434
f 893/2792/434 892/2795/434 1010/2790/434
f 1015/2789/434 831/2793/434 830/2791/434
f 902/2785/434 829/2794/434 945/2779/434
f 1020/2796/435 1018/2797/435 1017/2798/435
f 1017/2798/435 1021/2799/435 1020/2796/435
f 1022/2800/436 1023/2801/436 1012/2802/436
f 1012/2802/436 1023/2801/436 1024/2803/436
f 1024/2803/436 1014/2804/436 1012/2802/436
f 1012/2802/436 1013/2805/436 1022/2800/436
f 1019/2806/437 1015/2807/437 1025/2808/437
f 1014/2809/437 1024/2810/437 1025/2808/437
f 1025/2808/437 1015/2807/437 1014/2809/437
f 1025/2808/437 1026/2811/437 1019/2806/437
f 1027/2812/438 1026/2813/438 1025/2814/438
f 1027/2812/438 1028/2815/438 1026/2813/438
f 1025/2814/438 1029/2816/438 1027/2812/438
f 1019/2817/439 1026/2818/439 1028/2819/439
f 1019/2817/439 1030/2820/439 929/2821/439
f 1028/2819/439 1030/2820/439 1019/2817/439
f 1028/2819/439 1031/2822/439 1030/2820/439
f 929/2821/439 928/2823/439 1019/2817/439
f 1032/2824/440 1033/2825/440 1031/2826/440
f 1031/2826/440 1028/2827/440 1032/2824/440
f 1028/2827/440 1027/2828/440 1032/2824/440
f 1034/2829/441 1035/2830/441 1033/2831/441
f 1033/2831/441 1032/2832/441 1034/2829/441
f 1036/2833/442 1035/2834/442 1034/2835/442
f 1034/2835/442 1037/2836/442 1036/2833/442
f 1018/2837/443 1020/2838/443 1032/2839/443
f 1020/2838/443 1038/2840/443 1034/2841/443
f 1039/2842/443 1037/2843/443 1034/2841/443
f 1039/2842/443 832/2844/443 1029/2845/443
f 1018/2837/443 1027/2846/443 1029/2845/443
f 1034/2841/443 1032/2839/443 1020/2838/443
f 1039/2842/443 1040/2847/443 1037/2843/443
f 832/2844/443 831/2848/443 1029/2845/443
f 1032/2839/443 1027/2846/443 1018/2837/443
f 1029/2845/443 1040/2847/443 1039/2842/443
f 1034/2841/443 1038/2840/443 1039/2842/443
f 1029/2845/443 831/2848/443 1018/2837/443
f 1037/2849/444 1040/2850/444 1041/2851/444
f 1040/2850/444 1042/2852/444 1041/2851/444
f 1041/2851/444 1036/2853/444 1037/2849/444
f 1043/2854/445 1029/2855/445 1023/2856/445
f 1029/2855/445 1025/2857/445 1024/2858/445
f 1040/2859/445 1029/2855/445 1043/2854/445
f 1024/2858/445 1023/2856/445 1029/2855/445
f 1023/2856/445 1044/2860/445 1043/2854/445
f 1043/2854/445 1042/2861/445 1040/2859/445
f 1023/2862/446 1022/2863/446 1045/2864/446
f 1046/2865/446 1047/2866/446 1045/2864/446
f 1045/2864/446 1022/2863/446 1046/2865/446
f 1045/2864/446 1044/2867/446 1023/2862/446
f 1045/2868/447 1043/2869/447 1044/2870/447
f 1048/2871/448 1049/2872/448 1038/2873/448
f 1038/2873/448 1020/2874/448 1048/2871/448
f 1020/2874/448 1021/2875/448 1048/2871/448
f 1006/2876/449 872/2877/449 870/2878/449
f 1006/2876/449 1005/2879/449 872/2877/449
f 1005/2879/449 1050/2880/449 1051/2881/449
f 1039/2882/449 1046/2883/449 1022/2884/449
f 1052/2885/449 1053/2886/449 1046/2883/449
f 1051/2881/449 872/2877/449 1005/2879/449
f 833/2887/449 832/2888/449 1013/2889/449
f 1022/2884/449 832/2888/449 1039/2882/449
f 1046/2883/449 1039/2882/449 1052/2885/449
f 1013/2889/449 1006/2876/449 833/2887/449
f 1052/2885/449 1054/2890/449 1053/2886/449
f 1022/2884/449 1013/2889/449 832/2888/449
f 870/2878/449 833/2887/449 1006/2876/449
f 1055/2891/450 1050/2892/450 1005/2893/450
f 1054/2894/450 1056/2895/450 1004/2896/450
f 1005/2893/450 1004/2896/450 1055/2891/450
f 1004/2896/450 1056/2895/450 1055/2891/450
f 1004/2896/450 1053/2897/450 1054/2894/450
f 1050/2898/451 1055/2899/451 1057/2900/451
f 1057/2900/451 1051/2901/451 1050/2898/451
f 1058/2902/452 1055/2903/452 1056/2904/452
f 1058/2902/452 1057/2905/452 1055/2903/452
f 1056/2904/452 1059/2906/452 1058/2902/452
f 875/2907/453 873/2908/453 1057/2909/453
f 1057/2909/453 1003/2910/453 875/2907/453
f 1003/2910/453 891/2911/453 876/2912/453
f 1051/2913/453 1057/2909/453 873/2908/453
f 876/2912/453 875/2907/453 1003/2910/453
f 1060/2914/453 1061/2915/453 1003/2910/453
f 1057/2909/453 1058/2916/453 1003/2910/453
f 1003/2910/453 1058/2916/453 1060/2914/453
f 1061/2915/453 1062/2917/453 1003/2910/453
f 873/2908/453 872/2918/453 1051/2913/453
f 1061/2919/454 1063/2920/454 1064/2921/454
f 1064/2921/454 1062/2922/454 1061/2919/454
f 1045/2923/455 1047/2924/455 1042/2925/455
f 1047/2924/455 1065/2926/455 1042/2925/455
f 1042/2925/455 1043/2927/455 1045/2923/455
f 1042/2925/455 1065/2926/455 1066/2928/455
f 1066/2928/455 1041/2929/455 1042/2925/455
f 1047/2924/455 1067/2930/455 1065/2926/455
f 1046/2931/456 1068/2932/456 1069/2933/456
f 1062/2934/456 1064/2935/456 1068/2932/456
f 1062/2934/456 1053/2936/456 1004/2937/456
f 1068/2932/456 1046/2931/456 1062/2934/456
f 1062/2934/456 1046/2931/456 1053/2936/456
f 1047/2938/456 1046/2931/456 1070/2939/456
f 1004/2937/456 1003/2940/456 1062/2934/456
f 1069/2933/456 1070/2939/456 1046/2931/456
f 1070/2939/456 1067/2941/456 1047/2938/456
f 1065/2942/457 1067/2943/457 1070/2944/457
f 1071/2945/457 1072/2946/457 1065/2942/457
f 1065/2942/457 1073/2947/457 1071/2945/457
f 1070/2944/457 1073/2947/457 1065/2942/457
f 1074/2948/458 1073/2949/458 1069/2950/458
f 1073/2949/458 1070/2951/458 1069/2950/458
f 1069/2950/458 1075/2952/458 1074/2948/458
f 1069/2953/459 1068/2954/459 1076/2955/459
f 1076/2955/459 1075/2956/459 1069/2953/459
f 1077/2957/460 1074/2958/460 1075/2959/460
f 1075/2959/460 1078/2960/460 1077/2957/460
f 1075/2959/460 1076/2961/460 1078/2960/460
f 1048/2962/461 1021/2963/461 1016/2964/461
f 1048/2962/461 1079/2965/461 1080/2966/461
f 1016/2964/461 1079/2965/461 1048/2962/461
f 1021/2963/461 1017/2967/461 1016/2964/461
f 1080/2966/461 1081/2968/461 1048/2962/461
f 1082/2969/462 1083/2970/462 1054/2971/462
f 1056/2972/462 1054/2971/462 1083/2970/462
f 1052/2973/462 1084/2974/462 1082/2969/462
f 1054/2971/462 1052/2973/462 1082/2969/462
f 1083/2970/462 1059/2975/462 1056/2972/462
f 1085/2976/463 1063/2977/463 1060/2978/463
f 1060/2978/463 1086/2979/463 1085/2976/463
f 1063/2977/463 1061/2980/463 1060/2978/463
f 1060/2978/463 1087/2981/463 1086/2979/463
f 1083/2982/464 1088/2983/464 1058/2984/464
f 1058/2984/464 1059/2985/464 1083/2982/464
f 1088/2983/464 1060/2986/464 1058/2984/464
f 1088/2983/464 1087/2987/464 1060/2986/464
f 1083/2988/465 1082/2989/465 1089/2990/465
f 1089/2990/465 1088/2991/465 1083/2988/465
f 1087/2992/466 1088/2993/466 1089/2994/466
f 1089/2994/466 1086/2995/466 1087/2992/466
f 1089/2996/467 1084/2997/467 1090/2998/467
f 1089/2996/467 1082/2999/467 1084/2997/467
f 1090/2998/467 1091/3000/467 1086/3001/467
f 1091/3000/467 1092/3002/467 1085/3003/467
f 1085/3003/467 1086/3001/467 1091/3000/467
f 1090/2998/467 1086/3001/467 1089/2996/467
f 1093/3004/468 214/3005/468 215/3006/468
f 224/3007/468 1094/3008/468 1095/3009/468
f 1095/3009/468 1093/3004/468 224/3007/468
f 1094/3008/468 1091/3010/468 1095/3009/468
f 215/3006/468 224/3007/468 1093/3004/468
f 1094/3008/468 1092/3011/468 1091/3010/468
f 1096/3012/469 1095/3013/469 1091/3014/469
f 1091/3014/469 1090/3015/469 1096/3012/469
f 1097/3016/470 1095/3017/470 1096/3018/470
f 1097/3016/470 1098/3019/470 1095/3017/470
f 1093/3020/470 1095/3017/470 1098/3019/470
f 1096/3018/470 1099/3021/470 1097/3016/470
f 1099/3021/470 1100/3022/470 1097/3016/470
f 1098/3019/470 1101/3023/470 1093/3020/470
f 1102/3024/471 1103/3025/471 1101/3026/471
f 1101/3026/471 1098/3027/471 1102/3024/471
f 1098/3027/471 1104/3028/471 1102/3024/471
f 223/3029/472 225/3030/472 1102/3031/472
f 1094/3032/472 224/3033/472 223/3029/472
f 223/3029/472 1104/3034/472 1094/3032/472
f 1105/3035/472 1106/3036/472 1102/3031/472
f 1102/3031/472 225/3030/472 1105/3035/472
f 1102/3031/472 1104/3034/472 223/3029/472
f 1106/3037/473 1105/3038/473 1107/3039/473
f 1107/3039/473 1108/3040/473 1106/3037/473
f 1109/3041/474 1103/3042/474 1106/3043/474
f 1103/3042/474 1102/3044/474 1106/3043/474
f 1106/3043/474 1108/3045/474 1109/3041/474
f 1108/3045/474 1110/3046/474 1109/3041/474
f 1111/3047/475 1112/3048/475 1104/3049/475
f 1076/3050/475 1068/3051/475 1064/3052/475
f 1063/3053/475 1085/3054/475 1078/3055/475
f 1098/3056/475 1097/3057/475 1111/3047/475
f 1092/3058/475 1094/3059/475 1104/3049/475
f 1078/3055/475 1076/3050/475 1063/3053/475
f 1078/3055/475 1085/3054/475 1092/3058/475
f 1104/3049/475 1112/3048/475 1092/3058/475
f 1092/3058/475 1112/3048/475 1078/3055/475
f 1064/3052/475 1063/3053/475 1076/3050/475
f 1097/3057/475 1113/3060/475 1111/3047/475
f 1104/3049/475 1098/3056/475 1111/3047/475
f 1097/3061/476 1100/3062/476 1114/3063/476
f 1115/3064/476 1114/3063/476 1100/3062/476
f 1100/3062/476 1116/3065/476 1115/3064/476
f 1114/3063/476 1113/3066/476 1097/3061/476
f 1077/3067/477 1078/3068/477 1112/3069/477
f 1112/3069/477 1117/3070/477 1077/3067/477
f 1117/3070/477 1116/3071/477 1077/3067/477
f 1117/3070/477 1115/3072/477 1116/3071/477
f 1118/3073/478 1119/3074/478 1115/3075/478
f 1115/3075/478 1117/3076/478 1118/3073/478
f 1119/3074/478 1114/3077/478 1115/3075/478
f 1118/3073/478 1120/3078/478 1119/3074/478
f 1077/3079/479 1099/3080/479 1096/3081/479
f 1116/3082/479 1100/3083/479 1099/3080/479
f 1077/3079/479 1090/3084/479 1084/3085/479
f 1071/3086/479 1049/3087/479 1121/3088/479
f 1120/3089/479 1122/3090/479 1123/3091/479
f 1099/3080/479 1077/3079/479 1116/3082/479
f 1084/3085/479 1052/3092/479 1074/3093/479
f 1071/3086/479 1038/3094/479 1049/3087/479
f 1120/3089/479 1118/3095/479 1122/3090/479
f 1084/3085/479 1074/3093/479 1077/3079/479
f 1052/3092/479 1039/3096/479 1073/3097/479
f 1039/3096/479 1038/3094/479 1071/3086/479
f 1123/3091/479 1121/3088/479 1120/3089/479
f 1073/3097/479 1074/3093/479 1052/3092/479
f 1121/3088/479 1123/3091/479 1071/3086/479
f 1071/3086/479 1073/3097/479 1039/3096/479
f 1096/3081/479 1090/3084/479 1077/3079/479
f 1072/3098/480 1071/3099/480 1124/3100/480
f 1071/3099/480 1123/3101/480 1125/3102/480
f 1125/3102/480 1124/3100/480 1071/3099/480
f 1124/3100/480 1126/3103/480 1072/3098/480
f 1125/3104/481 1123/3105/481 1127/3106/481
f 1123/3105/481 1122/3107/481 1127/3106/481
f 1127/3106/481 1128/3108/481 1125/3104/481
f 1127/3109/482 1129/3110/482 1128/3111/482
f 1130/3112/483 1129/3113/483 1131/3114/483
f 1132/3115/483 1125/3116/483 1128/3117/483
f 1130/3112/483 1128/3117/483 1129/3113/483
f 1132/3115/483 1124/3118/483 1125/3116/483
f 1128/3117/483 1130/3112/483 1132/3115/483
f 1131/3114/483 1133/3119/483 1130/3112/483
f 1130/3120/484 1133/3121/484 1134/3122/484
f 1134/3122/484 1135/3123/484 1130/3120/484
f 1133/3124/485 1136/3125/485 1137/3126/485
f 1137/3126/485 1134/3127/485 1133/3124/485
f 1133/3124/485 1131/3128/485 1136/3125/485
f 1126/3129/485 1138/3130/485 1139/3131/485
f 1126/3129/485 1140/3132/485 1138/3130/485
f 1066/3133/485 1065/3134/485 1072/3135/485
f 1072/3135/485 1139/3131/485 1066/3133/485
f 1139/3131/485 1072/3135/485 1126/3129/485
f 1141/3136/486 1142/3137/486 1139/3138/486
f 1139/3138/486 1138/3139/486 1141/3136/486
f 1035/3140/487 1143/3141/487 1144/3142/487
f 1035/3140/487 1145/3143/487 1143/3141/487
f 1030/3144/487 1031/3145/487 1033/3146/487
f 1066/3147/487 1139/3148/487 1035/3140/487
f 1033/3146/487 1144/3142/487 1030/3144/487
f 1139/3148/487 1142/3149/487 1145/3143/487
f 1035/3140/487 1036/3150/487 1066/3147/487
f 1145/3143/487 1035/3140/487 1139/3148/487
f 1144/3142/487 1033/3146/487 1035/3140/487
f 1036/3150/487 1041/3151/487 1066/3147/487
f 1146/3152/488 1147/3153/488 1141/3154/488
f 1147/3153/488 1142/3155/488 1141/3154/488
f 1147/3153/488 1145/3156/488 1142/3155/488
f 1141/3154/488 1148/3157/488 1146/3152/488
f 1144/3158/489 1149/3159/489 1150/3160/489
f 1150/3160/489 930/3161/489 1144/3158/489
f 930/3161/489 1030/3162/489 1144/3158/489
f 930/3161/489 929/3163/489 1030/3162/489
f 1151/3164/490 1152/3165/490 1143/3166/490
f 1143/3166/490 1147/3167/490 1151/3164/490
f 1143/3166/490 1145/3168/490 1147/3167/490
f 1153/3169/491 1154/3170/491 1155/3171/491
f 1155/3171/491 1151/3172/491 1153/3169/491
f 1155/3171/491 1152/3173/491 1151/3172/491
f 1154/3174/492 1153/3175/492 1146/3176/492
f 1146/3176/492 1148/3177/492 1154/3174/492
f 1081/3178/493 1156/3179/493 1153/3180/493
f 1156/3179/493 1157/3181/493 1146/3182/493
f 1049/3183/493 1048/3184/493 1151/3185/493
f 1146/3182/493 1153/3180/493 1156/3179/493
f 1121/3186/493 1147/3187/493 1146/3182/493
f 1048/3184/493 1081/3178/493 1151/3185/493
f 1146/3182/493 1157/3181/493 1121/3186/493
f 1151/3185/493 1147/3187/493 1049/3183/493
f 1147/3187/493 1121/3186/493 1049/3183/493
f 1153/3180/493 1151/3185/493 1081/3178/493
f 1158/3188/494 1159/3189/494 1160/3190/494
f 1140/3191/494 1126/3192/494 1124/3193/494
f 1160/3190/494 1132/3194/494 1158/3188/494
f 1160/3190/494 1140/3191/494 1132/3194/494
f 1124/3193/494 1132/3194/494 1140/3191/494
f 1161/3195/495 1135/3196/495 1162/3197/495
f 1135/3196/495 1134/3198/495 1162/3197/495
f 1162/3197/495 1163/3199/495 1161/3195/495
f 1134/3198/495 1137/3200/495 1162/3197/495
f 1164/3201/496 1165/3202/496 1161/3203/496
f 1161/3203/496 1163/3204/496 1164/3201/496
f 1165/3205/497 1164/3206/497 1166/3207/497
f 1166/3207/497 1167/3208/497 1165/3205/497
f 1166/3209/498 1159/3210/498 1158/3211/498
f 1158/3211/498 1167/3212/498 1166/3209/498
f 1081/3213/499 1080/3214/499 1168/3215/499
f 1156/3216/499 1081/3213/499 1169/3217/499
f 1168/3215/499 1169/3217/499 1081/3213/499
f 1168/3215/499 1170/3218/499 1169/3217/499
f 1169/3217/499 1171/3219/499 1156/3216/499
f 1172/3220/500 1173/3221/500 1174/3222/500
f 1174/3222/500 1150/3223/500 1149/3224/500
f 1172/3220/500 1175/3225/500 1173/3221/500
f 1174/3222/500 1149/3224/500 1172/3220/500
f 1176/3226/501 1175/3227/501 1177/3228/501
f 1177/3228/501 1178/3229/501 1176/3226/501
f 1175/3227/501 1172/3230/501 1177/3228/501
f 1172/3231/502 1179/3232/502 1180/3233/502
f 1180/3233/502 1177/3234/502 1172/3231/502
f 1172/3231/502 1181/3235/502 1179/3232/502
f 1181/3235/502 1149/3236/502 1152/3237/502
f 1152/3237/502 1155/3238/502 1181/3235/502
f 1152/3237/502 1149/3236/502 1144/3239/502
f 1144/3239/502 1143/3240/502 1152/3237/502
f 1172/3231/502 1149/3236/502 1181/3235/502
f 1179/3241/503 1181/3242/503 1182/3243/503
f 1168/3244/504 1080/3245/504 1177/3246/504
f 1183/3247/504 1180/3248/504 1178/3249/504
f 1177/3246/504 1180/3248/504 1168/3244/504
f 1183/3247/504 1170/3250/504 1180/3248/504
f 1180/3248/504 1170/3250/504 1168/3244/504
f 1184/3251/504 1178/3249/504 1177/3246/504
f 1080/3245/504 1079/3252/504 1177/3246/504
f 1178/3249/504 1184/3251/504 1183/3247/504
f 1177/3246/504 1079/3252/504 1184/3251/504
f 1185/3253/505 1180/3254/505 1179/3255/505
f 1178/3256/505 1180/3254/505 1185/3253/505
f 1179/3255/505 1182/3257/505 1186/3258/505
f 1179/3255/505 1186/3258/505 1185/3253/505
f 1185/3253/505 1176/3259/505 1178/3256/505
f 1187/3260/506 1169/3261/506 1183/3262/506
f 1169/3261/506 1170/3263/506 1183/3262/506
f 1183/3262/506 1188/3264/506 1187/3260/506
f 1187/3265/507 1189/3266/507 1171/3267/507
f 1187/3265/507 1190/3268/507 1189/3266/507
f 1171/3267/507 1169/3269/507 1187/3265/507
f 1176/3270/508 1185/3271/508 1191/3272/508
f 1192/3273/508 1193/3274/508 1176/3270/508
f 1173/3275/508 1175/3276/508 1176/3270/508
f 1176/3270/508 1193/3274/508 1173/3275/508
f 1191/3272/508 1192/3273/508 1176/3270/508
f 1194/3277/509 1195/3278/509 1191/3279/509
f 1191/3279/509 1186/3280/509 1194/3277/509
f 1191/3279/509 1185/3281/509 1186/3280/509
f 1196/3282/510 1197/3283/510 1193/3284/510
f 1193/3284/510 1192/3285/510 1196/3282/510
f 1198/3286/511 1197/3287/511 1196/3288/511
f 1196/3288/511 1199/3289/511 1198/3286/511
f 1198/3286/511 1200/3290/511 1197/3287/511
f 1196/3288/511 1201/3291/511 1199/3289/511
f 1202/3292/512 1203/3293/512 1204/3294/512
f 1188/3295/512 1205/3296/512 1203/3293/512
f 1203/3293/512 1202/3292/512 1188/3295/512
f 1188/3295/512 1183/3297/512 1199/3298/512
f 1199/3298/512 1183/3297/512 1184/3299/512
f 1206/3300/512 1204/3294/512 1198/3301/512
f 1199/3298/512 1205/3296/512 1188/3295/512
f 1198/3301/512 1184/3299/512 1206/3300/512
f 1184/3299/512 1198/3301/512 1199/3298/512
f 1204/3294/512 1206/3300/512 1202/3292/512
f 1199/3302/513 1201/3303/513 1207/3304/513
f 1207/3304/513 1205/3305/513 1199/3302/513
f 1207/3304/513 1208/3306/513 1205/3305/513
f 1204/3307/514 1209/3308/514 1210/3309/514
f 1210/3309/514 1198/3310/514 1204/3307/514
f 1210/3309/514 1200/3311/514 1198/3310/514
f 1211/3312/515 1209/3313/515 1204/3314/515
f 1204/3314/515 1203/3315/515 1211/3312/515
f 1205/3316/516 1208/3317/516 1211/3318/516
f 1211/3318/516 1203/3319/516 1205/3316/516
f 1212/3320/517 1213/3321/517 1211/3322/517
f 1213/3321/517 1214/3323/517 1209/3324/517
f 1209/3324/517 1211/3322/517 1213/3321/517
f 1211/3322/517 1208/3325/517 1212/3320/517
f 1214/3323/517 1210/3326/517 1209/3324/517
f 1208/3325/517 1207/3327/517 1212/3320/517
f 1162/3328/518 1137/3329/518 1136/3330/518
f 1215/3331/518 1216/3332/518 1162/3328/518
f 1136/3330/518 1215/3331/518 1162/3328/518
f 1215/3331/518 1217/3333/518 1216/3332/518
f 1215/3334/519 1218/3335/519 1219/3336/519
f 1219/3336/519 1217/3337/519 1215/3334/519
f 1218/3338/520 1215/3339/520 1111/3340/520
f 1129/3341/520 1127/3342/520 1122/3343/520
f 1215/3339/520 1136/3344/520 1112/3345/520
f 1111/3340/520 1220/3346/520 1218/3338/520
f 1118/3347/520 1117/3348/520 1136/3344/520
f 1118/3347/520 1131/3349/520 1129/3341/520
f 1220/3346/520 1221/3350/520 1218/3338/520
f 1122/3343/520 1118/3347/520 1129/3341/520
f 1221/3350/520 1222/3351/520 1218/3338/520
f 1117/3348/520 1112/3345/520 1136/3344/520
f 1136/3344/520 1131/3349/520 1118/3347/520
f 1112/3345/520 1111/3340/520 1215/3339/520
f 1222/3352/521 1221/3353/521 1223/3354/521
f 1223/3354/521 1224/3355/521 1222/3352/521
f 1190/3356/522 1225/3357/522 1226/3358/522
f 1227/3359/522 1189/3360/522 1190/3356/522
f 1226/3358/522 1227/3359/522 1190/3356/522
f 1226/3361/523 1228/3362/523 1227/3363/523
f 1229/3364/524 1230/3365/524 1228/3366/524
f 1228/3366/524 1226/3367/524 1229/3364/524
f 1226/3367/524 1225/3368/524 1229/3364/524
f 1225/3368/524 1231/3369/524 1229/3364/524
f 1232/3370/525 1233/3371/525 1230/3372/525
f 1233/3371/525 1234/3373/525 1230/3372/525
f 1230/3372/525 1229/3374/525 1232/3370/525
f 1161/3375/526 1235/3376/526 1236/3377/526
f 1235/3376/526 1161/3375/526 1165/3378/526
f 1236/3377/526 1135/3379/526 1161/3375/526
f 1236/3377/526 1119/3380/526 1135/3379/526
f 1120/3381/526 1130/3382/526 1135/3379/526
f 1237/3383/526 1165/3378/526 1167/3384/526
f 1135/3379/526 1119/3380/526 1120/3381/526
f 1157/3385/526 1158/3386/526 1132/3387/526
f 1157/3385/526 1238/3388/526 1167/3384/526
f 1165/3378/526 1237/3383/526 1235/3376/526
f 1120/3381/526 1121/3389/526 1132/3387/526
f 1167/3384/526 1158/3386/526 1157/3385/526
f 1132/3387/526 1130/3382/526 1120/3381/526
f 1167/3384/526 1238/3388/526 1237/3383/526
f 1132/3387/526 1121/3389/526 1157/3385/526
f 1239/3390/527 1240/3391/527 1114/3392/527
f 1119/3393/527 1236/3394/527 1239/3390/527
f 1240/3391/527 1113/3395/527 1114/3392/527
f 1240/3391/527 1220/3396/527 1111/3397/527
f 1111/3397/527 1113/3395/527 1240/3391/527
f 1236/3394/527 1241/3398/527 1242/3399/527
f 1242/3399/527 1239/3390/527 1236/3394/527
f 1114/3392/527 1119/3393/527 1239/3390/527
f 1243/3400/528 1244/3401/528 1240/3402/528
f 1244/3401/528 1245/3403/528 1240/3402/528
f 1240/3402/528 1239/3404/528 1243/3400/528
f 1243/3405/529 1239/3406/529 1242/3407/529
f 1242/3407/529 1246/3408/529 1243/3405/529
f 1242/3407/529 1247/3409/529 1246/3408/529
f 1246/3410/530 1247/3411/530 1245/3412/530
f 1245/3412/530 1244/3413/530 1246/3410/530
f 1248/3414/531 1243/3415/531 1246/3416/531
f 1217/3417/531 1244/3418/531 1243/3415/531
f 1246/3416/531 1249/3419/531 1248/3414/531
f 1217/3417/531 1219/3420/531 1244/3418/531
f 1243/3415/531 1216/3421/531 1217/3417/531
f 1219/3420/531 1249/3419/531 1246/3416/531
f 1246/3416/531 1244/3418/531 1219/3420/531
f 1248/3414/531 1216/3421/531 1243/3415/531
f 1235/3422/532 1250/3423/532 1241/3424/532
f 1235/3422/532 1251/3425/532 1252/3426/532
f 1252/3426/532 1250/3423/532 1235/3422/532
f 1241/3424/532 1236/3427/532 1235/3422/532
f 1252/3428/533 1253/3429/533 1250/3430/533
f 1235/3431/534 1237/3432/534 1254/3433/534
f 1237/3432/534 1255/3434/534 1254/3433/534
f 1254/3433/534 1251/3435/534 1235/3431/534
f 1256/3436/535 1257/3437/535 1258/3438/535
f 1256/3436/535 226/3439/535 1103/3440/535
f 1103/3440/535 222/3441/535 213/3442/535
f 1256/3436/535 1109/3443/535 1257/3437/535
f 1103/3440/535 1109/3443/535 1256/3436/535
f 1093/3444/535 1101/3445/535 1103/3440/535
f 188/3446/535 191/3447/535 214/3448/535
f 191/3447/535 186/3449/535 185/3450/535
f 213/3442/535 188/3446/535 1103/3440/535
f 226/3439/535 222/3441/535 1103/3440/535
f 214/3448/535 1103/3440/535 188/3446/535
f 191/3447/535 188/3446/535 186/3449/535
f 1258/3438/535 1259/3451/535 1256/3436/535
f 185/3450/535 187/3452/535 191/3447/535
f 1103/3440/535 214/3448/535 1093/3444/535
f 213/3442/535 212/3453/535 188/3446/535
f 1260/3454/536 1257/3455/536 1109/3456/536
f 1260/3454/536 1261/3457/536 1257/3455/536
f 1109/3456/536 1110/3458/536 1262/3459/536
f 1109/3456/536 1262/3459/536 1260/3454/536
f 1263/3460/537 1264/3461/537 1265/3462/537
f 1261/3463/537 1260/3464/537 1263/3460/537
f 1263/3460/537 1266/3465/537 1261/3463/537
f 1265/3462/537 1266/3465/537 1263/3460/537
f 1224/3466/538 1223/3467/538 1267/3468/538
f 1265/3469/538 1264/3470/538 1268/3471/538
f 1268/3471/538 1267/3468/538 1265/3469/538
f 1267/3468/538 1268/3471/538 1224/3466/538
f 1261/3472/539 1269/3473/539 1270/3474/539
f 1261/3472/539 1266/3475/539 1269/3473/539
f 1258/3476/539 1257/3477/539 1261/3472/539
f 1270/3474/539 1258/3476/539 1261/3472/539
f 1267/3478/540 1271/3479/540 1272/3480/540
f 1269/3481/540 1266/3482/540 1265/3483/540
f 1265/3483/540 1272/3480/540 1269/3481/540
f 1272/3480/540 1265/3483/540 1267/3478/540
f 1245/3484/541 1247/3485/541 1273/3486/541
f 1223/3487/541 1274/3488/541 1271/3489/541
f 1274/3488/541 1221/3490/541 1245/3484/541
f 1247/3485/541 1241/3491/541 1250/3492/541
f 1271/3489/541 1267/3493/541 1223/3487/541
f 1273/3486/541 1274/3488/541 1245/3484/541
f 1247/3485/541 1242/3494/541 1241/3491/541
f 1247/3485/541 1253/3495/541 1273/3486/541
f 1223/3487/541 1221/3490/541 1274/3488/541
f 1220/3496/541 1240/3497/541 1245/3484/541
f 1245/3484/541 1221/3490/541 1220/3496/541
f 1250/3492/541 1253/3495/541 1247/3485/541
f 1272/3498/542 1271/3499/542 1275/3500/542
f 1276/3501/542 1277/3502/542 1272/3498/542
f 1278/3503/542 1275/3500/542 1271/3499/542
f 1271/3499/542 1274/3504/542 1278/3503/542
f 1275/3500/542 1276/3501/542 1272/3498/542
f 1259/3505/543 1258/3506/543 1279/3507/543
f 1258/3506/543 1270/3508/543 1279/3507/543
f 1279/3507/543 1280/3509/543 1259/3505/543
f 1280/3510/544 1279/3511/544 1281/3512/544
f 1281/3513/545 1256/3514/545 1259/3515/545
f 1259/3515/545 1280/3516/545 1281/3513/545
f 1281/3513/545 1282/3517/545 1256/3514/545
f 1282/3517/545 1283/3518/545 1256/3514/545
f 1278/3519/546 1274/3520/546 1273/3521/546
f 1273/3521/546 1284/3522/546 1278/3519/546
f 1273/3521/546 1285/3523/546 1284/3522/546
f 1284/3524/547 1285/3525/547 1286/3526/547
f 1286/3526/547 1287/3527/547 1284/3524/547
f 1288/3528/547 1289/3529/547 1287/3527/547
f 1286/3526/547 1288/3528/547 1287/3527/547
f 1277/3530/548 1276/3531/548 1289/3532/548
f 1289/3532/548 1288/3533/548 1277/3530/548
f 1260/3534/549 1290/3535/549 1291/3536/549
f 1291/3536/549 1263/3537/549 1260/3534/549
f 1260/3534/549 1262/3538/549 1290/3535/549
f 208/3539/550 217/3540/550 200/3541/550
f 218/3542/550 221/3543/550 1292/3544/550
f 1293/3545/550 217/3540/550 218/3542/550
f 200/3541/550 195/3546/550 208/3539/550
f 195/3546/550 189/3547/550 206/3548/550
f 206/3548/550 189/3547/550 188/3549/550
f 1256/3550/550 1283/3551/550 221/3543/550
f 221/3543/550 1283/3551/550 1292/3544/550
f 217/3540/550 1293/3545/550 200/3541/550
f 188/3549/550 212/3552/550 206/3548/550
f 1292/3544/550 1294/3553/550 218/3542/550
f 206/3548/550 208/3539/550 195/3546/550
f 218/3542/550 1294/3553/550 1293/3545/550
f 221/3543/550 226/3554/550 1256/3550/550
f 1294/3555/551 1295/3556/551 1296/3557/551
f 1296/3557/551 1293/3558/551 1294/3555/551
f 1296/3559/552 1295/3560/552 1297/3561/552
f 1297/3561/552 1298/3562/552 1296/3559/552
f 1298/3562/552 1299/3563/552 1296/3559/552
f 1300/3564/553 1301/3565/553 1297/3566/553
f 1297/3566/553 1295/3567/553 1300/3564/553
f 1295/3567/553 1294/3568/553 1300/3564/553
f 1294/3568/553 1292/3569/553 1300/3564/553
f 1297/3570/554 1301/3571/554 1302/3572/554
f 1302/3572/554 1303/3573/554 1297/3570/554
f 1303/3573/554 1298/3574/554 1297/3570/554
f 1302/3575/555 1301/3576/555 1300/3577/555
f 1304/3578/555 1305/3579/555 1302/3575/555
f 1300/3577/555 1304/3578/555 1302/3575/555
f 1304/3578/555 1306/3580/555 1305/3579/555
f 1305/3581/556 1307/3582/556 1303/3583/556
f 1303/3583/556 1302/3584/556 1305/3581/556
f 1305/3581/556 1308/3585/556 1307/3582/556
f 398/3586/557 1307/3587/557 1309/3588/557
f 1309/3588/557 471/3589/557 398/3586/557
f 1307/3587/557 1308/3590/557 1310/3591/557
f 1310/3591/557 1309/3588/557 1307/3587/557
f 471/3589/557 396/3592/557 398/3586/557
f 1308/3593/558 1305/3594/558 1306/3595/558
f 1311/3596/558 1310/3597/558 1308/3593/558
f 1306/3595/558 1311/3596/558 1308/3593/558
f 1311/3596/558 1312/3598/558 1310/3597/558
f 1310/3599/559 1312/3600/559 1313/3601/559
f 1313/3601/559 1314/3602/559 1310/3599/559
f 1312/3600/559 1315/3603/559 1313/3601/559
f 1314/3602/559 1309/3604/559 1310/3599/559
f 1316/3605/560 1317/3606/560 1314/3607/560
f 1314/3607/560 1313/3608/560 1316/3605/560
f 1290/3609/561 1318/3610/561 1319/3611/561
f 1290/3609/561 1320/3612/561 1318/3610/561
f 1319/3611/561 1291/3613/561 1290/3609/561
f 1319/3614/562 1318/3615/562 1321/3616/562
f 1321/3616/562 1322/3617/562 1319/3614/562
f 1323/3618/563 1321/3619/563 1318/3620/563
f 1318/3620/563 1324/3621/563 1323/3618/563
f 1318/3620/563 1320/3622/563 1324/3621/563
f 1320/3622/563 1325/3623/563 1324/3621/563
f 1323/3624/564 1326/3625/564 1322/3626/564
f 1326/3625/564 1327/3627/564 1322/3626/564
f 1322/3626/564 1321/3628/564 1323/3624/564
f 1323/3629/565 1324/3630/565 1281/3631/565
f 1328/3632/565 1277/3633/565 1288/3634/565
f 1286/3635/565 1329/3636/565 1330/3637/565
f 1282/3638/565 1324/3630/565 1331/3639/565
f 1281/3631/565 1279/3640/565 1323/3629/565
f 1269/3641/565 1326/3642/565 1323/3629/565
f 1330/3637/565 1328/3632/565 1286/3635/565
f 1329/3636/565 1332/3643/565 1331/3639/565
f 1282/3638/565 1281/3631/565 1324/3630/565
f 1323/3629/565 1270/3644/565 1269/3641/565
f 1331/3639/565 1330/3637/565 1329/3636/565
f 1279/3640/565 1270/3644/565 1323/3629/565
f 1269/3641/565 1272/3645/565 1277/3633/565
f 1331/3639/565 1332/3643/565 1282/3638/565
f 1277/3633/565 1326/3642/565 1269/3641/565
f 1277/3633/565 1328/3632/565 1326/3642/565
f 1288/3634/565 1286/3635/565 1328/3632/565
f 1328/3646/566 1333/3647/566 1334/3648/566
f 1334/3648/566 1326/3649/566 1328/3646/566
f 1334/3648/566 1327/3650/566 1326/3649/566
f 1330/3651/567 1331/3652/567 1335/3653/567
f 1335/3653/567 1336/3654/567 1330/3651/567
f 1330/3655/568 1336/3656/568 1333/3657/568
f 1333/3657/568 1328/3658/568 1330/3655/568
f 1334/3659/569 1337/3660/569 1289/3661/569
f 1276/3662/569 1327/3663/569 1334/3659/569
f 1319/3664/569 1264/3665/569 1263/3666/569
f 1276/3662/569 1319/3664/569 1327/3663/569
f 1337/3660/569 1338/3667/569 1287/3668/569
f 1319/3664/569 1276/3662/569 1264/3665/569
f 1268/3669/569 1264/3665/569 1276/3662/569
f 1287/3668/569 1289/3661/569 1337/3660/569
f 1276/3662/569 1275/3670/569 1268/3669/569
f 1319/3664/569 1322/3671/569 1327/3663/569
f 1289/3661/569 1276/3662/569 1334/3659/569
f 1263/3666/569 1291/3672/569 1319/3664/569
f 1331/3673/570 1324/3674/570 1339/3675/570
f 1324/3674/570 1340/3676/570 1339/3675/570
f 1324/3674/570 1325/3677/570 1340/3676/570
f 1339/3675/570 1335/3678/570 1331/3673/570
f 1339/3679/571 1340/3680/571 1341/3681/571
f 1325/3682/572 1320/3683/572 1290/3684/572
f 1325/3682/572 1342/3685/572 1341/3686/572
f 1325/3682/572 1110/3687/572 1108/3688/572
f 1290/3684/572 1262/3689/572 1325/3682/572
f 1325/3682/572 1343/3690/572 1342/3685/572
f 1262/3689/572 1110/3687/572 1325/3682/572
f 1341/3686/572 1340/3691/572 1325/3682/572
f 1325/3682/572 1107/3692/572 1343/3690/572
f 1108/3688/572 1107/3692/572 1325/3682/572
f 1337/3693/573 1333/3694/573 1336/3695/573
f 1342/3696/573 1344/3697/573 1335/3698/573
f 1345/3699/573 1336/3695/573 1335/3698/573
f 1337/3693/573 1334/3700/573 1333/3694/573
f 1335/3698/573 1339/3701/573 1341/3702/573
f 1336/3695/573 1345/3699/573 1337/3693/573
f 1335/3698/573 1344/3697/573 1345/3699/573
f 1335/3698/573 1341/3702/573 1342/3696/573
f 171/3703/574 1346/3704/574 216/3705/574
f 209/3706/574 172/3707/574 171/3703/574
f 1346/3704/574 1347/3708/574 219/3709/574
f 219/3709/574 1347/3708/574 1348/3710/574
f 220/3711/574 1107/3712/574 1105/3713/574
f 219/3709/574 216/3705/574 1346/3704/574
f 1348/3710/574 220/3711/574 219/3709/574
f 1105/3713/574 225/3714/574 220/3711/574
f 216/3705/574 209/3706/574 171/3703/574
f 220/3711/574 1343/3715/574 1107/3712/574
f 1348/3710/574 1343/3715/574 220/3711/574
f 209/3706/574 174/3716/574 172/3707/574
f 1347/3717/575 1346/3718/575 1349/3719/575
f 1349/3719/575 1350/3720/575 1347/3717/575
f 1351/3721/576 1347/3722/576 1350/3723/576
f 1351/3721/576 1348/3724/576 1347/3722/576
f 1350/3723/576 1352/3725/576 1351/3721/576
f 1278/3726/577 1218/3727/577 1222/3728/577
f 1219/3729/577 1278/3726/577 1284/3730/577
f 1275/3731/577 1278/3726/577 1224/3732/577
f 1278/3726/577 1219/3729/577 1218/3727/577
f 1353/3733/577 1354/3734/577 1284/3730/577
f 1287/3735/577 1338/3736/577 1355/3737/577
f 1284/3730/577 1249/3738/577 1219/3729/577
f 1222/3728/577 1224/3732/577 1278/3726/577
f 1355/3737/577 1284/3730/577 1287/3735/577
f 1224/3732/577 1268/3739/577 1275/3731/577
f 1284/3730/577 1354/3734/577 1249/3738/577
f 1284/3730/577 1355/3737/577 1353/3733/577
f 1356/3740/578 1354/3741/578 1353/3742/578
f 1356/3740/578 1357/3743/578 1354/3741/578
f 1353/3742/578 1358/3744/578 1356/3740/578
f 1357/3745/579 1359/3746/579 1249/3747/579
f 1359/3746/579 1248/3748/579 1249/3747/579
f 1249/3747/579 1354/3749/579 1357/3745/579
f 1357/3745/579 1360/3750/579 1359/3746/579
f 1338/3751/580 1345/3752/580 1361/3753/580
f 1361/3753/580 1355/3754/580 1338/3751/580
f 1345/3752/580 1362/3755/580 1363/3756/580
f 1363/3756/580 1361/3753/580 1345/3752/580
f 1338/3751/580 1337/3757/580 1345/3752/580
f 1364/3758/581 1358/3759/581 1353/3760/581
f 1353/3760/581 1361/3761/581 1364/3758/581
f 1353/3760/581 1355/3762/581 1361/3761/581
f 1285/3763/582 1356/3764/582 1358/3765/582
f 1329/3766/582 1364/3767/582 1365/3768/582
f 1358/3765/582 1286/3769/582 1285/3763/582
f 1251/3770/582 1254/3771/582 1366/3772/582
f 1365/3768/582 1254/3771/582 1329/3766/582
f 1329/3766/582 1286/3769/582 1358/3765/582
f 1253/3773/582 1251/3770/582 1285/3763/582
f 1366/3772/582 1356/3764/582 1251/3770/582
f 1358/3765/582 1364/3767/582 1329/3766/582
f 1285/3763/582 1273/3774/582 1253/3773/582
f 1365/3768/582 1366/3772/582 1254/3771/582
f 1285/3763/582 1251/3770/582 1356/3764/582
f 1253/3773/582 1252/3775/582 1251/3770/582
f 1364/3776/583 1361/3777/583 1363/3778/583
f 1363/3778/583 1365/3779/583 1364/3776/583
f 1363/3778/583 1367/3780/583 1365/3779/583
f 1366/3781/584 1368/3782/584 1360/3783/584
f 1360/3783/584 1356/3784/584 1366/3781/584
f 1360/3783/584 1357/3785/584 1356/3784/584
f 1366/3786/585 1365/3787/585 1367/3788/585
f 1367/3788/585 1368/3789/585 1366/3786/585
f 1368/3790/586 1367/3791/586 1362/3792/586
f 1362/3792/586 1369/3793/586 1368/3790/586
f 1362/3792/586 1370/3794/586 1369/3793/586
f 1359/3795/586 1360/3796/586 1368/3790/586
f 1368/3790/586 1369/3793/586 1359/3795/586
f 1367/3791/586 1363/3797/586 1362/3792/586
f 927/3798/587 1371/3799/587 1372/3800/587
f 1371/3799/587 930/3801/587 1150/3802/587
f 1372/3800/587 1373/3803/587 927/3798/587
f 1150/3802/587 1174/3804/587 1371/3799/587
f 1371/3799/587 927/3798/587 930/3801/587
f 962/3805/587 924/3806/587 927/3798/587
f 924/3806/587 962/3805/587 964/3807/587
f 927/3798/587 1374/3808/587 962/3805/587
f 964/3807/587 932/3809/587 924/3806/587
f 932/3809/587 925/3810/587 924/3806/587
f 1373/3803/587 1374/3808/587 927/3798/587
f 1375/3811/588 1373/3812/588 1372/3813/588
f 1372/3813/588 1376/3814/588 1375/3811/588
f 1377/3815/589 1378/3816/589 1374/3817/589
f 1374/3817/589 1375/3818/589 1377/3815/589
f 1374/3817/589 1373/3819/589 1375/3818/589
f 983/3820/590 1206/3821/590 1379/3822/590
f 1377/3823/590 1375/3824/590 955/3825/590
f 1379/3822/590 1377/3823/590 983/3820/590
f 1184/3826/590 1079/3827/590 1376/3828/590
f 957/3829/590 944/3830/590 946/3831/590
f 1377/3823/590 957/3829/590 983/3820/590
f 955/3825/590 1375/3824/590 949/3832/590
f 1184/3826/590 1380/3833/590 1379/3822/590
f 1079/3827/590 1016/3834/590 1376/3828/590
f 946/3831/590 983/3820/590 957/3829/590
f 949/3832/590 952/3835/590 955/3825/590
f 1376/3828/590 1380/3833/590 1184/3826/590
f 946/3831/590 948/3836/590 983/3820/590
f 1379/3822/590 1206/3821/590 1184/3826/590
f 955/3825/590 957/3829/590 1377/3823/590
f 949/3832/590 1375/3824/590 1376/3828/590
f 1376/3828/590 1016/3834/590 949/3832/590
f 957/3829/590 951/3837/590 944/3830/590
f 1214/3838/591 984/3839/591 1381/3840/591
f 1382/3841/591 1193/3842/591 1197/3843/591
f 1381/3840/591 1382/3841/591 1210/3844/591
f 1173/3845/591 1382/3841/591 1371/3846/591
f 1382/3841/591 1173/3845/591 1193/3842/591
f 968/3847/591 1378/3848/591 1381/3840/591
f 1378/3848/591 965/3849/591 963/3850/591
f 1382/3841/591 1200/3851/591 1210/3844/591
f 1197/3843/591 1200/3851/591 1382/3841/591
f 1381/3840/591 984/3839/591 968/3847/591
f 963/3850/591 962/3852/591 1378/3848/591
f 1371/3846/591 1174/3853/591 1173/3845/591
f 962/3852/591 1374/3854/591 1378/3848/591
f 968/3847/591 965/3849/591 1378/3848/591
f 1381/3840/591 1210/3844/591 1214/3838/591
f 1380/3855/592 1376/3856/592 1372/3857/592
f 1372/3857/592 1382/3858/592 1380/3855/592
f 1372/3857/592 1371/3859/592 1382/3858/592
f 1378/3860/593 1377/3861/593 1379/3862/593
f 1379/3862/593 1381/3863/593 1378/3860/593
f 1382/3864/594 1381/3865/594 1379/3866/594
f 1379/3866/594 1380/3867/594 1382/3864/594
f 1383/3868/595 1384/3869/595 1292/3870/595
f 1300/3871/595 1292/3870/595 1384/3869/595
f 1332/3872/595 1385/3873/595 1383/3868/595
f 1332/3872/595 1304/3874/595 1384/3869/595
f 1384/3869/595 1304/3874/595 1300/3871/595
f 1384/3869/595 1385/3873/595 1332/3872/595
f 1292/3870/595 1283/3875/595 1383/3868/595
f 1283/3875/595 1282/3876/595 1383/3868/595
f 1383/3868/595 1282/3876/595 1332/3872/595
f 1385/3877/596 1384/3878/596 1386/3879/596
f 1386/3879/596 1387/3880/596 1385/3877/596
f 1383/3881/597 1388/3882/597 1386/3883/597
f 1386/3883/597 1384/3884/597 1383/3881/597
f 1383/3885/598 1385/3886/598 1387/3887/598
f 1387/3887/598 1388/3888/598 1383/3885/598
f 1386/3889/599 1351/3890/599 1389/3891/599
f 1344/3892/599 1387/3893/599 1386/3889/599
f 1389/3891/599 1390/3894/599 1386/3889/599
f 1388/3895/599 1343/3896/599 1348/3897/599
f 1386/3889/599 1391/3898/599 1344/3892/599
f 1344/3892/599 1342/3899/599 1388/3895/599
f 1348/3897/599 1386/3889/599 1388/3895/599
f 1388/3895/599 1387/3893/599 1344/3892/599
f 1388/3895/599 1342/3899/599 1343/3896/599
f 1386/3889/599 1348/3897/599 1351/3890/599
f 1386/3889/599 1390/3894/599 1391/3898/599
f 1352/3900/600 1392/3901/600 1393/3902/600
f 1393/3902/600 1389/3903/600 1351/3904/600
f 1352/3900/600 1394/3905/600 1392/3901/600
f 1393/3902/600 1351/3904/600 1352/3900/600
f 1393/3906/601 1392/3907/601 1395/3908/601
f 1395/3908/601 1396/3909/601 1393/3906/601
f 1397/3910/602 1392/3911/602 1394/3912/602
f 1397/3910/602 1395/3913/602 1392/3911/602
f 1394/3912/602 1398/3914/602 1397/3910/602
f 1394/3912/602 1399/3915/602 1398/3914/602
f 1397/3916/603 1400/3917/603 1396/3918/603
f 1400/3917/603 1401/3919/603 1396/3918/603
f 1396/3918/603 1395/3920/603 1397/3916/603
f 1390/3921/604 1389/3922/604 1393/3923/604
f 1402/3924/604 1396/3925/604 1401/3926/604
f 1396/3925/604 1402/3924/604 1390/3921/604
f 1403/3927/604 1401/3926/604 1404/3928/604
f 1393/3923/604 1396/3925/604 1390/3921/604
f 1401/3926/604 1403/3927/604 1402/3924/604
f 1404/3928/604 1405/3929/604 1403/3927/604
f 1405/3930/605 379/3931/605 1406/3932/605
f 1407/3933/605 1403/3934/605 1405/3930/605
f 379/3931/605 380/3935/605 1406/3932/605
f 1406/3932/605 1407/3933/605 1405/3930/605
f 1408/3936/606 1398/3937/606 1409/3938/606
f 1398/3937/606 1399/3939/606 1409/3938/606
f 1409/3938/606 1410/3940/606 1408/3936/606
f 1411/3941/607 392/3942/607 395/3943/607
f 1299/3944/607 1398/3945/607 1408/3946/607
f 393/3947/607 1411/3941/607 1412/3948/607
f 395/3943/607 1408/3946/607 1411/3941/607
f 1299/3944/607 1298/3949/607 1398/3945/607
f 1412/3948/607 398/3950/607 393/3947/607
f 1408/3946/607 1413/3951/607 1299/3944/607
f 1397/3952/607 1398/3945/607 1298/3949/607
f 1307/3953/607 1400/3954/607 1397/3952/607
f 395/3943/607 1413/3951/607 1408/3946/607
f 1397/3952/607 1303/3955/607 1307/3953/607
f 1307/3953/607 398/3950/607 1412/3948/607
f 1298/3949/607 1303/3955/607 1397/3952/607
f 393/3947/607 392/3942/607 1411/3941/607
f 1412/3948/607 1400/3954/607 1307/3953/607
f 1414/3956/608 1415/3957/608 377/3958/608
f 375/3959/608 379/3960/608 1416/3961/608
f 1415/3957/608 1417/3962/608 377/3958/608
f 1414/3956/608 374/3963/608 375/3959/608
f 1416/3961/608 1414/3956/608 375/3959/608
f 1405/3964/608 1404/3965/608 1416/3961/608
f 1416/3961/608 379/3960/608 1405/3964/608
f 377/3958/608 374/3963/608 1414/3956/608
f 1411/3966/609 1408/3967/609 1415/3968/609
f 1408/3967/609 1410/3969/609 1415/3968/609
f 1415/3968/609 1414/3970/609 1411/3966/609
f 1412/3971/610 1416/3972/610 1404/3973/610
f 1404/3973/610 1400/3974/610 1412/3971/610
f 1404/3973/610 1401/3975/610 1400/3974/610
f 1411/3976/611 1414/3977/611 1416/3978/611
f 1416/3978/611 1412/3979/611 1411/3976/611
f 1402/3980/612 1418/3981/612 1391/3982/612
f 1418/3981/612 1419/3983/612 1391/3982/612
f 1391/3982/612 1390/3984/612 1402/3980/612
f 1407/3985/613 1420/3986/613 1418/3987/613
f 1418/3987/613 1402/3988/613 1403/3989/613
f 1418/3987/613 1403/3989/613 1407/3985/613
f 1421/3990/614 1409/3991/614 1399/3992/614
f 1350/3993/614 1422/3994/614 1421/3990/614
f 1350/3993/614 1349/3995/614 1423/3996/614
f 1399/3992/614 1394/3997/614 1352/3998/614
f 1423/3996/614 1422/3994/614 1350/3993/614
f 1399/3992/614 1350/3993/614 1421/3990/614
f 1352/3998/614 1350/3993/614 1399/3992/614
f 1424/3999/615 1425/4000/615 1421/4001/615
f 1421/4001/615 1426/4002/615 1424/3999/615
f 1421/4001/615 1422/4003/615 1426/4002/615
f 1427/4004/616 1426/4005/616 1423/4006/616
f 1426/4005/616 1422/4007/616 1423/4006/616
f 1423/4006/616 1428/4008/616 1427/4004/616
f 1429/4009/617 1430/4010/617 1427/4011/617
f 1427/4011/617 1428/4012/617 1429/4009/617
f 1417/4013/618 1431/4014/618 1432/4015/618
f 168/4016/618 1429/4017/618 1428/4018/618
f 1432/4015/618 1429/4017/618 166/4019/618
f 1417/4013/618 1415/4020/618 1431/4014/618
f 1428/4018/618 171/4021/618 168/4016/618
f 1432/4015/618 1433/4022/618 1417/4013/618
f 1425/4023/618 1431/4014/618 1410/4024/618
f 166/4019/618 1433/4022/618 1432/4015/618
f 1431/4014/618 1415/4020/618 1410/4024/618
f 1428/4018/618 1423/4025/618 1346/4026/618
f 1410/4024/618 1409/4027/618 1425/4023/618
f 1423/4025/618 1349/4028/618 1346/4026/618
f 1409/4027/618 1421/4029/618 1425/4023/618
f 168/4016/618 166/4019/618 1429/4017/618
f 1346/4026/618 171/4021/618 1428/4018/618
f 1434/4030/619 1435/4031/619 1436/4032/619
f 1434/4030/619 202/4033/619 1430/4034/619
f 201/4035/619 200/4036/619 1427/4037/619
f 1293/4038/619 1426/4039/619 1427/4037/619
f 1430/4034/619 1435/4031/619 1434/4030/619
f 1430/4034/619 202/4033/619 201/4035/619
f 1427/4037/619 200/4036/619 1293/4038/619
f 1299/4040/619 1424/4041/619 1426/4039/619
f 1413/4042/619 1436/4032/619 1424/4041/619
f 1427/4037/619 1430/4034/619 201/4035/619
f 1426/4039/619 1296/4043/619 1299/4040/619
f 1436/4032/619 1413/4042/619 1434/4030/619
f 1424/4041/619 1299/4040/619 1413/4042/619
f 1293/4038/619 1296/4043/619 1426/4039/619
f 1431/4044/620 1436/4045/620 1435/4046/620
f 1435/4046/620 1432/4047/620 1431/4044/620
f 1430/4048/621 1429/4049/621 1432/4050/621
f 1432/4050/621 1435/4051/621 1430/4048/621
f 1431/4052/622 1425/4053/622 1424/4054/622
f 1424/4054/622 1436/4055/622 1431/4052/622
f 1437/4056/623 380/4057/623 378/4058/623
f 1438/4059/623 378/4058/623 382/4060/623
f 378/4058/623 1438/4059/623 1437/4056/623
f 1437/4056/623 1439/4061/623 1440/4062/623
f 1437/4056/623 1406/4063/623 380/4057/623
f 382/4060/623 403/4064/623 1438/4059/623
f 859/4065/623 1441/4066/623 1438/4059/623
f 1438/4059/623 403/4064/623 859/4065/623
f 1440/4062/623 1406/4063/623 1437/4056/623
f 1437/4067/624 1438/4068/624 1442/4069/624
f 1442/4069/624 1443/4070/624 1437/4067/624
f 1444/4071/625 1445/4072/625 1443/4073/625
f 1443/4073/625 469/4074/625 1444/4071/625
f 865/4075/625 478/4076/625 1446/4077/625
f 470/4078/625 469/4074/625 1443/4073/625
f 1446/4077/625 1445/4072/625 865/4075/625
f 478/4076/625 470/4078/625 1442/4079/625
f 1444/4071/625 865/4075/625 1445/4072/625
f 1443/4073/625 1442/4079/625 470/4078/625
f 1442/4079/625 1446/4077/625 478/4076/625
f 859/4080/626 858/4081/626 1447/4082/626
f 858/4081/626 1448/4083/626 1449/4084/626
f 1449/4084/626 1447/4082/626 858/4081/626
f 1448/4083/626 1440/4085/626 1439/4086/626
f 1439/4086/626 1449/4084/626 1448/4083/626
f 1447/4082/626 1441/4087/626 859/4080/626
f 1445/4088/627 1449/4089/627 1439/4090/627
f 1439/4090/627 1443/4091/627 1445/4088/627
f 1439/4090/627 1437/4092/627 1443/4091/627
f 1446/4093/628 1442/4094/628 1441/4095/628
f 1442/4094/628 1438/4096/628 1441/4095/628
f 1441/4095/628 1447/4097/628 1446/4093/628
f 1445/4098/629 1446/4099/629 1447/4100/629
f 1447/4100/629 1449/4101/629 1445/4098/629
f 1232/4102/630 1450/4103/630 1451/4104/630
f 1452/4105/630 1453/4106/630 1233/4107/630
f 1451/4104/630 1233/4107/630 1232/4102/630
f 1232/4102/630 1454/4108/630 1450/4103/630
f 1233/4107/630 1451/4104/630 1452/4105/630
f 1455/4109/631 1456/4110/631 1457/4111/631
f 1457/4111/631 1454/4112/631 1455/4109/631
f 1457/4111/631 1450/4113/631 1454/4112/631
f 1458/4114/632 1459/4115/632 1460/4116/632
f 1458/4114/632 1461/4117/632 1459/4115/632
f 1460/4116/632 1369/4118/632 1458/4114/632
f 1369/4118/632 1370/4119/632 1458/4114/632
f 1462/4120/633 1456/4121/633 1463/4122/633
f 1456/4121/633 1455/4123/633 1463/4122/633
f 1463/4122/633 1464/4124/633 1462/4120/633
f 1453/4125/634 1452/4126/634 1465/4127/634
f 1465/4127/634 1466/4128/634 1453/4125/634
f 1466/4128/634 1467/4129/634 1453/4125/634
f 1467/4130/635 1466/4131/635 1468/4132/635
f 1255/4133/636 1469/4134/636 1470/4135/636
f 1468/4136/636 1255/4133/636 1237/4137/636
f 1255/4133/636 1468/4136/636 1469/4134/636
f 1237/4137/636 1238/4138/636 1467/4139/636
f 1234/4140/636 1233/4141/636 1453/4142/636
f 1237/4137/636 1467/4139/636 1468/4136/636
f 1453/4142/636 1238/4138/636 1234/4140/636
f 1453/4142/636 1467/4139/636 1238/4138/636
f 1470/4135/636 1471/4143/636 1255/4133/636
f 1465/4144/637 1460/4145/637 1459/4146/637
f 1465/4144/637 1472/4147/637 1460/4145/637
f 1469/4148/637 1468/4149/637 1466/4150/637
f 1459/4146/637 1464/4151/637 1465/4144/637
f 1465/4144/637 1464/4151/637 1469/4148/637
f 1466/4150/637 1465/4144/637 1469/4148/637
f 1459/4146/637 1462/4152/637 1464/4151/637
f 1472/4153/636 1473/4154/636 1460/4155/636
f 1474/4156/638 1475/4157/638 1464/4158/638
f 1464/4158/638 1475/4157/638 1470/4159/638
f 1470/4159/638 1469/4160/638 1464/4158/638
f 1464/4158/638 1463/4161/638 1474/4156/638
f 1471/4162/639 1470/4163/639 1475/4164/639
f 1475/4164/639 1476/4165/639 1471/4162/639
f 1476/4165/639 1477/4166/639 1471/4162/639
f 1476/4167/640 1475/4168/640 1474/4169/640
f 1474/4169/640 1478/4170/640 1476/4167/640
f 1461/4171/641 1479/4172/641 1462/4173/641
f 1456/4174/641 1462/4173/641 1479/4172/641
f 1479/4172/641 1480/4175/641 1456/4174/641
f 1481/4176/641 1457/4177/641 1456/4174/641
f 1456/4174/641 1480/4175/641 1481/4176/641
f 1462/4173/641 1459/4178/641 1461/4171/641
f 1482/4179/642 1483/4180/642 1480/4181/642
f 1480/4181/642 1479/4182/642 1482/4179/642
f 1458/4183/643 1482/4184/643 1479/4185/643
f 1482/4184/643 1458/4183/643 1484/4186/643
f 1484/4186/643 1485/4187/643 1482/4184/643
f 1458/4183/643 1486/4188/643 1484/4186/643
f 1479/4185/643 1461/4189/643 1458/4183/643
f 1487/4190/644 1484/4191/644 1486/4192/644
f 1486/4192/644 1488/4193/644 1487/4190/644
f 1486/4192/644 1489/4194/644 1488/4193/644
f 1488/4195/645 1490/4196/645 1491/4197/645
f 1491/4197/645 1492/4198/645 1488/4195/645
f 1488/4195/645 1489/4199/645 1490/4196/645
f 1491/4197/645 1493/4200/645 1492/4198/645
f 1494/4201/646 1495/4202/646 1496/4203/646
f 1494/4201/646 1497/4204/646 1492/4205/646
f 1498/4206/646 1488/4207/646 1492/4205/646
f 1478/4208/646 1496/4203/646 1487/4209/646
f 1492/4205/646 1495/4202/646 1494/4201/646
f 1492/4205/646 1497/4204/646 1498/4206/646
f 1477/4210/646 1476/4211/646 1487/4209/646
f 1496/4203/646 1478/4208/646 1494/4201/646
f 1487/4209/646 1488/4207/646 1477/4210/646
f 1498/4206/646 1477/4210/646 1488/4207/646
f 1487/4209/646 1476/4211/646 1478/4208/646
f 1496/4212/647 1499/4213/647 1485/4214/647
f 1485/4214/647 1487/4215/647 1496/4212/647
f 1485/4214/647 1484/4216/647 1487/4215/647
f 1499/4217/648 1496/4218/648 1495/4219/648
f 1495/4219/648 1500/4220/648 1499/4217/648
f 1492/4221/649 1493/4222/649 1500/4223/649
f 1500/4223/649 1495/4224/649 1492/4221/649
f 1501/4225/650 1500/4226/650 1493/4227/650
f 1500/4226/650 1501/4225/650 1483/4228/650
f 1483/4228/650 1499/4229/650 1500/4226/650
f 1482/4230/650 1485/4231/650 1499/4229/650
f 1499/4229/650 1483/4228/650 1482/4230/650
f 1493/4227/650 1502/4232/650 1501/4225/650
f 1493/4227/650 1491/4233/650 1502/4232/650
f 1163/4234/651 1162/4235/651 1216/4236/651
f 1369/4237/651 1460/4238/651 1166/4239/651
f 1166/4239/651 1503/4240/651 1504/4241/651
f 1216/4236/651 1248/4242/651 1163/4234/651
f 1359/4243/651 1369/4237/651 1164/4244/651
f 1460/4238/651 1505/4245/651 1166/4239/651
f 1504/4241/651 1159/4246/651 1166/4239/651
f 1164/4244/651 1163/4234/651 1359/4243/651
f 1166/4239/651 1164/4244/651 1369/4237/651
f 1506/4247/651 1160/4248/651 1159/4246/651
f 1460/4238/651 1473/4249/651 1505/4245/651
f 1166/4239/651 1505/4245/651 1503/4240/651
f 1504/4241/651 1506/4247/651 1159/4246/651
f 1248/4242/651 1359/4243/651 1163/4234/651
f 1504/4250/652 1507/4251/652 1506/4252/652
f 1508/4253/653 1509/4254/653 1504/4255/653
f 1509/4254/653 1507/4256/653 1504/4255/653
f 1509/4254/653 1510/4257/653 1507/4256/653
f 1504/4255/653 1503/4258/653 1508/4253/653
f 1160/4259/654 1141/4260/654 1138/4261/654
f 1138/4261/654 1140/4262/654 1160/4259/654
f 1154/4263/654 1148/4264/654 1510/4265/654
f 1186/4266/654 1182/4267/654 1154/4263/654
f 1160/4259/654 1510/4265/654 1148/4264/654
f 1154/4263/654 1511/4268/654 1186/4266/654
f 1510/4265/654 1511/4268/654 1154/4263/654
f 1506/4269/654 1507/4270/654 1510/4265/654
f 1194/4271/654 1186/4266/654 1511/4268/654
f 1510/4265/654 1160/4259/654 1506/4269/654
f 1155/4272/654 1154/4263/654 1182/4267/654
f 1160/4259/654 1148/4264/654 1141/4260/654
f 1511/4268/654 1512/4273/654 1194/4271/654
f 1182/4267/654 1181/4274/654 1155/4272/654
f 1509/4275/655 1513/4276/655 1511/4277/655
f 1511/4277/655 1510/4278/655 1509/4275/655
f 1514/4279/656 1515/4280/656 1512/4281/656
f 1512/4281/656 1513/4282/656 1514/4279/656
f 1512/4281/656 1511/4283/656 1513/4282/656
f 1156/4284/657 1513/4285/657 1509/4286/657
f 1171/4287/657 1189/4288/657 1514/4289/657
f 1189/4288/657 1227/4290/657 1516/4291/657
f 1517/4292/657 1516/4291/657 1230/4293/657
f 1516/4291/657 1227/4290/657 1228/4294/657
f 1238/4295/657 1508/4296/657 1517/4292/657
f 1157/4297/657 1509/4286/657 1508/4296/657
f 1156/4284/657 1171/4287/657 1513/4285/657
f 1516/4291/657 1514/4289/657 1189/4288/657
f 1228/4294/657 1230/4293/657 1516/4291/657
f 1508/4296/657 1238/4295/657 1157/4297/657
f 1514/4289/657 1513/4285/657 1171/4287/657
f 1517/4292/657 1234/4298/657 1238/4295/657
f 1230/4293/657 1234/4298/657 1517/4292/657
f 1509/4286/657 1157/4297/657 1156/4284/657
f 1517/4299/658 1508/4300/658 1505/4301/658
f 1508/4300/658 1503/4302/658 1505/4301/658
f 1505/4301/658 1518/4303/658 1517/4299/658
f 1519/4304/659 1515/4305/659 1514/4306/659
f 1514/4306/659 1516/4307/659 1519/4304/659
f 1516/4308/660 1517/4309/660 1518/4310/660
f 1518/4310/660 1519/4311/660 1516/4308/660
f 1519/4312/661 1452/4313/661 1451/4314/661
f 1451/4314/661 1520/4315/661 1519/4312/661
f 1452/4313/661 1519/4312/661 1518/4316/661
f 1195/4317/661 1512/4318/661 1515/4319/661
f 1518/4316/661 1473/4320/661 1452/4313/661
f 1521/4321/661 1515/4319/661 1519/4312/661
f 1515/4319/661 1521/4321/661 1195/4317/661
f 1520/4315/661 1522/4322/661 1519/4312/661
f 1195/4317/661 1194/4323/661 1512/4318/661
f 1465/4324/661 1452/4313/661 1473/4320/661
f 1519/4312/661 1522/4322/661 1521/4321/661
f 1518/4316/661 1505/4325/661 1473/4320/661
f 1473/4320/661 1472/4326/661 1465/4324/661
f 1523/4327/662 1522/4328/662 1520/4329/662
f 1481/4330/663 1524/4331/663 1525/4332/663
f 1525/4332/663 1450/4333/663 1481/4330/663
f 1481/4330/663 1526/4334/663 1527/4335/663
f 1450/4333/663 1523/4336/663 1520/4337/663
f 1527/4335/663 1524/4331/663 1481/4330/663
f 1450/4333/663 1525/4332/663 1523/4336/663
f 1520/4337/663 1451/4338/663 1450/4333/663
f 1450/4333/663 1457/4339/663 1481/4330/663
f 1528/4340/664 1529/4341/664 1527/4342/664
f 1529/4341/664 1524/4343/664 1527/4342/664
f 1527/4342/664 1530/4344/664 1528/4340/664
f 1531/4345/665 1532/4346/665 1525/4347/665
f 1525/4347/665 1529/4348/665 1531/4345/665
f 1525/4347/665 1524/4349/665 1529/4348/665
f 1531/4350/666 1533/4351/666 1534/4352/666
f 1534/4352/666 1532/4353/666 1531/4350/666
f 1535/4354/667 1522/4355/667 1534/4356/667
f 1534/4356/667 1522/4355/667 1523/4357/667
f 1534/4356/667 1536/4358/667 1535/4354/667
f 1523/4357/667 1525/4359/667 1532/4360/667
f 1523/4357/667 1532/4360/667 1534/4356/667
f 1535/4354/667 1521/4361/667 1522/4355/667
f 1536/4362/668 1537/4363/668 1535/4364/668
f 1538/4365/669 1207/4366/669 1201/4367/669
f 1207/4366/669 1538/4365/669 1539/4368/669
f 1538/4365/669 1191/4369/669 1195/4370/669
f 1537/4371/669 1195/4370/669 1521/4372/669
f 1539/4368/669 1212/4373/669 1207/4366/669
f 1521/4372/669 1535/4374/669 1537/4371/669
f 1201/4367/669 1196/4375/669 1192/4376/669
f 1195/4370/669 1537/4371/669 1538/4365/669
f 1201/4367/669 1191/4369/669 1538/4365/669
f 1192/4376/669 1191/4369/669 1201/4367/669
f 1533/4377/670 1540/4378/670 1537/4379/670
f 1540/4378/670 1538/4380/670 1537/4379/670
f 1537/4379/670 1536/4381/670 1533/4377/670
f 1536/4381/670 1534/4382/670 1533/4377/670
f 1541/4383/671 1542/4384/671 1539/4385/671
f 1539/4385/671 1540/4386/671 1541/4383/671
f 1539/4385/671 1538/4387/671 1540/4386/671
f 1543/4388/672 1544/4389/672 1542/4390/672
f 1542/4390/672 1541/4391/672 1543/4388/672
f 1545/4392/673 1546/4393/673 1544/4394/673
f 1544/4394/673 1543/4395/673 1545/4392/673
f 1530/4396/674 1546/4397/674 1545/4398/674
f 1545/4398/674 1528/4399/674 1530/4396/674
f 1547/4400/675 1548/4401/675 1541/4402/675
f 1231/4403/675 1529/4404/675 1528/4405/675
f 1529/4404/675 1231/4403/675 1225/4406/675
f 1548/4401/675 1543/4407/675 1541/4402/675
f 1545/4408/675 1543/4407/675 1548/4401/675
f 1549/4409/675 1528/4405/675 1545/4408/675
f 1225/4406/675 1531/4410/675 1529/4404/675
f 1548/4401/675 1550/4411/675 1545/4408/675
f 1528/4405/675 1549/4409/675 1231/4403/675
f 1540/4412/675 1187/4413/675 1188/4414/675
f 1545/4408/675 1550/4411/675 1549/4409/675
f 1190/4415/675 1533/4416/675 1531/4410/675
f 1187/4413/675 1540/4412/675 1533/4416/675
f 1188/4414/675 1202/4417/675 1541/4402/675
f 1531/4410/675 1225/4406/675 1190/4415/675
f 1188/4414/675 1541/4402/675 1540/4412/675
f 1533/4416/675 1190/4415/675 1187/4413/675
f 1541/4402/675 1202/4417/675 1547/4400/675
f 1550/4418/676 1551/4419/676 1552/4420/676
f 1552/4420/676 1549/4421/676 1550/4418/676
f 1553/4422/677 1552/4423/677 1551/4424/677
f 1551/4424/677 1554/4425/677 1553/4422/677
f 1555/4426/678 1213/4427/678 1542/4428/678
f 1526/4429/678 1556/4430/678 1530/4431/678
f 1556/4430/678 1557/4432/678 1546/4433/678
f 1544/4434/678 1546/4433/678 1557/4432/678
f 1542/4428/678 1558/4435/678 1555/4426/678
f 1546/4433/678 1530/4431/678 1556/4430/678
f 1542/4428/678 1544/4434/678 1558/4435/678
f 1557/4432/678 1558/4435/678 1544/4434/678
f 1212/4436/678 1539/4437/678 1542/4428/678
f 1542/4428/678 1213/4427/678 1212/4436/678
f 1530/4431/678 1527/4438/678 1526/4429/678
f 1557/4439/679 1556/4440/679 1559/4441/679
f 1559/4441/679 1560/4442/679 1557/4439/679
f 1497/4443/680 1315/4444/680 1561/4445/680
f 1497/4443/680 1562/4446/680 1563/4447/680
f 1315/4444/680 1312/4448/680 1561/4445/680
f 1311/4449/680 1498/4450/680 1563/4447/680
f 1561/4445/680 1562/4446/680 1497/4443/680
f 1563/4447/680 1561/4445/680 1311/4449/680
f 1561/4445/680 1312/4448/680 1311/4449/680
f 1563/4447/680 1498/4450/680 1497/4443/680
f 1564/4451/681 1563/4452/681 1562/4453/681
f 1562/4453/681 1565/4454/681 1564/4451/681
f 1565/4455/682 1562/4456/682 1561/4457/682
f 1561/4457/682 1566/4458/682 1565/4455/682
f 1564/4459/683 1566/4460/683 1561/4461/683
f 1561/4461/683 1563/4462/683 1564/4459/683
f 1567/4463/684 1568/4464/684 1569/4465/684
f 1547/4466/684 1570/4467/684 1569/4465/684
f 1567/4463/684 1548/4468/684 1568/4464/684
f 1569/4465/684 1570/4467/684 1567/4463/684
f 1547/4466/684 1571/4469/684 1568/4464/684
f 1568/4464/684 1548/4468/684 1547/4466/684
f 1569/4465/684 1571/4469/684 1547/4466/684
f 1571/4470/685 1572/4471/685 1573/4472/685
f 1573/4472/685 1568/4473/685 1571/4470/685
f 1569/4474/686 1574/4475/686 1572/4476/686
f 1572/4476/686 1571/4477/686 1569/4474/686
f 1569/4478/687 1568/4479/687 1573/4480/687
f 1573/4480/687 1574/4481/687 1569/4478/687
f 1574/4482/688 1573/4483/688 1575/4484/688
f 1576/4485/688 1555/4486/688 1572/4487/688
f 1555/4486/688 1558/4488/688 1573/4483/688
f 1575/4484/688 1576/4485/688 1574/4482/688
f 1573/4483/688 1572/4487/688 1555/4486/688
f 1572/4487/688 1574/4482/688 1576/4485/688
f 1573/4483/688 1558/4488/688 1575/4484/688
f 1577/4489/689 1578/4490/689 1579/4491/689
f 1577/4489/689 1501/4492/689 1502/4493/689
f 1502/4493/689 1580/4494/689 1577/4489/689
f 1579/4491/689 1501/4492/689 1577/4489/689
f 1581/4495/690 1577/4496/690 1580/4497/690
f 1580/4497/690 1582/4498/690 1581/4495/690
f 1580/4497/690 1583/4499/690 1582/4498/690
f 1502/4500/691 1565/4501/691 1566/4502/691
f 1566/4502/691 1583/4503/691 1580/4504/691
f 1565/4501/691 1502/4500/691 1491/4505/691
f 1419/4506/691 1584/4507/691 1585/4508/691
f 1419/4506/691 1418/4509/691 1420/4510/691
f 1566/4502/691 1419/4506/691 1583/4503/691
f 1491/4505/691 1564/4511/691 1565/4501/691
f 1420/4510/691 1584/4507/691 1419/4506/691
f 1491/4505/691 1490/4512/691 1564/4511/691
f 1585/4508/691 1583/4503/691 1419/4506/691
f 1585/4508/691 1586/4513/691 1583/4503/691
f 1419/4506/691 1566/4502/691 1564/4511/691
f 1564/4511/691 1490/4512/691 1419/4506/691
f 1566/4502/691 1580/4504/691 1502/4500/691
f 1587/4514/692 1582/4515/692 1586/4516/692
f 1582/4515/692 1583/4517/692 1586/4516/692
f 1586/4516/692 1588/4518/692 1587/4514/692
f 1582/4519/693 1315/4520/693 1497/4521/693
f 1316/4522/693 1587/4523/693 1589/4524/693
f 1497/4521/693 1581/4525/693 1582/4519/693
f 1589/4524/693 1590/4526/693 1316/4522/693
f 1313/4527/693 1582/4519/693 1587/4523/693
f 1497/4521/693 1494/4528/693 1581/4525/693
f 1581/4525/693 1494/4528/693 1591/4529/693
f 1587/4523/693 1316/4522/693 1313/4527/693
f 1591/4529/693 1592/4530/693 1581/4525/693
f 1582/4519/693 1313/4527/693 1315/4520/693
f 1589/4524/693 1593/4531/693 1590/4526/693
f 1594/4532/694 1595/4533/694 1592/4534/694
f 1594/4532/694 1596/4535/694 1597/4536/694
f 1597/4536/694 1595/4533/694 1594/4532/694
f 1590/4537/694 1593/4538/694 1597/4536/694
f 1597/4536/694 1596/4535/694 1590/4537/694
f 1592/4534/694 1591/4539/694 1594/4532/694
f 1588/4540/695 1598/4541/695 1589/4542/695
f 1599/4543/695 1597/4544/695 1593/4545/695
f 1598/4541/695 1593/4545/695 1589/4542/695
f 1589/4542/695 1587/4546/695 1588/4540/695
f 1593/4545/695 1598/4541/695 1599/4543/695
f 1581/4547/696 1592/4548/696 1578/4549/696
f 1600/4550/696 1578/4549/696 1592/4548/696
f 1592/4548/696 1595/4551/696 1600/4550/696
f 1578/4549/696 1577/4552/696 1581/4547/696
f 1595/4553/697 1597/4554/697 1599/4555/697
f 1599/4555/697 1600/4556/697 1595/4553/697
f 1585/4557/698 1601/4558/698 1588/4559/698
f 1598/4560/698 1588/4559/698 1601/4558/698
f 1601/4558/698 1602/4561/698 1598/4560/698
f 1588/4559/698 1586/4562/698 1585/4557/698
f 1584/4563/699 1603/4564/699 1601/4565/699
f 1601/4565/699 1585/4566/699 1584/4563/699
f 1599/4567/700 1598/4568/700 1602/4569/700
f 1604/4570/700 1600/4571/700 1599/4567/700
f 1579/4572/700 1578/4573/700 1600/4571/700
f 1602/4569/700 1605/4574/700 1599/4567/700
f 1600/4571/700 1604/4570/700 1579/4572/700
f 1599/4567/700 1606/4575/700 1604/4570/700
f 1605/4574/700 1606/4575/700 1599/4567/700
f 1607/4576/701 1608/4577/701 1606/4578/701
f 1606/4578/701 1605/4579/701 1607/4576/701
f 1609/4580/702 1607/4581/702 1605/4582/702
f 1605/4582/702 1610/4583/702 1609/4580/702
f 1609/4580/702 1611/4584/702 1607/4581/702
f 1605/4582/702 1612/4585/702 1610/4583/702
f 1613/4586/703 1614/4587/703 1611/4588/703
f 1611/4588/703 1609/4589/703 1613/4586/703
f 1615/4590/704 862/4591/704 864/4592/704
f 1448/4593/704 862/4591/704 1615/4590/704
f 864/4592/704 1614/4594/704 1615/4590/704
f 864/4592/704 888/4595/704 1614/4594/704
f 888/4595/704 1616/4596/704 1611/4597/704
f 1611/4597/704 1614/4594/704 888/4595/704
f 1611/4597/704 1616/4596/704 1608/4598/704
f 1608/4598/704 1607/4599/704 1611/4597/704
f 858/4600/704 860/4601/704 862/4591/704
f 862/4591/704 1448/4593/704 858/4600/704
f 1615/4590/704 1617/4602/704 1448/4593/704
f 1614/4603/705 1613/4604/705 1618/4605/705
f 1619/4606/705 1620/4607/705 1618/4605/705
f 1619/4606/705 1615/4608/705 1621/4609/705
f 1618/4605/705 1615/4608/705 1614/4603/705
f 1621/4609/705 1620/4607/705 1619/4606/705
f 1618/4605/705 1613/4604/705 1619/4606/705
f 1618/4605/705 1621/4609/705 1615/4608/705
f 1610/4610/706 1612/4611/706 1622/4612/706
f 1622/4612/706 1623/4613/706 1610/4610/706
f 1624/4614/707 1625/4615/707 1623/4616/707
f 1623/4616/707 1622/4617/707 1624/4614/707
f 1625/4618/708 1626/4619/708 1317/4620/708
f 1316/4621/708 1590/4622/708 1623/4623/708
f 866/4624/708 865/4625/708 1619/4626/708
f 1627/4627/708 1619/4626/708 865/4625/708
f 1444/4628/708 1317/4620/708 1626/4619/708
f 1623/4623/708 1625/4618/708 1316/4621/708
f 882/4629/708 1613/4630/708 1609/4631/708
f 865/4625/708 1444/4628/708 1627/4627/708
f 1317/4620/708 1316/4621/708 1625/4618/708
f 1596/4632/708 1610/4633/708 1623/4623/708
f 1628/4634/708 1609/4631/708 1610/4633/708
f 1609/4631/708 1628/4634/708 882/4629/708
f 1626/4619/708 1627/4627/708 1444/4628/708
f 1610/4633/708 1596/4632/708 1628/4634/708
f 1619/4626/708 1613/4630/708 866/4624/708
f 882/4629/708 866/4624/708 1613/4630/708
f 1623/4623/708 1590/4622/708 1596/4632/708
f 1624/4635/708 1601/4636/708 1603/4637/708
f 1622/4638/708 1602/4639/708 1601/4636/708
f 1603/4637/708 1620/4640/708 1629/4641/708
f 1601/4636/708 1624/4635/708 1622/4638/708
f 1602/4639/708 1622/4638/708 1612/4642/708
f 1603/4637/708 1618/4643/708 1620/4640/708
f 1612/4642/708 1605/4644/708 1602/4639/708
f 1603/4637/708 1630/4645/708 1624/4635/708
f 1629/4641/708 1630/4645/708 1603/4637/708
f 1625/4646/709 1624/4647/709 1630/4648/709
f 1630/4648/709 1626/4649/709 1625/4646/709
f 1626/4650/710 1630/4651/710 1629/4652/710
f 1629/4652/710 1627/4653/710 1626/4650/710
f 1629/4652/710 1631/4654/710 1627/4653/710
f 1629/4655/711 1621/4656/711 1632/4657/711
f 1629/4655/711 1620/4658/711 1621/4656/711
f 1633/4659/711 1634/4660/711 1629/4655/711
f 1632/4657/711 1633/4659/711 1629/4655/711
f 1632/4661/712 1619/4662/712 1631/4663/712
f 1631/4663/712 1635/4664/712 1636/4665/712
f 1631/4663/712 1633/4666/712 1632/4661/712
f 1632/4661/712 1615/4667/712 1619/4662/712
f 1619/4662/712 1627/4668/712 1631/4663/712
f 1636/4665/712 1633/4666/712 1631/4663/712
f 1632/4661/712 1617/4669/712 1615/4667/712
f 1635/4670/713 1631/4671/713 1629/4672/713
f 1629/4672/713 1634/4673/713 1635/4670/713
f 1634/4673/713 1637/4674/713 1635/4670/713
f 1634/4675/714 1633/4676/714 1636/4677/714
f 1636/4677/714 1637/4678/714 1634/4675/714
f 1638/4679/715 1639/4680/715 1637/4681/715
f 1639/4680/715 1635/4682/715 1637/4681/715
f 1640/4683/715 1636/4684/715 1635/4682/715
f 1635/4682/715 1639/4680/715 1640/4683/715
f 1640/4683/715 1641/4685/715 1637/4681/715
f 1637/4681/715 1636/4684/715 1640/4683/715
f 1637/4681/715 1641/4685/715 1638/4679/715
f 1642/4686/716 1643/4687/716 1640/4688/716
f 1640/4688/716 1639/4689/716 1642/4686/716
f 1644/4690/717 1645/4691/717 1638/4692/717
f 1638/4692/717 1641/4693/717 1644/4690/717
f 1603/4694/718 1641/4695/718 1617/4696/718
f 1617/4696/718 1632/4697/718 1603/4694/718
f 1632/4697/718 1621/4698/718 1603/4694/718
f 1584/4699/718 1644/4700/718 1641/4695/718
f 1644/4700/718 1420/4701/718 1407/4702/718
f 1641/4695/718 1603/4694/718 1584/4699/718
f 1644/4700/718 1584/4699/718 1420/4701/718
f 1643/4703/718 1646/4704/718 1406/4705/718
f 1440/4706/718 1448/4707/718 1640/4708/718
f 1407/4702/718 1647/4709/718 1644/4700/718
f 1617/4696/718 1641/4695/718 1640/4708/718
f 1640/4708/718 1643/4703/718 1440/4706/718
f 1640/4708/718 1448/4707/718 1617/4696/718
f 1621/4698/718 1618/4710/718 1603/4694/718
f 1407/4702/718 1406/4705/718 1646/4704/718
f 1646/4704/718 1647/4709/718 1407/4702/718
f 1406/4705/718 1440/4706/718 1643/4703/718
f 469/4711/719 1642/4712/719 1639/4713/719
f 471/4714/719 1648/4715/719 1642/4712/719
f 1642/4712/719 469/4711/719 471/4714/719
f 1309/4716/719 1649/4717/719 1648/4715/719
f 1317/4718/719 1444/4719/719 1639/4713/719
f 1648/4715/719 471/4714/719 1309/4716/719
f 1314/4720/719 1645/4721/719 1649/4717/719
f 1317/4718/719 1638/4722/719 1645/4721/719
f 1639/4713/719 1444/4719/719 469/4711/719
f 1645/4721/719 1314/4720/719 1317/4718/719
f 1649/4717/719 1309/4716/719 1314/4720/719
f 1639/4713/719 1638/4722/719 1317/4718/719
f 1645/4723/720 1644/4724/720 1647/4725/720
f 1647/4725/720 1649/4726/720 1645/4723/720
f 1643/4727/721 1642/4728/721 1648/4729/721
f 1648/4729/721 1646/4730/721 1643/4727/721
f 1649/4731/722 1647/4732/722 1646/4733/722
f 1646/4733/722 1648/4734/722 1649/4731/722
f 1650/4735/723 814/4736/723 812/4737/723
f 814/4736/723 1650/4735/723 1651/4738/723
f 822/4739/723 1652/4740/723 812/4737/723
f 1651/4738/723 804/4741/723 814/4736/723
f 1652/4740/723 1653/4742/723 1654/4743/723
f 1652/4740/723 822/4739/723 824/4744/723
f 812/4737/723 1652/4740/723 1650/4735/723
f 824/4744/723 1653/4742/723 1652/4740/723
f 1654/4743/723 1655/4745/723 1652/4740/723
f 812/4737/723 811/4746/723 822/4739/723
f 1656/4747/724 1650/4748/724 1652/4749/724
f 1652/4749/724 1657/4750/724 1656/4747/724
f 1658/4751/725 1659/4752/725 1650/4753/725
f 1659/4752/725 1651/4754/725 1650/4753/725
f 1650/4753/725 1656/4755/725 1658/4751/725
f 1660/4756/726 1661/4757/726 1662/4758/726
f 1662/4758/726 1658/4759/726 1660/4756/726
f 1662/4758/726 1659/4760/726 1658/4759/726
f 1660/4761/727 1657/4762/727 1655/4763/727
f 1657/4762/727 1652/4764/727 1655/4763/727
f 1655/4763/727 1661/4765/727 1660/4761/727
f 1660/4766/728 1658/4767/728 818/4768/728
f 815/4769/728 818/4768/728 1658/4767/728
f 818/4768/728 1663/4770/728 1660/4766/728
f 817/4771/728 815/4769/728 1656/4772/728
f 1663/4770/728 1664/4773/728 1660/4766/728
f 1658/4767/728 1656/4772/728 815/4769/728
f 817/4771/728 1657/4774/728 1660/4766/728
f 1660/4766/728 1664/4773/728 817/4771/728
f 1656/4772/728 1657/4774/728 817/4771/728
f 889/4775/729 854/4776/729 1665/4777/729
f 846/4778/729 843/4779/729 841/4780/729
f 851/4781/729 795/4782/729 799/4783/729
f 1665/4777/729 1666/4784/729 889/4775/729
f 788/4785/729 795/4782/729 841/4780/729
f 841/4780/729 795/4782/729 851/4781/729
f 854/4776/729 799/4783/729 1665/4777/729
f 841/4780/729 837/4786/729 788/4785/729
f 799/4783/729 854/4776/729 851/4781/729
f 804/4787/729 1651/4788/729 1659/4789/729
f 841/4780/729 851/4781/729 846/4778/729
f 1662/4790/729 1667/4791/729 1665/4777/729
f 1665/4777/729 801/4792/729 804/4787/729
f 788/4785/729 789/4793/729 795/4782/729
f 1659/4789/729 1665/4777/729 804/4787/729
f 1665/4777/729 1659/4789/729 1662/4790/729
f 799/4783/729 801/4792/729 1665/4777/729
f 1668/4794/730 1669/4795/730 1666/4796/730
f 1666/4796/730 1670/4797/730 1668/4794/730
f 1666/4796/730 1665/4798/730 1670/4797/730
f 1668/4799/731 1671/4800/731 1672/4801/731
f 1672/4801/731 1669/4802/731 1668/4799/731
f 1670/4803/732 1663/4804/732 818/4805/732
f 1663/4804/732 1673/4806/732 1674/4807/732
f 818/4805/732 820/4808/732 1670/4803/732
f 1675/4809/732 1674/4807/732 1671/4810/732
f 1670/4803/732 1673/4806/732 1663/4804/732
f 882/4811/732 1668/4812/732 1670/4803/732
f 1628/4813/732 1671/4810/732 1668/4812/732
f 1674/4807/732 1675/4809/732 1663/4804/732
f 1668/4812/732 882/4811/732 1628/4813/732
f 1670/4803/732 820/4808/732 882/4811/732
f 1671/4810/732 1628/4813/732 1675/4809/732
f 1616/4814/733 1672/4815/733 1676/4816/733
f 1616/4814/733 1669/4817/733 1672/4815/733
f 889/4818/733 1669/4817/733 888/4819/733
f 1676/4816/733 1677/4820/733 1616/4814/733
f 888/4819/733 885/4821/733 889/4818/733
f 1669/4817/733 1616/4814/733 888/4819/733
f 889/4818/733 1666/4822/733 1669/4817/733
f 1676/4816/733 1678/4823/733 1677/4820/733
f 1671/4824/734 1674/4825/734 1676/4826/734
f 1676/4826/734 1672/4827/734 1671/4824/734
f 1675/4828/735 1679/4829/735 1664/4830/735
f 1675/4828/735 1680/4831/735 1681/4832/735
f 1681/4832/735 1679/4829/735 1675/4828/735
f 1664/4830/735 1663/4833/735 1675/4828/735
f 1680/4834/736 1682/4835/736 1683/4836/736
f 1680/4834/736 1684/4837/736 1682/4835/736
f 1683/4836/736 1681/4838/736 1680/4834/736
f 1685/4839/737 1679/4840/737 1681/4841/737
f 1681/4841/737 1683/4842/737 1685/4839/737
f 1683/4842/737 1686/4843/737 1685/4839/737
f 1683/4844/738 1682/4845/738 1687/4846/738
f 1687/4846/738 1686/4847/738 1683/4844/738
f 1688/4848/739 1689/4849/739 1685/4850/739
f 1690/4851/739 1685/4850/739 1689/4849/739
f 1686/4852/739 1687/4853/739 1688/4848/739
f 1685/4850/739 1686/4852/739 1688/4848/739
f 1689/4849/739 1691/4854/739 1690/4851/739
f 1691/4855/740 1689/4856/740 1692/4857/740
f 1693/4858/740 1691/4855/740 1694/4859/740
f 1689/4856/740 1695/4860/740 1692/4857/740
f 1692/4857/740 1694/4859/740 1691/4855/740
f 1694/4859/740 1696/4861/740 1693/4858/740
f 1692/4862/741 1697/4863/741 1694/4864/741
f 1693/4865/742 1696/4866/742 1698/4867/742
f 1698/4867/742 1699/4868/742 1693/4865/742
f 1700/4869/743 1701/4870/743 1699/4871/743
f 1699/4871/743 1698/4872/743 1700/4869/743
f 1702/4873/744 1682/4874/744 1684/4875/744
f 1688/4876/744 1687/4877/744 1682/4874/744
f 1684/4875/744 1554/4878/744 1703/4879/744
f 1701/4880/744 1703/4879/744 1554/4878/744
f 1548/4881/744 1699/4882/744 1701/4880/744
f 1548/4881/744 1567/4883/744 1693/4884/744
f 1684/4875/744 1703/4879/744 1702/4873/744
f 1554/4878/744 1551/4885/744 1701/4880/744
f 1693/4884/744 1699/4882/744 1548/4881/744
f 1693/4884/744 1567/4883/744 1690/4886/744
f 1551/4885/744 1550/4887/744 1701/4880/744
f 1690/4886/744 1691/4888/744 1693/4884/744
f 1701/4880/744 1550/4887/744 1548/4881/744
f 1682/4874/744 1702/4873/744 1688/4876/744
f 1703/4889/745 1704/4890/745 1705/4891/745
f 1705/4891/745 1702/4892/745 1703/4889/745
f 1703/4893/746 1701/4894/746 1700/4895/746
f 1700/4895/746 1704/4896/746 1703/4893/746
f 1706/4897/747 1689/4898/747 1688/4899/747
f 1702/4900/747 1705/4901/747 1707/4902/747
f 1707/4902/747 1688/4899/747 1702/4900/747
f 1688/4899/747 1707/4902/747 1706/4897/747
f 1706/4897/747 1695/4903/747 1689/4898/747
f 1673/4904/748 1670/4905/748 1667/4906/748
f 1670/4905/748 1665/4907/748 1667/4906/748
f 1667/4906/748 1708/4908/748 1709/4909/748
f 1667/4906/748 1709/4909/748 1673/4904/748
f 1710/4910/749 1709/4911/749 1708/4912/749
f 1674/4913/750 1673/4914/750 1678/4915/750
f 1673/4914/750 1709/4916/750 1710/4917/750
f 1710/4917/750 1678/4915/750 1673/4914/750
f 1678/4915/750 1676/4918/750 1674/4913/750
f 1667/4919/751 1711/4920/751 1710/4921/751
f 1710/4921/751 1708/4922/751 1667/4919/751
f 1710/4923/752 1711/4924/752 1678/4925/752
f 1661/4926/753 1678/4927/753 1711/4928/753
f 1677/4929/753 1661/4926/753 1712/4930/753
f 1711/4928/753 1667/4931/753 1661/4926/753
f 1712/4930/753 1713/4932/753 1677/4929/753
f 1654/4933/753 1712/4930/753 1661/4926/753
f 1677/4929/753 1678/4927/753 1661/4926/753
f 1667/4931/753 1662/4934/753 1661/4926/753
f 1661/4926/753 1655/4935/753 1654/4933/753
f 1705/4936/754 1704/4937/754 1714/4938/754
f 1558/4939/754 1698/4940/754 1696/4941/754
f 1558/4939/754 1557/4942/754 1700/4943/754
f 1704/4937/754 1700/4943/754 1560/4944/754
f 1704/4937/754 1715/4945/754 1714/4938/754
f 1707/4946/754 1705/4936/754 1716/4947/754
f 1696/4941/754 1694/4948/754 1697/4949/754
f 1700/4943/754 1698/4940/754 1558/4939/754
f 1700/4943/754 1557/4942/754 1560/4944/754
f 1716/4947/754 1717/4950/754 1707/4946/754
f 1696/4941/754 1575/4951/754 1558/4939/754
f 1714/4938/754 1716/4947/754 1705/4936/754
f 1560/4944/754 1715/4945/754 1704/4937/754
f 1697/4949/754 1575/4951/754 1696/4941/754
f 1718/4952/755 1719/4953/755 1707/4954/755
f 1707/4954/755 1717/4955/755 1718/4952/755
f 1719/4953/755 1706/4956/755 1707/4954/755
f 1719/4957/756 1718/4958/756 1720/4959/756
f 1720/4959/756 1721/4960/756 1719/4957/756
f 1720/4961/757 1718/4962/757 1717/4963/757
f 1717/4963/757 1716/4964/757 1720/4961/757
f 1722/4965/758 1723/4966/758 1714/4967/758
f 1714/4967/758 1715/4968/758 1722/4965/758
f 1716/4969/759 1714/4970/759 1724/4971/759
f 1724/4971/759 1720/4972/759 1716/4969/759
f 1724/4971/759 1721/4973/759 1720/4972/759
f 1724/4971/759 1712/4974/759 1721/4973/759
f 1724/4971/759 1713/4975/759 1712/4974/759
f 1714/4970/759 1723/4976/759 1724/4971/759
f 1724/4971/759 1725/4977/759 1713/4975/759
f 1726/4978/760 1723/4979/760 1722/4980/760
f 1722/4980/760 1727/4981/760 1726/4978/760
f 1726/4978/760 1724/4982/760 1723/4979/760
f 1722/4980/760 1728/4983/760 1727/4981/760
f 1560/4984/761 1559/4985/761 1728/4986/761
f 1728/4986/761 1722/4987/761 1560/4984/761
f 1728/4986/761 1559/4985/761 1729/4988/761
f 1729/4988/761 1730/4989/761 1728/4986/761
f 1722/4987/761 1715/4990/761 1560/4984/761
f 1731/4991/762 1730/4992/762 1729/4993/762
f 1732/4994/763 1727/4995/763 1731/4996/763
f 1727/4995/763 1730/4997/763 1731/4996/763
f 1727/4995/763 1728/4998/763 1730/4997/763
f 1731/4996/763 1733/4999/763 1732/4994/763
f 1734/5000/764 1732/5001/764 1735/5002/764
f 1732/5001/764 1733/5003/764 1735/5002/764
f 1735/5002/764 1736/5004/764 1734/5000/764
f 1727/5005/765 1553/5006/765 1554/5007/765
f 1554/5007/765 1726/5008/765 1727/5005/765
f 1737/5009/765 1726/5008/765 1684/5010/765
f 1675/5011/765 1738/5012/765 1737/5009/765
f 1596/5013/765 1734/5014/765 1738/5012/765
f 1596/5013/765 1594/5015/765 1732/5016/765
f 1684/5010/765 1680/5017/765 1737/5009/765
f 1737/5009/765 1680/5017/765 1675/5011/765
f 1732/5016/765 1734/5014/765 1596/5013/765
f 1553/5006/765 1727/5005/765 1732/5016/765
f 1675/5011/765 1628/5018/765 1738/5012/765
f 1732/5016/765 1594/5015/765 1553/5006/765
f 1738/5012/765 1628/5018/765 1596/5013/765
f 1554/5007/765 1684/5010/765 1726/5008/765
f 1739/5019/766 1736/5020/766 1606/5021/766
f 1739/5019/766 1616/5022/766 1677/5023/766
f 1604/5024/766 1606/5021/766 1736/5020/766
f 1606/5021/766 1608/5025/766 1739/5019/766
f 1677/5023/766 1713/5026/766 1739/5019/766
f 1608/5025/766 1616/5022/766 1739/5019/766
f 1713/5026/766 1725/5027/766 1740/5028/766
f 1713/5026/766 1740/5028/766 1739/5019/766
f 1736/5020/766 1735/5029/766 1604/5024/766
f 1737/5030/767 1740/5031/767 1725/5032/767
f 1725/5032/767 1726/5033/767 1737/5030/767
f 1725/5032/767 1724/5034/767 1726/5033/767
f 1738/5035/768 1734/5036/768 1736/5037/768
f 1736/5037/768 1739/5038/768 1738/5035/768
f 1740/5039/769 1737/5040/769 1738/5041/769
f 1738/5041/769 1739/5042/769 1740/5039/769
f 1576/5043/770 1741/5044/770 1742/5045/770
f 1214/5046/770 1213/5047/770 1742/5045/770
f 1742/5045/770 1213/5047/770 1555/5048/770
f 1743/5049/770 1744/5050/770 1741/5044/770
f 1745/5051/770 984/5052/770 1214/5046/770
f 1741/5044/770 1576/5043/770 1743/5049/770
f 985/5053/770 984/5052/770 1745/5051/770
f 1742/5045/770 1555/5048/770 1576/5043/770
f 1742/5045/770 1745/5051/770 1214/5046/770
f 1745/5051/770 1746/5054/770 985/5053/770
f 1747/5055/771 1742/5056/771 1741/5057/771
f 1741/5057/771 1748/5058/771 1747/5055/771
f 1749/5059/772 1745/5060/772 1742/5061/772
f 1742/5061/772 1747/5062/772 1749/5059/772
f 1547/5063/773 1747/5064/773 1748/5065/773
f 982/5066/773 1750/5067/773 1749/5068/773
f 1570/5069/773 1748/5065/773 1751/5070/773
f 1748/5065/773 1570/5069/773 1547/5063/773
f 1749/5068/773 983/5071/773 982/5066/773
f 998/5072/773 1751/5070/773 1750/5067/773
f 1547/5063/773 1202/5073/773 1747/5064/773
f 1206/5074/773 1749/5068/773 1747/5064/773
f 1750/5067/773 982/5066/773 998/5072/773
f 1747/5064/773 1202/5073/773 1206/5074/773
f 1751/5070/773 998/5072/773 1570/5069/773
f 1749/5068/773 1206/5074/773 983/5071/773
f 1749/5075/774 1750/5076/774 1746/5077/774
f 1750/5076/774 1752/5078/774 1746/5077/774
f 1746/5077/774 1745/5079/774 1749/5075/774
f 1748/5080/775 1741/5081/775 1744/5082/775
f 1744/5082/775 1751/5083/775 1748/5080/775
f 1744/5082/775 1753/5084/775 1751/5083/775
f 1751/5085/776 1753/5086/776 1752/5087/776
f 1752/5087/776 1750/5088/776 1751/5085/776
f 1653/5089/777 823/5090/777 996/5091/777
f 996/5091/777 1002/5092/777 1754/5093/777
f 1653/5089/777 824/5094/777 821/5095/777
f 1753/5096/777 1744/5097/777 1743/5098/777
f 1001/5099/777 1752/5100/777 1753/5096/777
f 985/5101/777 1746/5102/777 1752/5100/777
f 821/5095/777 823/5090/777 1653/5089/777
f 1743/5098/777 1755/5103/777 1753/5096/777
f 1752/5100/777 1001/5099/777 985/5101/777
f 996/5091/777 1754/5093/777 1653/5089/777
f 1755/5103/777 1756/5104/777 1753/5096/777
f 1002/5092/777 1753/5096/777 1754/5093/777
f 986/5105/777 985/5101/777 1001/5099/777
f 1753/5096/777 1002/5092/777 1001/5099/777
f 1756/5104/777 1754/5093/777 1753/5096/777
f 1001/5099/777 987/5106/777 986/5105/777
f 1757/5107/778 1758/5108/778 1755/5109/778
f 1758/5108/778 1756/5110/778 1755/5109/778
f 1755/5109/778 1759/5111/778 1757/5107/778
f 1760/5112/779 1761/5113/779 1754/5114/779
f 1754/5114/779 1758/5115/779 1760/5112/779
f 1754/5114/779 1756/5116/779 1758/5115/779
f 1760/5117/780 1762/5118/780 1763/5119/780
f 1763/5119/780 1761/5120/780 1760/5117/780
f 1764/5121/781 1697/5122/781 1692/5123/781
f 1719/5124/781 1763/5125/781 1695/5126/781
f 1764/5121/781 1575/5127/781 1697/5122/781
f 1695/5126/781 1706/5128/781 1719/5124/781
f 1654/5129/781 1653/5130/781 1761/5131/781
f 1759/5132/781 1755/5133/781 1743/5134/781
f 1764/5121/781 1759/5132/781 1576/5135/781
f 1692/5123/781 1765/5136/781 1764/5121/781
f 1719/5124/781 1721/5137/781 1763/5125/781
f 1761/5131/781 1763/5125/781 1654/5129/781
f 1576/5135/781 1575/5127/781 1764/5121/781
f 1695/5126/781 1763/5125/781 1765/5136/781
f 1763/5125/781 1712/5138/781 1654/5129/781
f 1692/5123/781 1695/5126/781 1765/5136/781
f 1743/5134/781 1576/5135/781 1759/5132/781
f 1653/5130/781 1754/5139/781 1761/5131/781
f 1721/5137/781 1712/5138/781 1763/5125/781
f 1757/5140/782 1766/5141/782 1567/5142/782
f 1685/5143/782 1767/5144/782 1762/5145/782
f 1767/5144/782 1685/5143/782 1690/5146/782
f 1567/5142/782 1570/5147/782 1757/5140/782
f 1570/5147/782 998/5148/782 1758/5149/782
f 1690/5146/782 1766/5141/782 1767/5144/782
f 1758/5149/782 1757/5140/782 1570/5147/782
f 998/5148/782 816/5150/782 1760/5151/782
f 1664/5152/782 1762/5145/782 1760/5151/782
f 1766/5141/782 1690/5146/782 1567/5142/782
f 816/5150/782 817/5153/782 1760/5151/782
f 1760/5151/782 817/5153/782 1664/5152/782
f 1760/5151/782 1758/5149/782 998/5148/782
f 1762/5145/782 1679/5154/782 1685/5143/782
f 1664/5152/782 1679/5154/782 1762/5145/782
f 1764/5155/783 1765/5156/783 1767/5157/783
f 1767/5157/783 1766/5158/783 1764/5155/783
f 1762/5159/784 1767/5160/784 1765/5161/784
f 1765/5161/784 1763/5162/784 1762/5159/784
f 1757/5163/785 1759/5164/785 1764/5165/785
f 1764/5165/785 1766/5166/785 1757/5163/785
f 376/5167/786 377/5168/786 1768/5169/786
f 1769/5170/786 376/5167/786 1770/5171/786
f 1768/5169/786 1770/5171/786 376/5167/786
f 1433/5172/786 1771/5173/786 1768/5169/786
f 1433/5172/786 1769/5170/786 1772/5174/786
f 377/5168/786 1417/5175/786 1768/5169/786
f 1772/5174/786 1771/5173/786 1433/5172/786
f 1768/5169/786 1417/5175/786 1433/5172/786
f 1770/5171/786 1772/5174/786 1769/5170/786
f 394/5176/787 1773/5177/787 1774/5178/787
f 1774/5178/787 1413/5179/787 395/5180/787
f 1775/5181/787 1776/5182/787 1773/5177/787
f 1775/5181/787 1434/5183/787 1777/5184/787
f 1434/5183/787 1413/5179/787 1774/5178/787
f 1773/5177/787 394/5176/787 1775/5181/787
f 1774/5178/787 1777/5184/787 1434/5183/787
f 1777/5184/787 1776/5182/787 1775/5181/787
f 1774/5178/787 395/5180/787 394/5176/787
f 1774/5185/788 1773/5186/788 1770/5187/788
f 1770/5187/788 1768/5188/788 1774/5185/788
f 1772/5189/789 1770/5190/789 1773/5191/789
f 1773/5191/789 1776/5192/789 1772/5189/789
f 1777/5193/790 1771/5194/790 1772/5195/790
f 1772/5195/790 1776/5196/790 1777/5193/790
f 1771/5197/791 1777/5198/791 1774/5199/791
f 1774/5199/791 1768/5200/791 1771/5197/791
f 170/5201/792 1778/5202/792 1779/5203/792
f 1779/5203/792 1780/5204/792 170/5201/792
f 1779/5203/792 1778/5202/792 1781/5205/792
f 170/5201/792 169/5206/792 1782/5207/792
f 170/5201/792 1782/5207/792 1778/5202/792
f 169/5206/792 1783/5208/792 1781/5205/792
f 1781/5205/792 1782/5207/792 169/5206/792
f 1781/5205/792 1783/5208/792 1779/5203/792
f 1781/5209/793 1778/5210/793 1784/5211/793
f 1784/5211/793 1785/5212/793 1781/5209/793
f 1781/5213/794 1785/5214/794 1786/5215/794
f 1786/5215/794 1782/5216/794 1781/5213/794
f 1786/5217/795 1784/5218/795 1778/5219/795
f 1778/5219/795 1782/5220/795 1786/5217/795
f 1783/5221/796 1787/5222/796 1788/5223/796
f 1788/5223/796 1779/5224/796 1783/5221/796
f 1784/5225/797 204/5226/797 1789/5227/797
f 1784/5225/797 1786/5228/797 204/5226/797
f 205/5229/797 1786/5228/797 1785/5230/797
f 1789/5227/797 1790/5231/797 1784/5225/797
f 1790/5231/797 1791/5232/797 1785/5230/797
f 1786/5228/797 205/5229/797 204/5226/797
f 1785/5230/797 1791/5232/797 205/5229/797
f 1785/5230/797 1784/5225/797 1790/5231/797
f 1791/5233/798 1790/5234/798 1792/5235/798
f 1792/5235/798 1793/5236/798 1791/5233/798
f 1794/5237/799 162/5238/799 123/5239/799
f 302/5240/799 1787/5241/799 1795/5242/799
f 123/5239/799 120/5243/799 1794/5237/799
f 117/5244/799 1796/5245/799 1797/5246/799
f 1796/5245/799 232/5247/799 302/5240/799
f 169/5248/799 162/5238/799 1794/5237/799
f 1795/5242/799 1787/5241/799 1783/5249/799
f 119/5250/799 128/5251/799 117/5244/799
f 162/5238/799 142/5252/799 123/5239/799
f 117/5244/799 128/5251/799 1796/5245/799
f 1796/5245/799 128/5251/799 232/5247/799
f 1783/5249/799 1794/5237/799 1795/5242/799
f 117/5244/799 116/5253/799 119/5250/799
f 1797/5246/799 120/5243/799 117/5244/799
f 1794/5237/799 1783/5249/799 169/5248/799
f 120/5243/799 1797/5246/799 1794/5237/799
f 119/5250/799 126/5254/799 128/5251/799
f 1795/5242/799 1796/5245/799 302/5240/799
f 1798/5255/800 199/5256/800 205/5257/800
f 71/5258/800 81/5259/800 77/5260/800
f 1793/5261/800 84/5262/800 1799/5263/800
f 205/5257/800 1791/5264/800 1798/5255/800
f 71/5258/800 1799/5263/800 81/5259/800
f 1799/5263/800 1800/5265/800 1793/5261/800
f 153/5266/800 1801/5267/800 1799/5263/800
f 158/5268/800 199/5256/800 1798/5255/800
f 1791/5264/800 1800/5265/800 1798/5255/800
f 84/5262/800 81/5259/800 1799/5263/800
f 1799/5263/800 73/5269/800 153/5266/800
f 1798/5255/800 153/5266/800 158/5268/800
f 77/5260/800 74/5270/800 71/5258/800
f 1798/5255/800 1801/5267/800 153/5266/800
f 1799/5263/800 71/5258/800 73/5269/800
f 1791/5264/800 1793/5261/800 1800/5265/800
f 1794/5271/801 1798/5272/801 1800/5273/801
f 1800/5273/801 1795/5274/801 1794/5271/801
f 1795/5275/802 1800/5276/802 1799/5277/802
f 1799/5277/802 1796/5278/802 1795/5275/802
f 1797/5279/803 1796/5280/803 1799/5281/803
f 1799/5281/803 1801/5282/803 1797/5279/803
f 1798/5283/804 1794/5284/804 1797/5285/804
f 1797/5285/804 1801/5286/804 1798/5283/804
f 1802/5287/805 1803/5288/805 306/5289/805
f 304/5290/805 1803/5288/805 1804/5291/805
f 306/5289/805 309/5292/805 1802/5287/805
f 309/5292/805 1788/5293/805 1805/5294/805
f 1787/5295/805 1804/5291/805 1805/5294/805
f 1787/5295/805 302/5296/805 304/5290/805
f 1805/5294/805 1802/5287/805 309/5292/805
f 1804/5291/805 1787/5295/805 304/5290/805
f 1805/5294/805 1788/5293/805 1787/5295/805
f 1803/5288/805 304/5290/805 306/5289/805
f 1806/5297/806 90/5298/806 87/5299/806
f 1793/5300/806 1807/5301/806 1808/5302/806
f 90/5298/806 1806/5297/806 1809/5303/806
f 87/5299/806 85/5304/806 1808/5302/806
f 1808/5302/806 85/5304/806 1793/5300/806
f 1793/5300/806 1792/5305/806 1809/5303/806
f 87/5299/806 1808/5302/806 1806/5297/806
f 1809/5303/806 1807/5301/806 1793/5300/806
f 85/5304/806 84/5306/806 1793/5300/806
f 1809/5303/806 1792/5305/806 90/5298/806
f 1809/5307/807 1805/5308/807 1804/5309/807
f 1804/5309/807 1807/5310/807 1809/5307/807
f 1806/5311/808 1808/5312/808 1803/5313/808
f 1803/5313/808 1802/5314/808 1806/5311/808
f 1807/5315/809 1804/5316/809 1803/5317/809
f 1803/5317/809 1808/5318/809 1807/5315/809
f 1809/5319/810 1806/5320/810 1802/5321/810
f 1802/5321/810 1805/5322/810 1809/5319/810
f 39/5323/811 40/5324/811 1810/5325/811
f 15/5326/811 21/5327/811 32/5328/811
f 40/5324/811 1811/5329/811 1810/5325/811
f 1810/5325/811 15/5326/811 39/5323/811
f 906/5330/811 912/5331/811 1811/5329/811
f 1810/5325/811 11/5332/811 15/5326/811
f 708/5333/811 1812/5334/811 1813/5335/811
f 659/5336/811 1814/5337/811 1812/5334/811
f 21/5327/811 15/5326/811 17/5338/811
f 32/5328/811 39/5323/811 15/5326/811
f 11/5332/811 1814/5337/811 3/5339/811
f 1813/5335/811 756/5340/811 708/5333/811
f 659/5336/811 4/5341/811 1814/5337/811
f 1811/5329/811 40/5324/811 906/5330/811
f 3/5339/811 2/5342/811 11/5332/811
f 1812/5334/811 708/5333/811 659/5336/811
f 912/5331/811 780/5343/811 756/5340/811
f 11/5332/811 1810/5325/811 1814/5337/811
f 756/5340/811 1811/5329/811 912/5331/811
f 1814/5337/811 4/5341/811 3/5339/811
f 17/5338/811 19/5344/811 21/5327/811
f 1813/5335/811 1811/5329/811 756/5340/811
f 728/5345/812 1815/5346/812 1816/5347/812
f 728/5345/812 772/5348/812 1817/5349/812
f 772/5348/812 702/5350/812 1818/5351/812
f 1816/5347/812 687/5352/812 728/5345/812
f 1818/5351/812 1817/5349/812 772/5348/812
f 699/5353/812 1819/5354/812 1818/5351/812
f 688/5355/812 1816/5347/812 1819/5354/812
f 1817/5349/812 1815/5346/812 728/5345/812
f 1819/5354/812 699/5353/812 688/5355/812
f 1818/5351/812 702/5350/812 699/5353/812
f 1816/5347/812 688/5355/812 687/5352/812
f 1811/5356/813 1818/5357/813 1819/5358/813
f 1819/5358/813 1810/5359/813 1811/5356/813
f 1815/5360/814 1812/5361/814 1814/5362/814
f 1814/5362/814 1816/5363/814 1815/5360/814
f 1813/5364/815 1812/5365/815 1815/5366/815
f 1815/5366/815 1817/5367/815 1813/5364/815
f 1818/5368/816 1811/5369/816 1813/5370/816
f 1813/5370/816 1817/5371/816 1818/5368/816
f 1819/5372/817 1816/5373/817 1814/5374/817
f 1814/5374/817 1810/5375/817 1819/5372/817
f 1820/5376/818 1821/5377/818 315/5378/818
f 308/5379/818 1822/5380/818 1823/5381/818
f 311/5382/818 1821/5377/818 1822/5380/818
f 1821/5377/818 311/5382/818 315/5378/818
f 1788/5383/818 1824/5384/818 1820/5376/818
f 1822/5380/818 308/5379/818 311/5382/818
f 1825/5385/818 1780/5386/818 1820/5376/818
f 1820/5376/818 1780/5386/818 1779/5387/818
f 1788/5383/818 309/5388/818 1823/5381/818
f 315/5378/818 1825/5385/818 1820/5376/818
f 1823/5381/818 1824/5384/818 1788/5383/818
f 1820/5376/818 1779/5387/818 1788/5383/818
f 1823/5381/818 309/5388/818 308/5379/818
f 1792/5389/819 1790/5390/819 1826/5391/819
f 93/5392/819 91/5393/819 1827/5394/819
f 1792/5389/819 1828/5395/819 1829/5396/819
f 1826/5391/819 1828/5395/819 1792/5389/819
f 1830/5397/819 1826/5391/819 1831/5398/819
f 1830/5397/819 96/5399/819 93/5392/819
f 91/5393/819 90/5400/819 1829/5396/819
f 1790/5390/819 1789/5401/819 1826/5391/819
f 1831/5398/819 96/5399/819 1830/5397/819
f 1829/5396/819 1827/5394/819 91/5393/819
f 1826/5391/819 1789/5401/819 1831/5398/819
f 1829/5396/819 90/5400/819 1792/5389/819
f 1827/5394/819 1830/5397/819 93/5392/819
f 1822/5402/820 1827/5403/820 1829/5404/820
f 1829/5404/820 1823/5405/820 1822/5402/820
f 1821/5406/821 1830/5407/821 1827/5408/821
f 1827/5408/821 1822/5409/821 1821/5406/821
f 1829/5410/822 1828/5411/822 1824/5412/822
f 1824/5412/822 1823/5413/822 1829/5410/822
f 1820/5414/823 1824/5415/823 1828/5416/823
f 1828/5416/823 1826/5417/823 1820/5414/823
f 1826/5418/824 1830/5419/824 1821/5420/824
f 1821/5420/824 1820/5421/824 1826/5418/824
f 314/5422/825 1832/5423/825 1833/5424/825
f 1832/5423/825 317/5425/825 342/5426/825
f 1833/5424/825 315/5427/825 314/5422/825
f 342/5426/825 1834/5428/825 1832/5423/825
f 342/5426/825 371/5429/825 1834/5428/825
f 371/5429/825 376/5430/825 1835/5431/825
f 315/5427/825 1833/5424/825 1836/5432/825
f 1835/5431/825 1834/5428/825 371/5429/825
f 1769/5433/825 1837/5434/825 1835/5431/825
f 1825/5435/825 1836/5432/825 1837/5434/825
f 314/5422/825 317/5425/825 1832/5423/825
f 1837/5434/825 1769/5433/825 1825/5435/825
f 1835/5431/825 376/5430/825 1769/5433/825
f 1836/5432/825 1825/5435/825 315/5427/825
f 1838/5436/826 1839/5437/826 349/5438/826
f 94/5439/826 96/5440/826 1840/5441/826
f 1839/5437/826 389/5442/826 349/5438/826
f 1838/5436/826 99/5443/826 94/5439/826
f 389/5442/826 1839/5437/826 1841/5444/826
f 1840/5441/826 1838/5436/826 94/5439/826
f 349/5438/826 99/5443/826 1838/5436/826
f 96/5440/826 1831/5445/826 1842/5446/826
f 1842/5446/826 1840/5441/826 96/5440/826
f 1831/5445/826 1775/5447/826 1843/5448/826
f 1843/5448/826 1842/5446/826 1831/5445/826
f 1775/5447/826 394/5449/826 1841/5444/826
f 1841/5444/826 1843/5448/826 1775/5447/826
f 1841/5444/826 394/5449/826 389/5442/826
f 1833/5450/827 1832/5451/827 1838/5452/827
f 1838/5452/827 1840/5453/827 1833/5450/827
f 1832/5454/828 1834/5455/828 1839/5456/828
f 1839/5456/828 1838/5457/828 1832/5454/828
f 1835/5458/829 1837/5459/829 1843/5460/829
f 1843/5460/829 1841/5461/829 1835/5458/829
f 1839/5462/830 1834/5463/830 1835/5464/830
f 1835/5464/830 1841/5465/830 1839/5462/830
f 1833/5466/831 1840/5467/831 1842/5468/831
f 1842/5468/831 1836/5469/831 1833/5466/831
f 1842/5470/832 1843/5471/832 1837/5472/832
f 1837/5472/832 1836/5473/832 1842/5470/832
f 1769/5474/833 1844/5475/833 1845/5476/833
f 1846/5477/833 1844/5475/833 1769/5474/833
f 1845/5476/833 1847/5478/833 170/5479/833
f 1769/5474/833 1433/5480/833 1846/5477/833
f 1433/5480/833 166/5481/833 1848/5482/833
f 170/5479/833 1780/5483/833 1845/5476/833
f 1848/5482/833 1846/5477/833 1433/5480/833
f 167/5484/833 170/5479/833 1847/5478/833
f 1845/5476/833 1825/5485/833 1769/5474/833
f 1780/5483/833 1825/5485/833 1845/5476/833
f 167/5484/833 1849/5486/833 1848/5482/833
f 1848/5482/833 166/5481/833 167/5484/833
f 1847/5478/833 1849/5486/833 167/5484/833
f 1775/5487/834 1850/5488/834 1851/5489/834
f 1775/5487/834 1831/5490/834 1852/5491/834
f 1789/5492/834 204/5493/834 1853/5494/834
f 1852/5491/834 1850/5488/834 1775/5487/834
f 1852/5491/834 1831/5490/834 1789/5492/834
f 203/5495/834 1854/5496/834 1853/5494/834
f 203/5495/834 202/5497/834 1855/5498/834
f 1853/5494/834 1852/5491/834 1789/5492/834
f 1855/5498/834 1854/5496/834 203/5495/834
f 1853/5494/834 204/5493/834 203/5495/834
f 1434/5499/834 1851/5489/834 1855/5498/834
f 1855/5498/834 202/5497/834 1434/5499/834
f 1851/5489/834 1434/5499/834 1775/5487/834
f 1846/5500/835 1848/5501/835 1855/5502/835
f 1855/5502/835 1851/5503/835 1846/5500/835
f 1847/5504/836 1845/5505/836 1852/5506/836
f 1852/5506/836 1853/5507/836 1847/5504/836
f 1846/5508/837 1851/5509/837 1850/5510/837
f 1850/5510/837 1844/5511/837 1846/5508/837
f 1845/5512/838 1844/5513/838 1850/5514/838
f 1850/5514/838 1852/5515/838 1845/5512/838
f 1847/5516/839 1853/5517/839 1854/5518/839
f 1854/5518/839 1849/5519/839 1847/5516/839
f 1855/5520/840 1848/5521/840 1849/5522/840
f 1849/5522/840 1854/5523/840 1855/5520/840
f 1856/5524/841 1229/5525/841 1231/5526/841
f 1857/5527/841 1858/5528/841 1552/5529/841
f 1859/5530/841 1860/5531/841 1594/5532/841
f 1591/5533/841 1494/5534/841 1861/5535/841
f 1455/5536/841 1478/5537/841 1474/5538/841
f 1231/5526/841 1549/5539/841 1858/5528/841
f 1858/5528/841 1549/5539/841 1552/5529/841
f 1553/5540/841 1594/5532/841 1860/5531/841
f 1861/5535/841 1859/5530/841 1591/5533/841
f 1856/5524/841 1862/5541/841 1455/5536/841
f 1455/5536/841 1861/5535/841 1478/5537/841
f 1552/5529/841 1553/5540/841 1857/5527/841
f 1594/5532/841 1591/5533/841 1859/5530/841
f 1455/5536/841 1454/5542/841 1856/5524/841
f 1861/5535/841 1494/5534/841 1478/5537/841
f 1860/5531/841 1857/5527/841 1553/5540/841
f 1474/5538/841 1463/5543/841 1455/5536/841
f 1229/5525/841 1856/5524/841 1454/5542/841
f 1862/5541/841 1861/5535/841 1455/5536/841
f 1231/5526/841 1858/5528/841 1856/5524/841
f 1454/5542/841 1232/5544/841 1229/5525/841
f 1863/5545/842 1559/5546/842 1556/5547/842
f 1559/5546/842 1863/5545/842 1864/5548/842
f 1865/5549/842 1863/5545/842 1526/5550/842
f 1480/5551/842 1866/5552/842 1865/5549/842
f 1483/5553/842 1501/5554/842 1867/5555/842
f 1864/5548/842 1733/5556/842 1731/5557/842
f 1864/5548/842 1729/5558/842 1559/5546/842
f 1865/5549/842 1481/5559/842 1480/5551/842
f 1866/5552/842 1480/5551/842 1483/5553/842
f 1556/5547/842 1526/5550/842 1863/5545/842
f 1867/5555/842 1866/5552/842 1483/5553/842
f 1579/5560/842 1868/5561/842 1867/5555/842
f 1579/5560/842 1604/5562/842 1869/5563/842
f 1526/5550/842 1481/5559/842 1865/5549/842
f 1869/5563/842 1868/5561/842 1579/5560/842
f 1869/5563/842 1604/5562/842 1733/5556/842
f 1867/5555/842 1501/5554/842 1579/5560/842
f 1604/5562/842 1735/5564/842 1733/5556/842
f 1733/5556/842 1864/5548/842 1869/5563/842
f 1731/5557/842 1729/5558/842 1864/5548/842
f 1865/5565/843 1866/5566/843 1862/5567/843
f 1862/5567/843 1856/5568/843 1865/5565/843
f 1863/5569/844 1858/5570/844 1857/5571/844
f 1857/5571/844 1864/5572/844 1863/5569/844
f 1869/5573/845 1860/5574/845 1859/5575/845
f 1859/5575/845 1868/5576/845 1869/5573/845
f 1861/5577/846 1867/5578/846 1868/5579/846
f 1868/5579/846 1859/5580/846 1861/5577/846
f 1867/5581/847 1861/5582/847 1862/5583/847
f 1862/5583/847 1866/5584/847 1867/5581/847
f 1856/5585/848 1858/5586/848 1863/5587/848
f 1863/5587/848 1865/5588/848 1856/5585/848
f 1864/5589/849 1857/5590/849 1860/5591/849
f 1860/5591/849 1869/5592/849 1864/5589/849
f 1870/5593/850 1489/5594/850 1486/5595/850
f 1370/5596/850 1871/5597/850 1870/5593/850
f 1370/5596/850 1362/5598/850 1872/5599/850
f 1345/5600/850 1873/5601/850 1872/5599/850
f 1419/5602/850 1490/5603/850 1874/5604/850
f 1870/5593/850 1458/5605/850 1370/5596/850
f 1872/5599/850 1362/5598/850 1345/5600/850
f 1345/5600/850 1344/5606/850 1875/5607/850
f 1344/5606/850 1391/5608/850 1874/5604/850
f 1874/5604/850 1391/5608/850 1419/5602/850
f 1872/5599/850 1871/5597/850 1370/5596/850
f 1874/5604/850 1875/5607/850 1344/5606/850
f 1490/5603/850 1876/5609/850 1874/5604/850
f 1875/5607/850 1873/5601/850 1345/5600/850
f 1489/5594/850 1870/5593/850 1876/5609/850
f 1490/5603/850 1489/5594/850 1876/5609/850
f 1486/5595/850 1458/5605/850 1870/5593/850
f 1498/5610/851 1311/5611/851 1877/5612/851
f 1311/5611/851 1306/5613/851 1877/5612/851
f 1477/5614/851 1878/5615/851 1879/5616/851
f 1878/5615/851 1477/5614/851 1498/5610/851
f 1329/5617/851 1254/5618/851 1880/5619/851
f 1255/5620/851 1881/5621/851 1880/5619/851
f 1471/5622/851 1879/5616/851 1881/5621/851
f 1877/5612/851 1878/5615/851 1498/5610/851
f 1332/5623/851 1882/5624/851 1877/5612/851
f 1880/5619/851 1254/5618/851 1255/5620/851
f 1879/5616/851 1471/5622/851 1477/5614/851
f 1877/5612/851 1304/5625/851 1332/5623/851
f 1332/5623/851 1329/5617/851 1883/5626/851
f 1881/5621/851 1255/5620/851 1471/5622/851
f 1883/5626/851 1882/5624/851 1332/5623/851
f 1877/5612/851 1306/5613/851 1304/5625/851
f 1880/5619/851 1883/5626/851 1329/5617/851
f 1878/5627/852 1876/5628/852 1870/5629/852
f 1870/5629/852 1879/5630/852 1878/5627/852
f 1881/5631/853 1879/5632/853 1870/5633/853
f 1870/5633/853 1871/5634/853 1881/5631/853
f 1880/5635/854 1872/5636/854 1873/5637/854
f 1873/5637/854 1883/5638/854 1880/5635/854
f 1878/5639/855 1877/5640/855 1874/5641/855
f 1874/5641/855 1876/5642/855 1878/5639/855
f 1882/5643/856 1875/5644/856 1874/5645/856
f 1874/5645/856 1877/5646/856 1882/5643/856
f 1875/5647/857 1882/5648/857 1883/5649/857
f 1883/5649/857 1873/5650/857 1875/5647/857
f 1881/5651/858 1871/5652/858 1872/5653/858
f 1872/5653/858 1880/5654/858 1881/5651/858
